timestamp,host,traffic_in,traffic_out,latency_ms,packet_loss,service_state,anomaly_flag
2025-12-25 09:06:23.003538,FW1,98.05238250328131,78.33950593590568,22.903333261036906,0.37082728245672375,0,0
2025-12-25 09:07:23.003538,FW2,78.57478116029752,86.19908134591185,9.580803067532804,0.46561516347838855,0,0
2025-12-25 09:08:23.003538,APP14,97.63400013322044,82.48225241078681,14.720532843192156,0.39847179971694674,0,0
2025-12-25 09:09:23.003538,SW5,61.42478828463773,67.17379268711937,12.553103636744115,0.35853444906570453,0,0
2025-12-25 09:10:23.003538,SW9,101.2400859025979,58.40161634341419,17.88151367575613,0.8133434334998748,0,0
2025-12-25 09:11:23.003538,SW4,66.16837565445717,36.52401531912034,31.62434522557552,0.531223743339823,0,0
2025-12-25 09:12:23.003538,APP11,569.5644604859101,325.6174018688324,78.98877707549784,1.4946165952661783,1,1
2025-12-25 09:13:23.003538,APP12,80.45005046442336,65.20116788636857,20.75943427777901,0.4863772423194613,0,0
2025-12-25 09:14:23.003538,APP10,67.63890281835575,78.90040277723992,28.523591812860563,0.8523985904620892,0,0
2025-12-25 09:15:23.003538,R3,113.28484330554596,63.653481032497716,26.797070837985043,0.6411292395906172,0,0
2025-12-25 09:16:23.003538,APP15,94.61018353282648,105.29188058337341,29.104086524819973,0.45296390033183376,0,0
2025-12-25 09:17:23.003538,DB1,84.1449472281231,92.21856192730515,16.720734207601254,0.17300341792216378,0,0
2025-12-25 09:18:23.003538,APP15,69.87968745583811,43.61654610100702,25.42930495289136,0.7138760779021216,0,0
2025-12-25 09:19:23.003538,DB3,94.40857645858553,93.9640204884602,24.084975347207397,0.5738258349341927,0,0
2025-12-25 09:20:23.003538,R3,89.56948587873576,84.17964048213324,23.62154796716508,0.47209386990321955,0,0
2025-12-25 09:21:23.003538,SW1,61.46308712290735,83.56250438326424,17.319710675732054,0.6980922339163099,0,0
2025-12-25 09:22:23.003538,SW2,94.88151826575961,72.4458655451536,35.85200873790464,0.29937863772094664,0,0
2025-12-25 09:23:23.003538,DB5,105.28924298876198,71.45448016269498,23.723120446651265,0.4491855601096231,0,0
2025-12-25 09:24:23.003538,DB1,22.944123346949695,75.7476511193281,28.353489516281552,0.670955480089317,0,0
2025-12-25 09:25:23.003538,APP5,82.54714179813445,79.78433299795097,18.683427696329773,0.24249474135281895,0,0
2025-12-25 09:26:23.003538,APP5,59.03800112955679,87.5408579954084,32.19003810623343,0.6290629016142635,0,0
2025-12-25 09:27:23.003538,APP6,111.94736302500584,70.28666255324138,17.463813210303826,0.6064083735650658,0,0
2025-12-25 09:28:23.003538,DB4,58.03736249265663,76.69224374909635,12.193756395375884,0.5784597202938461,0,0
2025-12-25 09:29:23.003538,APP2,94.97916885087646,83.4534539934433,28.640529480169942,0.6528280833487126,0,0
2025-12-25 09:30:23.003538,DB2,98.77106654280314,98.21850347752874,38.899873982188154,0.5109237148102697,0,0
2025-12-25 09:31:23.003538,APP6,64.97805593142004,83.81075112322247,31.37024607520057,0.33670338848651593,0,0
2025-12-25 09:32:23.003538,FW3,81.28500804616574,50.48015393988228,26.320052756355196,0.35779813071952404,0,0
2025-12-25 09:33:23.003538,FW1,257.2154601838967,317.2963444990193,194.46855752048867,3.3462200342038857,2,1
2025-12-25 09:34:23.003538,FW3,106.15604141394849,52.41969516015851,10.367179211387525,0.7233916795924495,0,0
2025-12-25 09:35:23.003538,APP12,103.80588981461906,138.00397006465664,8.23821671495729,0.5340666539064122,0,0
2025-12-25 09:36:23.003538,SW3,62.90529434790714,88.94622341421683,27.544400344081247,0.6347556448118161,0,0
2025-12-25 09:37:23.003538,APP2,84.15998479687644,51.29791568150635,43.59527480911567,0.4015635753096778,0,0
2025-12-25 09:38:23.003538,FW3,80.74149206943336,93.22512467405552,16.047610849276005,0.43098850187555793,0,0
2025-12-25 09:39:23.003538,SW2,101.00701043896578,73.82735125756952,13.238217899463386,0.5629818796050869,0,0
2025-12-25 09:40:23.003538,APP13,34.111455505911614,63.496530258508734,22.22630662530334,0.6258742258443779,0,0
2025-12-25 09:41:23.003538,APP8,274.7468127676327,172.12879244063987,73.76909175242072,2.2912070462442955,3,1
2025-12-25 09:42:23.003538,SW5,57.71529705543308,37.97579827375601,35.30310452999032,0.6370229600305141,0,0
2025-12-25 09:43:23.003538,DB3,59.3683271700452,66.80242843677352,38.26926218465856,0.8564600805078433,0,0
2025-12-25 09:44:23.003538,SW6,51.69198246469385,89.4756137060098,25.928926812556792,0.6910938951336426,0,0
2025-12-25 09:45:23.003538,DB1,91.54113580455055,57.62999110788074,37.463764346945396,0.510873111135626,0,0
2025-12-25 09:46:23.003538,SW3,78.39917711702887,23.85943551773775,-0.7480382486511914,0.33236367788998705,0,0
2025-12-25 09:47:23.003538,APP11,81.02361890126551,108.48501088352859,11.155026377558668,0.3531689036799667,0,0
2025-12-25 09:48:23.003538,SW1,43.205632400001775,78.8119558468695,26.10945629730317,0.6484872500946952,0,0
2025-12-25 09:49:23.003538,APP3,116.87742729956568,78.64922518857257,37.67478341080533,0.504889638288832,0,0
2025-12-25 09:50:23.003538,APP6,104.01798757089537,89.66421359815499,39.01422640719552,0.7375691649292686,0,0
2025-12-25 09:51:23.003538,R1,80.01909676486834,66.22924145695875,13.435403735627192,0.5424880756130128,0,0
2025-12-25 09:52:23.003538,SW1,108.03112618944537,82.77644706235904,24.534571128186187,0.33041917068798377,0,0
2025-12-25 09:53:23.003538,R3,57.50940136714069,22.73039672418826,26.84657599184382,0.5604632688831748,0,0
2025-12-25 09:54:23.003538,SW9,77.39344996125801,66.97143369107688,11.035122145831924,0.725817674850081,0,0
2025-12-25 09:55:23.003538,APP13,100.91852025409482,77.34535808496311,21.365319098243,0.26593221513557264,0,0
2025-12-25 09:56:23.003538,DB2,97.48960753722497,86.46430766443437,10.424145834996557,0.4324604969288278,0,0
2025-12-25 09:57:23.003538,SW9,118.97795810401324,89.38012342694618,24.987358814507914,0.7281558343406972,0,0
2025-12-25 09:58:23.003538,DB1,73.88814932663503,50.53912955894477,28.123630221965364,0.781506621550009,0,0
2025-12-25 09:59:23.003538,APP1,92.67708346742661,51.34659140966738,20.363386904053378,0.36760457157848436,0,0
2025-12-25 10:00:23.003538,APP12,106.98201692336363,65.72102834591854,31.71915199145422,0.4089892345419922,0,0
2025-12-25 10:01:23.003538,SW4,50.39141483054981,54.743450845384324,19.985972842789035,0.6689368281180893,0,0
2025-12-25 10:02:23.003538,APP5,56.84270521686891,78.57777937932644,20.56157152110948,0.4009375057781714,0,0
2025-12-25 10:03:23.003538,SW1,113.14628629190665,82.41850392361513,20.485688126457607,0.5199023955168739,0,0
2025-12-25 10:04:23.003538,R2,97.11726131078328,91.72379258541434,35.51922098841764,0.4442552691883045,0,0
2025-12-25 10:05:23.003538,APP12,94.37098081842285,85.3309427436723,24.74129309423971,0.4210429315439226,0,0
2025-12-25 10:06:23.003538,APP4,74.29531760852281,67.36755310108565,26.704577673102477,0.25202240307769097,0,0
2025-12-25 10:07:23.003538,APP14,78.86237541791868,61.2790391397246,12.59954714208807,0.5247578382330621,0,0
2025-12-25 10:08:23.003538,DB3,85.49995144568942,71.31586385193648,20.13047462385495,0.30888981139758676,0,0
2025-12-25 10:09:23.003538,SW9,67.55657630784822,49.64380196824402,22.930900655403683,0.13662931764879854,0,0
2025-12-25 10:10:23.003538,DB2,360.940364007704,163.15718859660845,166.60386715213588,0.6224215351901377,2,1
2025-12-25 10:11:23.003538,SW10,99.43280894277197,94.22162191327894,24.7227451710481,0.9042703131344254,0,0
2025-12-25 10:12:23.003538,DB4,56.16839112728581,40.2577538835651,27.755326015095488,0.6899502343809231,0,0
2025-12-25 10:13:23.003538,APP7,78.80171675329679,48.96858859894466,13.93537335329609,0.37664975357826247,0,0
2025-12-25 10:14:23.003538,SW10,66.78362033370071,49.395167883664676,21.64371796450281,0.22155620568151863,0,0
2025-12-25 10:15:23.003538,SW2,93.35576981080055,76.85454085473074,37.27162993095292,1.1270818674903769,0,0
2025-12-25 10:16:23.003538,APP6,94.5617663430007,42.88030108046053,22.58117209443517,0.5493262212611452,0,0
2025-12-25 10:17:23.003538,APP5,26.87199761700866,50.57353237406569,23.615986562530743,1.02340385380849,0,0
2025-12-25 10:18:23.003538,R3,101.36750157113858,95.33167241401495,26.371543563299706,0.6236912585861474,0,0
2025-12-25 10:19:23.003538,SW5,96.11546988340726,80.12221141099855,11.19730730840473,0.331576909206315,0,0
2025-12-25 10:20:23.003538,R2,56.49916862864777,62.064460852593776,36.719460682316225,0.7409045936246221,0,0
2025-12-25 10:21:23.003538,APP12,83.47880155552788,81.718735510262,20.113064358365268,0.3322819864106278,0,0
2025-12-25 10:22:23.003538,SW2,463.2924491566097,136.51620844762678,211.85773155971535,2.432865032056743,2,1
2025-12-25 10:23:23.003538,APP12,33.03512432982722,59.63616536205164,19.100683697544735,0.40621029604888703,0,0
2025-12-25 10:24:23.003538,SW6,99.43665668551098,51.9594316211936,41.532815932072445,0.6334626730887706,0,0
2025-12-25 10:25:23.003538,APP14,82.38497662088018,53.05643418363595,25.325596742102668,0.6932102390014434,0,0
2025-12-25 10:26:23.003538,DB3,98.5069833371966,80.35067088099954,28.261105738440936,0.5036738192388308,0,0
2025-12-25 10:27:23.003538,APP8,42.65134981398213,86.08004361828003,48.506827805476135,0.4193365469167999,0,0
2025-12-25 10:28:23.003538,DB3,409.1545203566192,283.7222620012443,110.73775313858734,0.37063819791420594,1,1
2025-12-25 10:29:23.003538,APP15,93.55949473383998,73.84102433176567,9.070416674716528,0.18833034613781924,0,0
2025-12-25 10:30:23.003538,SW5,637.8953646739286,120.11503057998901,86.37361275153626,3.1646859108457823,1,1
2025-12-25 10:31:23.003538,SW7,109.70468146303216,50.38456427468337,26.779319298101672,0.3682547447191904,0,0
2025-12-25 10:32:23.003538,DB4,86.67224541420524,102.01561021792543,20.936693455419466,0.3157464612162284,0,0
2025-12-25 10:33:23.003538,SW3,86.90912957593554,108.15648550994406,24.20719190207155,0.5967407119141721,0,0
2025-12-25 10:34:23.003538,APP4,83.19696846480409,81.47814822387132,35.781212983298616,0.5071270509776759,0,0
2025-12-25 10:35:23.003538,SW10,59.82971749655317,91.56231751360895,32.04470578218928,0.8058127031547033,0,0
2025-12-25 10:36:23.003538,SW7,306.13626061057465,253.77012116412703,105.36050077041119,2.4017240223501983,1,1
2025-12-25 10:37:23.003538,APP8,89.66948876961436,89.9617429757669,3.97574435963735,0.8036202742459511,0,0
2025-12-25 10:38:23.003538,SW2,241.63980854459666,149.23878135142544,234.35288089018286,2.1406607839775287,2,1
2025-12-25 10:39:23.003538,FW3,35.760382651259064,84.06725203273217,31.736498608391898,0.48723222904808183,0,0
2025-12-25 10:40:23.003538,SW6,111.51062001853477,82.82800355074109,6.052837709295503,0.6301631624759509,0,0
2025-12-25 10:41:23.003538,DB2,72.38529895300456,84.48383049020413,22.93917018405139,0.6124656750995284,0,0
2025-12-25 10:42:23.003538,FW1,53.49536392061037,79.88223388844041,35.898961001556,0.4684523193609775,0,0
2025-12-25 10:43:23.003538,DB3,76.71592303751459,74.82088662987161,27.28527749870167,0.734516448550976,0,0
2025-12-25 10:44:23.003538,APP11,70.56795855902008,49.37335659426124,37.980033030718786,0.45863874196325927,0,0
2025-12-25 10:45:23.003538,APP9,55.02365704331323,67.89565690664492,20.464312645082707,0.5790168042859544,0,0
2025-12-25 10:46:23.003538,DB5,105.86769836974166,80.91312871645844,27.309631105221968,0.4415332447840036,0,0
2025-12-25 10:47:23.003538,R1,67.16350799806521,105.67570939600391,16.185864319247713,0.24035455662433064,0,0
2025-12-25 10:48:23.003538,APP12,73.46534718172538,61.90185826563853,16.354568039294488,0.5404840069109349,0,0
2025-12-25 10:49:23.003538,R2,71.96458830790557,50.734431412598354,22.825742694017976,0.3819208226915233,0,0
2025-12-25 10:50:23.003538,SW10,108.77285538767214,66.31938520840373,34.649196314046605,0.27496532276705143,0,0
2025-12-25 10:51:23.003538,APP14,56.990534936869864,88.77480819838883,28.906127194919023,0.6215786207511633,0,0
2025-12-25 10:52:23.003538,DB1,96.32547549192117,89.16070492423101,31.7453234382381,0.4334186750316369,0,0
2025-12-25 10:53:23.003538,SW8,78.69775191316769,60.17470577942774,19.218292919976548,0.4655545771038171,0,0
2025-12-25 10:54:23.003538,FW1,85.66998542418636,91.78675439714513,31.948768330936414,0.5335250850680746,0,0
2025-12-25 10:55:23.003538,SW1,95.083556277256,102.53232779330716,20.72503584296406,0.5659654546653117,0,0
2025-12-25 10:56:23.003538,DB2,85.38748989350027,67.64595047646017,22.182646143018875,0.4767359873153314,0,0
2025-12-25 10:57:23.003538,SW7,44.422876507455996,60.45655831208946,31.248000628203656,0.4637663683775896,0,0
2025-12-25 10:58:23.003538,APP10,80.24724437774454,34.128091372118575,35.88989103614589,0.39531444535954574,0,0
2025-12-25 10:59:23.003538,APP15,70.48013660384993,66.66754749097859,24.815606289476897,0.6224179920588269,0,0
2025-12-25 11:00:23.003538,SW4,88.73348395942844,34.97230026497515,46.9477485482971,0.4345770784310301,0,0
2025-12-25 11:01:23.003538,FW3,106.02321243687257,77.60432840006443,34.50027914072452,0.38833698268778377,0,0
2025-12-25 11:02:23.003538,APP9,79.84887605477876,95.99627060938428,17.23911438651735,0.6329699080206183,0,0
2025-12-25 11:03:23.003538,SW2,76.8337745603072,68.71053885032705,19.472895999008824,0.69652900053825,0,0
2025-12-25 11:04:23.003538,APP15,80.10503146209655,87.44446238285332,8.310143682957648,0.5332681513877109,0,0
2025-12-25 11:05:23.003538,DB2,54.18218957897102,88.40727294216896,18.093986699027333,0.7607794670948614,0,0
2025-12-25 11:06:23.003538,FW1,90.40467188995557,71.8739665311831,14.170839446837192,0.7673141621361332,0,0
2025-12-25 11:07:23.003538,R2,68.83694915652586,78.54003132567192,21.450139811400163,0.47847450903213873,0,0
2025-12-25 11:08:23.003538,DB4,63.16923904780338,88.8502129822881,19.216099303695167,0.3066382946746219,0,0
2025-12-25 11:09:23.003538,FW1,128.1072778011576,80.56816245094738,17.915086891146025,0.44141029684489896,0,0
2025-12-25 11:10:23.003538,R2,302.97825230177,206.48686523573602,88.67173932138527,1.114639111819244,1,1
2025-12-25 11:11:23.003538,DB1,51.27103436244631,70.52202700463772,3.585806253299154,0.6539638031058875,0,0
2025-12-25 11:12:23.003538,SW3,98.17242855263434,66.28705867586802,38.41535187239741,0.552569257368366,0,0
2025-12-25 11:13:23.003538,SW8,69.51134437766504,70.62779088545676,12.757766927674965,0.3628332177368908,0,0
2025-12-25 11:14:23.003538,APP6,82.9393767804806,71.83677064258222,24.940700231237827,0.5395381327796077,0,0
2025-12-25 11:15:23.003538,APP10,44.000276651252356,78.42317632847383,28.28056455012758,0.5118690547256967,0,0
2025-12-25 11:16:23.003538,DB2,111.91402060152828,64.53736342753368,28.978653776677312,0.4528071641751346,0,0
2025-12-25 11:17:23.003538,DB4,104.23378938483073,50.05354216381815,11.056673578545563,0.3748482829133373,0,0
2025-12-25 11:18:23.003538,APP12,135.03160235759267,88.03672561840966,16.890466443215328,0.7681339437164055,0,0
2025-12-25 11:19:23.003538,APP10,82.08681909314173,58.52693215749731,26.23034379888441,0.4427753370612423,0,0
2025-12-25 11:20:23.003538,SW8,81.19685307343181,69.13439060814856,11.435574422143457,0.45866073791225515,0,0
2025-12-25 11:21:23.003538,SW10,74.95201086021711,86.20831133138356,38.96054176013523,0.5357087059734948,0,0
2025-12-25 11:22:23.003538,APP7,116.25845809178622,106.48544572845083,25.167575825961126,0.10981641997378788,0,0
2025-12-25 11:23:23.003538,R2,59.61822451407757,62.884130959667736,19.21071677521006,0.5260311686503231,0,0
2025-12-25 11:24:23.003538,APP12,100.54083012079816,88.34727576441361,30.114927506665854,0.5507124029275634,0,0
2025-12-25 11:25:23.003538,APP10,95.54476194031432,94.12169533223997,24.426997805307153,0.4925455702534104,0,0
2025-12-25 11:26:23.003538,APP15,102.07125912587799,88.4648917240662,34.67285105078679,0.4627481065333018,0,0
2025-12-25 11:27:23.003538,APP15,26.25551117944859,66.77666683604177,18.236756714073792,0.055270880402630285,0,0
2025-12-25 11:28:23.003538,APP2,358.0688790413403,178.06158212168003,218.13632841573548,2.7283611672258026,2,1
2025-12-25 11:29:23.003538,APP1,89.96125694646891,42.25303342125371,14.251919493287167,0.2559596356286322,0,0
2025-12-25 11:30:23.003538,APP9,69.80617335197327,75.45411568631526,29.9039784512215,0.8463024984839521,0,0
2025-12-25 11:31:23.003538,APP12,103.97040061412193,120.21013603954279,46.850851738132626,0.550451872779322,0,0
2025-12-25 11:32:23.003538,SW4,78.28480189993475,78.58513176832555,8.411388462263819,0.6600812965366265,0,0
2025-12-25 11:33:23.003538,APP3,62.00953603311507,41.32282730854177,28.40759776601606,0.6511234552150178,0,0
2025-12-25 11:34:23.003538,SW3,90.66540425203348,64.13208232140762,8.584157016073597,0.6495516693527175,0,0
2025-12-25 11:35:23.003538,SW3,62.01687781623275,58.240392357591176,20.79568203041824,0.49642655695212656,0,0
2025-12-25 11:36:23.003538,DB5,65.88785127970847,85.01312184931106,26.933436261267655,0.45973659393899663,0,0
2025-12-25 11:37:23.003538,APP4,91.41319436369061,74.30654648609907,20.342958976376664,0.8228067583246617,0,0
2025-12-25 11:38:23.003538,SW2,61.40856543682853,83.10799191425556,27.01368387762793,0.42385734227663685,0,0
2025-12-25 11:39:23.003538,DB3,103.09553448484178,109.54273664162554,23.947489998312687,0.47140938479713335,0,0
2025-12-25 11:40:23.003538,DB1,557.3849619977202,341.7933900712435,175.6495880927679,2.210892317142945,2,1
2025-12-25 11:41:23.003538,APP5,75.79028721361752,43.5056993321494,19.368380474119657,0.8084658600789552,0,0
2025-12-25 11:42:23.003538,DB2,57.08004548229091,72.20361173291069,26.052454759918867,0.7059687735428046,0,0
2025-12-25 11:43:23.003538,APP8,86.69005457666168,90.3109983186209,34.1942152345443,0.6368220069285115,0,0
2025-12-25 11:44:23.003538,DB5,64.94245466924349,96.22732488972021,36.88778074799384,0.42659156305037216,0,0
2025-12-25 11:45:23.003538,APP14,107.36580427415238,58.21279013256637,22.46609576414034,0.3329547195623105,0,0
2025-12-25 11:46:23.003538,APP12,79.6155823403916,89.20496495848273,22.528848907357016,0.295721952119016,0,0
2025-12-25 11:47:23.003538,APP2,90.42702069750396,89.9675945375119,26.446257043829238,0.6783055535265856,0,0
2025-12-25 11:48:23.003538,SW9,68.38729699363822,83.86195821853971,34.89768443156728,0.35485207786723283,0,0
2025-12-25 11:49:23.003538,APP8,78.70082154580517,107.50524616387605,11.978422660362254,0.7786561033923068,0,0
2025-12-25 11:50:23.003538,SW3,73.28839132317387,78.66662968335908,36.757108537094126,0.3059480983889249,0,0
2025-12-25 11:51:23.003538,APP1,89.25733741852133,78.00759720867268,20.68841245082093,0.363892663442672,0,0
2025-12-25 11:52:23.003538,FW1,81.48351311191809,63.50532569771977,30.633437564516225,0.7893663149070131,0,0
2025-12-25 11:53:23.003538,APP5,82.39221871333203,81.34066053044151,22.600674480781016,0.47764566468316405,0,0
2025-12-25 11:54:23.003538,APP15,98.93006848116829,75.86915854557957,35.94506239317747,0.29173648556672255,0,0
2025-12-25 11:55:23.003538,APP8,94.8040303491382,68.83460145474729,22.341415861273347,0.5774670621632936,0,0
2025-12-25 11:56:23.003538,DB5,94.65593146285724,79.07264611122946,14.63686188202486,0.12635455116274175,0,0
2025-12-25 11:57:23.003538,APP5,101.65839516048347,49.95894378286376,11.19285560233034,0.7936319235499195,0,0
2025-12-25 11:58:23.003538,DB3,66.18079075039145,64.67754803879612,27.11424550466807,0.5796774203746037,0,0
2025-12-25 11:59:23.003538,APP9,77.37721551192425,76.72906191265751,22.1881214686394,0.6427104792821206,0,0
2025-12-25 12:00:23.003538,R2,79.60309790117977,67.33659027042802,24.94618165987413,0.6354440243157536,0,0
2025-12-25 12:01:23.003538,DB5,108.85235346834918,83.13838579988976,28.521210255895,0.47622545584378795,0,0
2025-12-25 12:02:23.003538,SW6,66.2313880655515,64.80323743810324,18.68552673536594,0.5424544662923307,0,0
2025-12-25 12:03:23.003538,SW2,136.23823449713325,69.85537906339368,17.66338435397163,0.38193014965564714,0,0
2025-12-25 12:04:23.003538,APP12,71.28016393228762,73.65587003909828,27.9458862742297,0.6135681781513525,0,0
2025-12-25 12:05:23.003538,DB4,87.05003293891126,61.407273556329855,34.29113179769396,0.5609002215521117,0,0
2025-12-25 12:06:23.003538,APP9,91.27310349959488,61.564882804033566,22.58519584628831,0.28374410378377174,0,0
2025-12-25 12:07:23.003538,APP7,76.45433120770697,86.85914472608705,20.649855239805724,0.4828881044573537,0,0
2025-12-25 12:08:23.003538,APP9,102.82357865315993,87.12122083171863,39.76413617040622,0.5135238589289203,0,0
2025-12-25 12:09:23.003538,SW8,62.79956871338487,76.12584233394776,19.545886435077115,0.03060856846425003,0,0
2025-12-25 12:10:23.003538,DB4,60.01220249807373,91.48206018478535,14.220998730569178,0.4725849366696611,0,0
2025-12-25 12:11:23.003538,APP6,83.83275808883919,64.80767368166116,16.855033730119096,0.11642733321982646,0,0
2025-12-25 12:12:23.003538,SW5,68.25768410197925,70.01480099117987,22.97484564191715,0.4077889358311269,0,0
2025-12-25 12:13:23.003538,SW2,91.95984773366553,85.23614584720335,25.644671896129115,0.3113151778056942,0,0
2025-12-25 12:14:23.003538,R2,63.05711794839917,78.38362247872068,21.248078056895146,0.8515329753698795,0,0
2025-12-25 12:15:23.003538,SW4,89.63144228907613,51.35644456354044,24.275925546686707,0.2839859218507862,0,0
2025-12-25 12:16:23.003538,SW3,51.46897544144957,53.941664729384364,30.362300673837947,0.35295818898139997,0,0
2025-12-25 12:17:23.003538,FW3,54.761753774489584,87.93712965695738,19.913390686230976,0.429662564419878,0,0
2025-12-25 12:18:23.003538,APP2,72.25594220446563,64.16785769469884,43.806454597030886,0.855785396679544,0,0
2025-12-25 12:19:23.003538,APP3,69.48843428632517,59.59458396520747,21.646870139093245,0.3677917524984754,0,0
2025-12-25 12:20:23.003538,DB5,50.41442878559548,75.98175361374464,24.17918712571189,0.758125803527125,0,0
2025-12-25 12:21:23.003538,DB1,87.78787417330886,86.30289618272225,31.133400548034366,0.8017009255392364,0,0
2025-12-25 12:22:23.003538,APP13,52.95063680600414,82.79716960639114,16.048781431209953,0.790848156828845,0,0
2025-12-25 12:23:23.003538,SW9,101.30429595077725,69.37079254097756,31.443162827801842,0.5499756683010251,0,0
2025-12-25 12:24:23.003538,FW1,75.22262556003504,68.16090152091228,18.22496158838196,0.23259133237898094,0,0
2025-12-25 12:25:23.003538,APP5,59.22350751616874,95.64860299943076,19.845526343594646,0.596444288405303,0,0
2025-12-25 12:26:23.003538,SW9,76.33525559374213,50.48420663597577,24.040217367510014,0.44920998659037525,0,0
2025-12-25 12:27:23.003538,DB5,87.74756945924054,69.46938685312162,24.69774065287731,0.4680227717856221,0,0
2025-12-25 12:28:23.003538,SW4,113.49810144001367,88.81869142339667,19.940205998939796,0.5178401250831872,0,0
2025-12-25 12:29:23.003538,FW3,83.094947437365,68.33934769047772,32.41626624270627,0.2236461094492851,0,0
2025-12-25 12:30:23.003538,R2,327.7432608449685,230.05784678096742,241.49922074726845,3.099285651621905,2,1
2025-12-25 12:31:23.003538,SW2,56.40264814068879,42.00853157862678,11.454046795420465,0.33291395030329707,0,0
2025-12-25 12:32:23.003538,SW6,80.03793598974156,62.280677865333686,19.827431211554334,0.304530777919291,0,0
2025-12-25 12:33:23.003538,APP4,436.18073659104266,253.56188408206452,56.268414817477534,0.27411541237177844,1,1
2025-12-25 12:34:23.003538,APP10,94.30384696381107,59.904636056750626,36.81792284612853,0.5330990531204062,0,0
2025-12-25 12:35:23.003538,APP8,61.47097605441787,95.21507520934635,26.172873250930586,0.7894194073796997,0,0
2025-12-25 12:36:23.003538,APP15,122.29140174670594,97.34289899255101,-4.212290943455592,0.8633365913288951,0,0
2025-12-25 12:37:23.003538,APP2,112.0708541421607,54.623739335872116,27.53085779731335,0.6913705263418763,0,0
2025-12-25 12:38:23.003538,SW3,84.08901628376859,64.1904231864573,15.413636210127628,0.7091074446016805,0,0
2025-12-25 12:39:23.003538,R2,113.47235681773421,79.6637175375656,18.385754997966117,0.7931368683558631,0,0
2025-12-25 12:40:23.003538,DB2,269.6451853932785,446.96979423387984,91.78450118445798,0.9681561437633148,3,1
2025-12-25 12:41:23.003538,DB2,70.63164937414359,55.27611222170306,17.60559254869792,0.8383386948575802,0,0
2025-12-25 12:42:23.003538,APP12,98.48813137503637,65.0293805858608,13.225381993646243,0.2374627114873768,0,0
2025-12-25 12:43:23.003538,SW3,78.28068166932124,108.33110155266955,24.067757663480908,0.29476928303311567,0,0
2025-12-25 12:44:23.003538,SW2,49.4962012238573,73.4589706968651,21.248714970867212,0.9411932207879805,0,0
2025-12-25 12:45:23.003538,R2,328.3171757070095,273.1184344208174,95.14873118829072,4.278222669069562,1,1
2025-12-25 12:46:23.003538,DB5,82.66861419968751,82.28009921369718,16.403198092337114,0.40616481970234086,0,0
2025-12-25 12:47:23.003538,SW2,90.23174282274609,64.43242751922723,15.96451324833814,0.49244510522527146,0,0
2025-12-25 12:48:23.003538,APP14,82.7199863208638,71.98418362297156,31.67565227461737,0.4445909279522871,0,0
2025-12-25 12:49:23.003538,SW5,91.62832041882366,93.7789059742672,18.121916794368815,0.5458928854956682,0,0
2025-12-25 12:50:23.003538,SW8,89.48992436395811,85.812347107671,22.982200592116747,0.5464178651159459,0,0
2025-12-25 12:51:23.003538,R3,76.09554858095156,104.31086273880962,22.74259029427293,0.5535370207517049,0,0
2025-12-25 12:52:23.003538,R2,53.27609199432452,70.11940491176377,12.347504333763473,0.7513386875916785,0,0
2025-12-25 12:53:23.003538,APP6,76.3133730106064,57.56599227752109,33.857366361971344,0.5436996428914589,0,0
2025-12-25 12:54:23.003538,DB4,61.819605071273315,39.653849648388864,14.04891236711456,0.5446103734823449,0,0
2025-12-25 12:55:23.003538,SW1,32.77933749504592,60.71036808394349,33.401144056809606,0.2626819438991904,0,0
2025-12-25 12:56:23.003538,APP2,71.28816072303309,81.41741169386009,31.12410864916721,0.3452715330824748,0,0
2025-12-25 12:57:23.003538,APP11,267.70404639333526,336.46578244340617,57.72519437067102,0.703494473738665,3,1
2025-12-25 12:58:23.003538,DB3,85.6407451850275,57.527650417462105,28.845897179864416,0.6743655905378754,0,0
2025-12-25 12:59:23.003538,APP7,71.68968920401382,77.78195459825905,20.95886629989523,0.19607274384038154,0,0
2025-12-25 13:00:23.003538,APP8,71.86066570742008,60.09317734923954,25.17474300552317,0.5416647001916483,0,0
2025-12-25 13:01:23.003538,R3,70.09939992360118,65.61441855851672,47.140730206537434,0.4289243135789698,0,0
2025-12-25 13:02:23.003538,R2,72.15741125836095,55.334950498794484,10.427035105203963,0.648354170946696,0,0
2025-12-25 13:03:23.003538,APP6,57.21410915190653,71.32199953943191,36.60286963800592,0.2577411132899873,0,0
2025-12-25 13:04:23.003538,APP14,75.24122138480668,60.18291367613186,31.94546684853656,0.5902630942169174,0,0
2025-12-25 13:05:23.003538,APP2,57.38158513424224,67.63132465047353,15.56662349301493,0.6072172455001359,0,0
2025-12-25 13:06:23.003538,DB1,63.450606285066996,87.99999228843427,32.30397948940583,0.7171789061510111,0,0
2025-12-25 13:07:23.003538,SW10,95.93099688048298,83.01789688912808,34.36799443500553,0.6242115858000443,0,0
2025-12-25 13:08:23.003538,DB3,98.86246668451204,64.59247093464009,30.667841434997975,0.7838867867776829,0,0
2025-12-25 13:09:23.003538,SW3,55.52827475770974,55.6462351628433,44.24809027604824,0.5147188357148599,0,0
2025-12-25 13:10:23.003538,APP10,50.2577645704102,93.34972507329651,27.756688479305165,0.5054056730197679,0,0
2025-12-25 13:11:23.003538,APP14,63.96484204031535,87.54242028519147,42.89874959638735,0.20339072760056437,0,0
2025-12-25 13:12:23.003538,SW6,504.1168506233026,227.66191117976052,229.84303649371626,1.4972545127060166,2,1
2025-12-25 13:13:23.003538,SW9,102.1351015514799,62.519686870380035,15.974022724652725,0.49752352416154877,0,0
2025-12-25 13:14:23.003538,APP1,106.61091398415873,72.32380218135134,35.934887253787466,0.32018055600457707,0,0
2025-12-25 13:15:23.003538,APP8,94.65825531880574,87.81344192109222,30.742943818295245,0.6067915055317628,0,0
2025-12-25 13:16:23.003538,DB3,78.95424858302613,61.05701212121093,11.736585331266449,0.37390381757257996,0,0
2025-12-25 13:17:23.003538,SW9,92.6683951023717,73.54410304238093,25.352358258134686,0.352388695562703,0,0
2025-12-25 13:18:23.003538,APP5,78.82376357554799,70.23070297598348,5.274501602256798,0.46056980627793115,0,0
2025-12-25 13:19:23.003538,DB2,81.57019296450714,67.32981113443445,8.153992763603956,0.5138988548022172,0,0
2025-12-25 13:20:23.003538,SW9,64.47659560913387,67.25537196485632,28.79988224479327,0.5759292395233877,0,0
2025-12-25 13:21:23.003538,SW3,128.15632271703714,66.89117916090896,28.98712620161837,0.37408971129021557,0,0
2025-12-25 13:22:23.003538,APP10,92.0630318771408,108.18242470534639,27.536620648726753,0.5124810598888557,0,0
2025-12-25 13:23:23.003538,SW10,60.75296297997805,62.998155662146985,32.55766834896105,0.7377393477206544,0,0
2025-12-25 13:24:23.003538,SW7,97.48170192102903,67.18252966162443,23.78721625567963,0.5070453804006413,0,0
2025-12-25 13:25:23.003538,R2,71.30471240841217,76.92609969141019,24.50243954740856,0.7223794982974594,0,0
2025-12-25 13:26:23.003538,APP11,103.32004535413856,66.56010291620257,4.996459166377207,0.6691830200407405,0,0
2025-12-25 13:27:23.003538,DB2,112.00700299484524,82.86419585451947,40.63275901211998,0.3642438174674043,0,0
2025-12-25 13:28:23.003538,DB2,88.32108496467357,65.91170741725206,39.7484139615095,0.25139282181872824,0,0
2025-12-25 13:29:23.003538,APP2,85.88585545857879,69.37478925726411,18.693654629430736,0.6848002922661739,0,0
2025-12-25 13:30:23.003538,DB4,112.12287217437151,82.72826388584757,37.99611332055904,0.4447426874567057,0,0
2025-12-25 13:31:23.003538,APP4,81.81116555758197,95.04740468395995,19.784971022662333,0.3603511288497229,0,0
2025-12-25 13:32:23.003538,SW5,186.92396497049157,125.79840257704367,142.88359340768346,2.9090781503023555,2,1
2025-12-25 13:33:23.003538,FW2,112.50988674387995,74.61884298253605,9.267431127725247,0.36597430235317063,0,0
2025-12-25 13:34:23.003538,APP13,91.350565985375,90.19473310086651,22.940005872760658,0.2468723527475588,0,0
2025-12-25 13:35:23.003538,SW1,97.79363196708276,61.800587531657314,40.4939995208742,0.44788645506270386,0,0
2025-12-25 13:36:23.003538,SW2,74.50550088340782,63.830746409885194,23.000309879227796,0.4446192510604799,0,0
2025-12-25 13:37:23.003538,APP1,82.45308472169533,70.21173715122369,41.653804194309316,0.6366645798048297,0,0
2025-12-25 13:38:23.003538,FW2,76.94394602269087,94.09107089522651,26.26016550324506,0.6968029644055664,0,0
2025-12-25 13:39:23.003538,DB4,74.37370716899282,11.786198805321227,21.555869426909975,0.5681676029709586,0,0
2025-12-25 13:40:23.003538,APP13,74.33844906692951,96.0095194158373,31.44162071164621,0.30169831460546936,0,0
2025-12-25 13:41:23.003538,APP2,83.83416176351929,57.199141693526805,23.94710015366824,0.36671504659901255,0,0
2025-12-25 13:42:23.003538,DB1,62.666254380982544,65.70616855766362,31.7162388989237,0.5868891500750635,0,0
2025-12-25 13:43:23.003538,SW10,73.09642134626601,89.66047736112374,15.145363584760766,0.16287757943495618,0,0
2025-12-25 13:44:23.003538,R2,92.44343775999748,96.9959749161812,29.18149427910854,0.5807941701589288,0,0
2025-12-25 13:45:23.003538,SW3,62.892414512676794,69.03394670211625,40.91677054332597,0.6630360076286066,0,0
2025-12-25 13:46:23.003538,APP14,52.05457090062725,69.7288843241291,27.036167725831138,0.5551546740850859,0,0
2025-12-25 13:47:23.003538,APP10,87.37136854050476,93.29747436759075,22.1388699388234,0.5862075244753895,0,0
2025-12-25 13:48:23.003538,APP10,74.15340623622724,58.45673795781775,16.065838089833658,0.7701095729768574,0,0
2025-12-25 13:49:23.003538,SW5,101.79600029576619,79.35980439081803,15.82778921836567,0.38853607122957723,0,0
2025-12-25 13:50:23.003538,SW5,114.71205163242942,66.29349900263517,0.1279521143570186,0.8111176497202788,0,0
2025-12-25 13:51:23.003538,SW8,71.5129598913737,83.79456735112367,31.20082302264276,0.5193886625647388,0,0
2025-12-25 13:52:23.003538,APP11,80.33117341876273,80.31108520272626,27.227754568162688,0.498696791430883,0,0
2025-12-25 13:53:23.003538,SW9,94.5180452855071,87.98395645991842,13.727425980636523,0.411057060163079,0,0
2025-12-25 13:54:23.003538,APP3,73.8716745406787,50.25344476812821,10.860648244221458,0.6766352424315041,0,0
2025-12-25 13:55:23.003538,APP10,87.0300987826965,66.20917214827101,27.9258779826321,0.5514276438227773,0,0
2025-12-25 13:56:23.003538,APP6,67.9008214136415,70.74809767114301,38.37027289334643,0.703563481484841,0,0
2025-12-25 13:57:23.003538,SW5,169.35866366223374,174.45996736422558,135.73181274000058,2.8543883858797474,2,1
2025-12-25 13:58:23.003538,DB3,206.41874667819212,239.52174665155718,52.78792251295238,2.006302907242185,3,1
2025-12-25 13:59:23.003538,APP9,75.08999384964312,84.28098003648626,25.268164936224956,0.5223101258203171,0,0
2025-12-25 14:00:23.003538,FW3,122.44675590699822,90.91681316494568,19.052443598652776,0.4351687914814347,0,0
2025-12-25 14:01:23.003538,APP2,64.41795225479956,52.996644611561365,5.792887630430087,0.4688921456885874,0,0
2025-12-25 14:02:23.003538,APP13,66.20948123282454,74.09573800803415,23.275401427295964,0.31603091400658395,0,0
2025-12-25 14:03:23.003538,APP13,94.74341917417985,73.2223631887665,29.580741618457697,0.5054648405084285,0,0
2025-12-25 14:04:23.003538,SW2,72.08682974739193,64.72453177625363,37.61573091198563,0.5312195726181183,0,0
2025-12-25 14:05:23.003538,FW3,97.86400597249869,95.02332213493627,18.71592008003661,0.5199481017049135,0,0
2025-12-25 14:06:23.003538,DB2,108.66511280214525,12.791007131269623,15.08901133660973,0.3706199193062183,0,0
2025-12-25 14:07:23.003538,APP11,233.86739740881077,319.52414247961093,214.8207610204939,3.4554755708337743,2,1
2025-12-25 14:08:23.003538,SW7,54.27918667492072,80.7612919332128,21.949762857141913,0.4648561887577049,0,0
2025-12-25 14:09:23.003538,DB1,103.83660694955047,81.54251259326625,16.899255843694153,0.43529751985593584,0,0
2025-12-25 14:10:23.003538,SW10,62.34577195715947,92.2000504689851,22.450307424309347,0.5199448239714097,0,0
2025-12-25 14:11:23.003538,R2,47.40485130373623,29.772121643436883,2.55068330257458,0.6461732505289431,0,0
2025-12-25 14:12:23.003538,APP9,106.68826044703236,86.24345462506908,5.19663920080049,0.517478820538603,0,0
2025-12-25 14:13:23.003538,R3,839.6236082342576,128.06071865361864,115.75614988897759,1.5477002795791173,1,1
2025-12-25 14:14:23.003538,R3,126.86373907255431,95.02473056295906,33.156339252907586,0.47189250934283183,0,0
2025-12-25 14:15:23.003538,APP14,84.03776955411409,93.17730504465175,19.188619569498023,0.17357733565253414,0,0
2025-12-25 14:16:23.003538,APP14,121.49399703537465,77.92083311038104,33.72943676316136,0.5604320123077073,0,0
2025-12-25 14:17:23.003538,SW5,126.6492524092697,287.3162785581024,281.2340569097268,2.6063628100420915,2,1
2025-12-25 14:18:23.003538,APP10,53.84002426698391,74.37809801012781,29.537359735447843,0.6754305438961492,0,0
2025-12-25 14:19:23.003538,APP10,84.37833002336217,63.046994916380406,21.21553977687468,0.9159706082436192,0,0
2025-12-25 14:20:23.003538,SW2,84.4198816341817,96.73070942981316,31.594770548423085,0.2974202390352575,0,0
2025-12-25 14:21:23.003538,FW2,101.59973444905519,100.26087481094618,31.584893452698402,0.3391925188554178,0,0
2025-12-25 14:22:23.003538,APP11,66.3816494649197,70.47344707234457,29.58120292420681,0.5648742892573507,0,0
2025-12-25 14:23:23.003538,DB4,55.428513154471105,101.10370764002562,16.801957855688542,0.6485922901250722,0,0
2025-12-25 14:24:23.003538,SW3,100.63903011709102,58.916627703914216,29.420551161940654,0.731963905110903,0,0
2025-12-25 14:25:23.003538,APP13,92.71810973639015,78.47997024268653,36.84083166269854,0.6781531547373074,0,0
2025-12-25 14:26:23.003538,SW9,65.73890233891575,43.986696068455515,34.02389284954566,0.479929367416421,0,0
2025-12-25 14:27:23.003538,SW4,76.2181618084674,102.08277489182026,36.47764568738319,0.5196413755771292,0,0
2025-12-25 14:28:23.003538,APP6,219.67259660947857,376.2562980567498,147.2236589442985,2.3378877497364865,2,1
2025-12-25 14:29:23.003538,SW5,113.0359648530481,71.92512852969563,31.32827230451067,0.6664136782056455,0,0
2025-12-25 14:30:23.003538,APP5,77.82143146102705,89.7174894976088,25.541235768447788,0.4488794828484995,0,0
2025-12-25 14:31:23.003538,SW2,54.77754855470402,109.8631217768028,41.26812448271363,0.4148819200099405,0,0
2025-12-25 14:32:23.003538,APP14,95.91028843942968,90.90834427178484,29.133138382258043,0.7513718303752392,0,0
2025-12-25 14:33:23.003538,SW1,87.24555235680256,53.039249951945564,21.252567408212325,0.744942836279256,0,0
2025-12-25 14:34:23.003538,FW1,86.5921484251912,60.74887458102745,34.09405542567644,0.362164515514828,0,0
2025-12-25 14:35:23.003538,APP1,60.51224118270311,66.15223317461808,24.230533882897095,0.204167677423585,0,0
2025-12-25 14:36:23.003538,APP9,82.83850398316018,73.06526573632267,11.03733454135012,0.3363361278878388,0,0
2025-12-25 14:37:23.003538,SW8,76.97149658226427,72.26835721123233,24.30535030566368,0.2719743456215742,0,0
2025-12-25 14:38:23.003538,SW5,55.12068310360754,104.75161874367424,17.45897019312673,0.5351385564115104,0,0
2025-12-25 14:39:23.003538,APP2,62.494523762865285,55.031579830763306,30.94572772482284,0.6824884116012475,0,0
2025-12-25 14:40:23.003538,APP12,113.43103056616228,97.57405123848024,28.62305881486616,0.7701016233046625,0,0
2025-12-25 14:41:23.003538,SW5,46.772984752777866,74.21049083292579,15.985332153086059,0.35304051516144935,0,0
2025-12-25 14:42:23.003538,SW10,108.64007445881921,72.80627485303604,35.06593989403303,0.577976403662352,0,0
2025-12-25 14:43:23.003538,SW4,57.03101398885376,79.54212195130619,19.218441189328665,0.412511108043388,0,0
2025-12-25 14:44:23.003538,APP15,72.0447446324452,60.062516441852125,20.630459569681825,0.5538914650209175,0,0
2025-12-25 14:45:23.003538,APP3,91.00465223777539,93.369552296209,15.25252386077424,0.3961341655632207,0,0
2025-12-25 14:46:23.003538,APP3,80.06138246472459,52.161198757357305,18.502836232979902,0.46101713081813167,0,0
2025-12-25 14:47:23.003538,APP12,92.92871515721042,75.8719304084651,24.583792148528087,0.6360460360204158,0,0
2025-12-25 14:48:23.003538,SW4,80.73459329571494,33.70157133753626,32.05207418304839,0.5977484351312168,0,0
2025-12-25 14:49:23.003538,DB4,95.8926787996283,74.28322729564036,16.531219925533904,0.47324500315730744,0,0
2025-12-25 14:50:23.003538,APP8,70.81032189725846,87.64304550771095,14.303611040773063,0.3926316418214573,0,0
2025-12-25 14:51:23.003538,R3,83.8695560691892,41.698288676776826,35.577039596403054,0.6309358804731893,0,0
2025-12-25 14:52:23.003538,SW6,44.454270442035174,56.97453957447722,9.15011815005764,0.766677457840705,0,0
2025-12-25 14:53:23.003538,APP9,65.02206235603234,82.69339398111575,32.950926836610186,0.5909421183552315,0,0
2025-12-25 14:54:23.003538,DB4,99.58999559639207,63.035425999251345,34.258127768930905,0.12334016469353681,0,0
2025-12-25 14:55:23.003538,APP13,90.40358462729287,74.6504820394058,40.24729805305808,0.6307287959022001,0,0
2025-12-25 14:56:23.003538,SW2,91.84579573645793,65.97734601277246,28.86807351926913,0.1545564175804785,0,0
2025-12-25 14:57:23.003538,SW4,482.20104751221146,394.03474486212417,111.59717927227136,3.6496835252488777,1,1
2025-12-25 14:58:23.003538,SW8,93.95714572548324,57.397053542997114,28.640982170845604,0.8625364673257765,0,0
2025-12-25 14:59:23.003538,DB3,129.06188723779576,45.759218494228556,25.795256786504925,0.8875274605612786,0,0
2025-12-25 15:00:23.003538,R3,67.8098005847551,47.85329357321771,20.47793784201954,0.4609220727920436,0,0
2025-12-25 15:01:23.003538,APP13,43.753202593364925,92.71247631566521,16.684796197229673,0.5775767158612197,0,0
2025-12-25 15:02:23.003538,APP13,65.68070640420166,89.14942762275658,17.970157701371548,0.6882612170067526,0,0
2025-12-25 15:03:23.003538,FW1,67.84499378052578,52.35991707241479,38.454717594835984,0.3743729520960399,0,0
2025-12-25 15:04:23.003538,SW9,72.72072681181437,88.61184887449893,17.849365903263287,0.25867448335800725,0,0
2025-12-25 15:05:23.003538,APP13,77.87980313190779,73.06813287311122,25.839460857759875,0.591713325791402,0,0
2025-12-25 15:06:23.003538,SW5,104.30492297962985,63.436923495246724,39.18553727218867,0.10528546672976463,0,0
2025-12-25 15:07:23.003538,APP13,167.03189265295458,251.85770611790818,79.55749409826285,1.4314530326772972,3,1
2025-12-25 15:08:23.003538,R2,95.9814938429778,32.09035007080655,40.17037188392554,0.6024939100104579,0,0
2025-12-25 15:09:23.003538,R1,72.98457977241587,92.60682201019382,19.887829380158564,0.6670621985589316,0,0
2025-12-25 15:10:23.003538,APP5,58.28533411006871,76.31001860709696,35.28786602410159,0.266701045857026,0,0
2025-12-25 15:11:23.003538,DB4,68.0211351449804,45.44326045507882,45.87271001459885,0.5157075569113971,0,0
2025-12-25 15:12:23.003538,SW10,92.32710956932512,96.20924529740137,13.442015503537823,0.35129857403434206,0,0
2025-12-25 15:13:23.003538,APP10,96.65164393022266,98.55979433766448,24.736507581406006,0.13247614515595413,0,0
2025-12-25 15:14:23.003538,APP14,105.94448357010063,97.31643931664468,23.67690251937808,0.8876659688957798,0,0
2025-12-25 15:15:23.003538,R1,84.37795427191547,45.81761396714941,23.115262940111897,0.1203326127840314,0,0
2025-12-25 15:16:23.003538,DB4,72.20958932642226,62.59735152600251,17.53359772953278,0.8198499051950627,0,0
2025-12-25 15:17:23.003538,APP1,90.72474814885263,78.41038973721545,9.651125949486868,0.39838193933011296,0,0
2025-12-25 15:18:23.003538,DB2,50.277839917415335,52.251063536644764,28.312687537826218,0.6272391074026895,0,0
2025-12-25 15:19:23.003538,APP13,76.98575996555766,77.65171133942232,30.286302563473853,0.6590531853584068,0,0
2025-12-25 15:20:23.003538,R3,52.020331752756604,62.11045692008439,33.91090163228358,0.8368909467020016,0,0
2025-12-25 15:21:23.003538,APP5,54.18087016956712,72.91670342765006,14.657681042774653,0.276666456409447,0,0
2025-12-25 15:22:23.003538,APP4,97.69421708150777,85.17602898970259,32.849390160051364,0.6510406833287605,0,0
2025-12-25 15:23:23.003538,APP3,43.95834550116043,62.61443659136157,9.851167441757479,0.743743625963833,0,0
2025-12-25 15:24:23.003538,SW10,65.7660082346581,81.72036426362813,35.093323631002576,0.6368616436835628,0,0
2025-12-25 15:25:23.003538,APP7,105.94295304614643,83.26879173862392,48.7361291106545,0.7597414646102728,0,0
2025-12-25 15:26:23.003538,FW3,53.50784222532638,77.19749319703156,15.841260781390753,0.6687398984967772,0,0
2025-12-25 15:27:23.003538,SW3,85.75542563060235,97.31782474121891,24.043025137343296,0.4013302689395045,0,0
2025-12-25 15:28:23.003538,APP4,105.95552308717649,85.65269868276201,29.764841445661638,0.6127956711263187,0,0
2025-12-25 15:29:23.003538,APP2,92.64920916609711,60.61877380650323,24.13817696549197,0.19096282102531392,0,0
2025-12-25 15:30:23.003538,DB5,84.83124105166587,96.52772418373624,43.39159630552702,1.0587936241562317,0,0
2025-12-25 15:31:23.003538,APP4,310.92150466989034,455.77160001839206,253.7204719424415,0.3895608711648335,2,1
2025-12-25 15:32:23.003538,SW2,72.92614549804374,74.10211285194329,22.38365408626197,0.3947422109892035,0,0
2025-12-25 15:33:23.003538,APP3,67.01172242551071,75.58235159352137,7.777704771834834,0.5961731268259511,0,0
2025-12-25 15:34:23.003538,SW3,90.2321268098824,100.22225425473118,21.075222157080894,0.5523360663219177,0,0
2025-12-25 15:35:23.003538,DB1,83.4429240588079,101.48519187773172,28.58249850687563,0.5815173099906298,0,0
2025-12-25 15:36:23.003538,APP5,79.7032931327068,84.30095397159836,-1.11110597723302,0.5299601336431538,0,0
2025-12-25 15:37:23.003538,DB4,106.97790692068077,61.25614197007935,14.702553764460507,0.8007938031516406,0,0
2025-12-25 15:38:23.003538,DB5,65.23834210945424,101.48239117097177,24.077253854510207,0.34502190076360495,0,0
2025-12-25 15:39:23.003538,APP15,81.51953431004173,97.1306384744237,29.461163251722983,1.0278725448212525,0,0
2025-12-25 15:40:23.003538,APP1,93.79167738956319,57.84898568004898,15.555769191700419,0.17563724814770154,0,0
2025-12-25 15:41:23.003538,APP2,179.16822043291853,312.03385563622317,221.55662322904715,2.3136874674095527,2,1
2025-12-25 15:42:23.003538,SW3,84.59323772259408,76.12538265909858,15.570792681081102,0.20499475363957187,0,0
2025-12-25 15:43:23.003538,SW3,104.27250075089205,75.90433287121682,33.31473459629716,0.30559919724437046,0,0
2025-12-25 15:44:23.003538,R1,89.78023555678723,87.72169352416105,35.18546306857923,0.7663112108307366,0,0
2025-12-25 15:45:23.003538,FW1,77.75018339684523,92.51478401855066,21.001569692664233,0.34139492571548136,0,0
2025-12-25 15:46:23.003538,APP3,90.91434339479704,88.13696244795265,38.80018063446271,0.341571637923307,0,0
2025-12-25 15:47:23.003538,APP11,76.80974830953538,58.40362375290078,26.849233257303382,0.8538799536208608,0,0
2025-12-25 15:48:23.003538,SW10,92.58907716153401,76.12193092928442,34.12882410182975,0.6048487535998484,0,0
2025-12-25 15:49:23.003538,APP6,102.21488374601928,80.07884068249054,22.894292772525166,0.2735820330760045,0,0
2025-12-25 15:50:23.003538,APP5,84.00142204186284,61.27059496043457,21.08383048384802,0.728660479251992,0,0
2025-12-25 15:51:23.003538,DB2,84.28106229318317,86.9401823943785,25.36562092916325,0.5219165239158965,0,0
2025-12-25 15:52:23.003538,DB2,39.04042689657251,63.11639180452667,17.97584809989604,0.5475372133420262,0,0
2025-12-25 15:53:23.003538,APP5,51.873697643039016,77.1219785741557,27.32947538941636,0.6379773328186756,0,0
2025-12-25 15:54:23.003538,SW8,309.1158632087381,185.15388684860068,116.26912655359234,2.8867993113941393,1,1
2025-12-25 15:55:23.003538,APP7,72.59780266292607,97.72372651390413,11.713573784268359,0.4469184276363323,0,0
2025-12-25 15:56:23.003538,SW8,62.55224087477317,69.50017663197546,32.83404551170926,0.7160167705416587,0,0
2025-12-25 15:57:23.003538,APP6,99.00326713161692,72.57317516759562,29.834089301929993,0.3685337187235379,0,0
2025-12-25 15:58:23.003538,APP15,49.99421870173344,60.90156621009305,23.32086238394515,0.24714212200739416,0,0
2025-12-25 15:59:23.003538,APP1,76.40923226950852,80.34814074983595,24.71794982119844,0.5639665904879291,0,0
2025-12-25 16:00:23.003538,SW2,271.6682538314452,461.66241392644895,139.96972096397377,2.238471910085238,2,1
2025-12-25 16:01:23.003538,DB4,74.16767253217289,121.61426903450996,20.415721895459477,0.7687021085129344,0,0
2025-12-25 16:02:23.003538,DB3,100.59411241195296,36.0285206923315,15.78237800176961,0.828632771325825,0,0
2025-12-25 16:03:23.003538,SW9,72.81108714687413,76.32102606363826,29.097188817706368,0.7552067087363327,0,0
2025-12-25 16:04:23.003538,APP9,76.90176174636667,55.71149167992628,15.79171030523198,0.319797001058725,0,0
2025-12-25 16:05:23.003538,APP9,77.78913820301979,89.20535409644582,20.31531428029602,0.43441566108505286,0,0
2025-12-25 16:06:23.003538,DB5,73.70464701635558,71.26806653848128,34.55903868122793,0.6228513049044236,0,0
2025-12-25 16:07:23.003538,R3,97.86400931227959,69.34412766967513,17.718604480156888,0.5532788355131695,0,0
2025-12-25 16:08:23.003538,R3,63.705338919535606,82.51121263575104,17.415251079161198,0.4054783215439063,0,0
2025-12-25 16:09:23.003538,APP5,55.051524302886044,86.33812163901287,50.42666794072991,0.4402357264418507,0,0
2025-12-25 16:10:23.003538,APP7,112.30536110588109,107.25503463286398,38.537426877738596,0.6530243276526113,0,0
2025-12-25 16:11:23.003538,SW2,65.00354550330297,74.97102394807644,21.293191212936737,0.6694374557391577,0,0
2025-12-25 16:12:23.003538,FW1,458.93692081047686,342.22190671474743,159.26650376233667,2.5140910776290153,2,1
2025-12-25 16:13:23.003538,APP13,100.21419903579921,55.85614882371356,27.97973565691221,0.4368228856900471,0,0
2025-12-25 16:14:23.003538,FW2,50.4481654490727,76.71339976387816,4.511978084161914,0.6215369758647264,0,0
2025-12-25 16:15:23.003538,SW9,80.04930144820356,70.22348229333558,28.194647652679308,0.34503635238822106,0,0
2025-12-25 16:16:23.003538,DB3,519.109648641468,315.1500236815288,271.0727487165758,1.1026043096744607,2,1
2025-12-25 16:17:23.003538,APP15,286.98395316362587,97.68799585090574,31.022664743620062,2.651124205637651,3,1
2025-12-25 16:18:23.003538,APP12,104.18207325330647,70.57897370837595,16.639802410866096,0.4042242021848117,0,0
2025-12-25 16:19:23.003538,APP3,148.85219387020786,71.0963428380397,23.05371126413033,0.2367901259539285,0,0
2025-12-25 16:20:23.003538,APP15,57.4612395787195,87.19529292386405,32.02320579679859,0.6620043007222215,0,0
2025-12-25 16:21:23.003538,DB5,108.19638080404832,86.19102500305871,27.536336777752364,0.4503275345361984,0,0
2025-12-25 16:22:23.003538,APP3,119.6462850508135,66.45266044224694,22.8777391115524,0.34480274113062326,0,0
2025-12-25 16:23:23.003538,DB1,64.01654197375616,46.57196437460793,29.70616046762858,0.4164144418557668,0,0
2025-12-25 16:24:23.003538,SW6,66.94058166312291,88.16612096067885,19.48570714206175,0.6621518634112253,0,0
2025-12-25 16:25:23.003538,APP15,47.972351558286064,85.66119834388113,18.754158217107456,0.624053168730634,0,0
2025-12-25 16:26:23.003538,APP13,456.5315294657134,171.5021974947942,177.82160961885117,1.8761598121688645,2,1
2025-12-25 16:27:23.003538,DB3,422.0062884245799,231.22457085249536,38.38104258575859,2.248733569828115,1,1
2025-12-25 16:28:23.003538,FW1,51.49047886034481,49.545577351746374,18.183019826348215,0.6539414626529437,0,0
2025-12-25 16:29:23.003538,APP8,57.808608434713385,45.512074836932115,26.897382829126762,0.07050893479386033,0,0
2025-12-25 16:30:23.003538,APP6,70.89310596380491,84.88024263697442,29.646299108280743,0.7242090907318257,0,0
2025-12-25 16:31:23.003538,SW9,340.95320136552584,333.16643168626103,193.63924633009032,2.427550612854909,2,1
2025-12-25 16:32:23.003538,SW8,40.07545722429247,95.40338369794584,21.0023679460804,0.3733182850513352,0,0
2025-12-25 16:33:23.003538,APP11,41.249418400056015,77.487799502382,26.247080933484625,0.35124644672215655,0,0
2025-12-25 16:34:23.003538,SW2,84.26245079231808,75.04831320939537,32.42281674074877,0.3796791643210149,0,0
2025-12-25 16:35:23.003538,SW7,66.83516600932487,89.14621084191023,40.14462381821017,0.6592771048905323,0,0
2025-12-25 16:36:23.003538,R3,102.95381480558525,95.8450875585738,22.165463948436617,0.6651306694655551,0,0
2025-12-25 16:37:23.003538,SW5,70.50510268287401,71.52487564480282,11.25747347969062,0.7466030152267293,0,0
2025-12-25 16:38:23.003538,APP1,299.21283986659586,169.17064750361826,123.75534916570426,1.8753957408080164,2,1
2025-12-25 16:39:23.003538,FW2,73.59997579755066,90.27439195431621,25.822326193333403,0.5655861236429522,0,0
2025-12-25 16:40:23.003538,APP10,112.86592242374236,42.594335593485575,16.52586037324933,0.5328838217443517,0,0
2025-12-25 16:41:23.003538,APP8,97.00297611400319,79.99300154783907,22.155626534138044,0.5340430739457029,0,0
2025-12-25 16:42:23.003538,APP12,81.92165738642,49.15741306681694,16.176304499971934,0.2680136590948416,0,0
2025-12-25 16:43:23.003538,R2,82.38133247112057,74.48258342509082,14.323255725150894,0.2656556372418375,0,0
2025-12-25 16:44:23.003538,APP13,86.27923683935873,56.899433825875484,18.291462059932208,0.5781598791994482,0,0
2025-12-25 16:45:23.003538,APP7,69.2604089341705,111.51247410543263,41.38401992558383,0.31151489083341033,0,0
2025-12-25 16:46:23.003538,SW3,115.29470982845459,67.97686968050495,50.760031756319464,0.2840890808838821,0,0
2025-12-25 16:47:23.003538,APP1,90.6335970887165,74.47382887409586,14.300070260873401,0.32749799520045986,0,0
2025-12-25 16:48:23.003538,APP3,89.67211834372495,91.14381128212159,14.378987204777776,0.6918656109900305,0,0
2025-12-25 16:49:23.003538,SW6,105.07431048959282,68.05986358052097,24.119611339976565,0.5076267444045938,0,0
2025-12-25 16:50:23.003538,SW5,88.45793707892274,68.02437844643192,42.95977627862223,0.22554318668087375,0,0
2025-12-25 16:51:23.003538,SW4,79.54221772430613,91.98714397827922,33.7526734176826,0.4784601589251331,0,0
2025-12-25 16:52:23.003538,FW2,111.61740598719253,66.637838002072,24.294281448158564,0.18642056740274987,0,0
2025-12-25 16:53:23.003538,R3,94.83754107100705,50.005982321701936,4.5796035517264215,0.44034891020514016,0,0
2025-12-25 16:54:23.003538,APP8,79.20248977449721,68.62922147277209,47.43266091192687,0.5389690979433919,0,0
2025-12-25 16:55:23.003538,SW10,70.00842605352985,91.80175578892934,20.213656699530894,0.4311855609799873,0,0
2025-12-25 16:56:23.003538,DB4,111.00105564859886,58.37207983307039,32.22124883160443,0.724347036113512,0,0
2025-12-25 16:57:23.003538,APP5,86.45439537796643,66.53970929415294,11.772361087766969,0.4620567503687,0,0
2025-12-25 16:58:23.003538,APP5,64.54551751539618,74.23942136623117,24.780212629841426,0.35464389087052406,0,0
2025-12-25 16:59:23.003538,APP1,60.29890686120509,91.34454643283519,22.09990308165648,0.7750928278584298,0,0
2025-12-25 17:00:23.003538,APP6,55.20283607207706,64.34044662340563,24.597125643759853,0.27311526933342756,0,0
2025-12-25 17:01:23.003538,APP2,37.628844103583596,80.12328888618809,34.703468688027584,0.30093180213720033,0,0
2025-12-25 17:02:23.003538,SW5,508.0712358640943,164.06595370160323,90.34769202935577,3.890216431245903,1,1
2025-12-25 17:03:23.003538,APP13,89.07031432030999,78.85104064673554,30.281391842524762,0.2555982164032908,0,0
2025-12-25 17:04:23.003538,FW2,37.17908062780974,92.39553980059834,27.333334212920782,0.23534233394904136,0,0
2025-12-25 17:05:23.003538,APP3,119.27326731296526,279.4916910911462,140.52429121498625,1.86968037437344,2,1
2025-12-25 17:06:23.003538,SW9,68.27809853062608,64.19585872199497,33.75507710611762,0.97620656061204,0,0
2025-12-25 17:07:23.003538,DB4,102.43234472848958,87.72916160456901,8.898399476035578,0.43527644092141504,0,0
2025-12-25 17:08:23.003538,FW2,493.2937719700174,402.881104194118,85.1223391950382,2.2237149234041667,1,1
2025-12-25 17:09:23.003538,APP11,78.03891235866338,82.72843775156808,32.77028752148887,0.3996090336626968,0,0
2025-12-25 17:10:23.003538,APP11,71.78615998389579,58.31505232021247,11.310402318061751,0.6390036934129358,0,0
2025-12-25 17:11:23.003538,FW1,54.47480628657393,81.34733314016671,17.47085656379731,0.7935983858911329,0,0
2025-12-25 17:12:23.003538,R2,72.31235507891799,70.96450811504268,21.713108095451975,0.5703029099488482,0,0
2025-12-25 17:13:23.003538,APP13,70.41827727656228,73.96422447485897,10.1415236970949,0.5725906152185608,0,0
2025-12-25 17:14:23.003538,FW1,71.9586893708542,79.57214622696611,7.633615397212509,0.41795419061583833,0,0
2025-12-25 17:15:23.003538,R1,68.4607668988478,63.49581566256553,19.731601162664504,0.499518074209112,0,0
2025-12-25 17:16:23.003538,APP10,89.04169397731809,82.43958855420036,25.67727883384844,0.2416135803027344,0,0
2025-12-25 17:17:23.003538,SW2,78.21996708562486,67.02739970065126,34.632373817195855,0.6344510752675336,0,0
2025-12-25 17:18:23.003538,APP3,106.21603101032476,91.22918593019045,21.233053653792567,0.39916428554419064,0,0
2025-12-25 17:19:23.003538,APP13,87.27549075779154,71.74517917995972,20.654069058490016,0.45864372277064275,0,0
2025-12-25 17:20:23.003538,DB5,108.9706503163321,98.59245541589107,41.18873548407248,0.37074252911239436,0,0
2025-12-25 17:21:23.003538,DB2,133.20168566243345,63.87982386361884,16.935032925755763,0.5967861202119865,0,0
2025-12-25 17:22:23.003538,APP6,98.03387651559324,93.98837964582819,33.22678486784527,0.06983767633225807,0,0
2025-12-25 17:23:23.003538,R1,85.292479376839,68.84542370046499,12.330016483963522,0.46417260759873596,0,0
2025-12-25 17:24:23.003538,APP10,40.93270362081786,65.27730147261762,20.172871810077496,0.6478497416482065,0,0
2025-12-25 17:25:23.003538,DB5,79.51413714956968,62.13498483030834,30.10465478479227,0.2519877982362222,0,0
2025-12-25 17:26:23.003538,SW1,72.40318245274588,69.51106335571178,17.160129532796127,0.1372787632438337,0,0
2025-12-25 17:27:23.003538,SW6,84.75005046090297,54.90525491389501,22.89368770707994,0.7578397516491162,0,0
2025-12-25 17:28:23.003538,APP12,86.7072201315612,79.22842869541589,28.939661005912527,0.18897759855641744,0,0
2025-12-25 17:29:23.003538,APP8,68.32931135112158,66.10602933023713,23.173098013696716,0.6690215526356522,0,0
2025-12-25 17:30:23.003538,APP1,84.3547646375262,85.21530367903387,47.89481118969105,0.5737739634701317,0,0
2025-12-25 17:31:23.003538,APP14,72.71624731975307,74.69089921714112,29.197852610081927,0.34302104457502813,0,0
2025-12-25 17:32:23.003538,SW2,79.20457310767499,104.44447405159082,21.235888398359386,0.3067629389205859,0,0
2025-12-25 17:33:23.003538,DB5,85.4817491264189,35.70936172327,-4.07621649515761,0.32942800283482454,0,0
2025-12-25 17:34:23.003538,SW6,95.37476447260997,59.59879258201275,19.460078114720808,0.4034052885603957,0,0
2025-12-25 17:35:23.003538,APP6,95.56269615731073,85.53858031545298,12.360315966196982,0.46139736208398835,0,0
2025-12-25 17:36:23.003538,APP14,76.10700838477462,72.5082720469001,12.236469621535944,0.4788943948702821,0,0
2025-12-25 17:37:23.003538,APP12,108.67077217137054,76.50544054307443,32.128543941663466,0.5206675709357922,0,0
2025-12-25 17:38:23.003538,FW3,76.77642422602295,81.84323394632597,22.039675998958558,0.7116470823033605,0,0
2025-12-25 17:39:23.003538,APP11,62.28702131847247,104.06056029355611,32.97170132641578,0.6187008269807597,0,0
2025-12-25 17:40:23.003538,DB5,76.08079460190103,65.37790943935235,27.815046280619278,0.6576903764334808,0,0
2025-12-25 17:41:23.003538,DB1,84.57141679115307,59.856658389538765,30.605391650018273,0.4161765575541945,0,0
2025-12-25 17:42:23.003538,FW3,92.85230566143719,60.160455060762956,19.16597586727189,0.44539655770575776,0,0
2025-12-25 17:43:23.003538,APP6,68.25664374158282,68.14838308842522,29.895881502663208,0.377588262695736,0,0
2025-12-25 17:44:23.003538,SW9,93.5414234047776,60.48082849282453,18.917070939357444,0.5961990088118431,0,0
2025-12-25 17:45:23.003538,FW3,377.43331274764614,266.32507294276087,14.430443349615302,1.5936080808363684,1,1
2025-12-25 17:46:23.003538,APP4,235.3820889832719,169.09016359983193,104.58542210252406,2.3610288829602437,3,1
2025-12-25 17:47:23.003538,SW3,105.76983841471952,67.263224497475,27.78098087845281,0.3440441611608763,0,0
2025-12-25 17:48:23.003538,SW1,64.07201141535121,74.20646391986512,26.76922883233351,0.7243744056710855,0,0
2025-12-25 17:49:23.003538,APP5,82.30367205550397,83.360466989033,26.296682873930607,0.519124786791357,0,0
2025-12-25 17:50:23.003538,SW5,96.15546627004062,76.45502990147214,30.132183960789476,0.6707576062443004,0,0
2025-12-25 17:51:23.003538,APP14,47.50035166220614,81.34965970129208,19.11392649920576,0.5262949073113634,0,0
2025-12-25 17:52:23.003538,SW3,88.29074285567333,56.549769794571986,34.120435725916956,0.46788035050150256,0,0
2025-12-25 17:53:23.003538,DB5,86.15257269160661,86.38131668783268,26.020145185739416,0.30112550870120447,0,0
2025-12-25 17:54:23.003538,FW2,129.9488072884007,88.0193803207397,21.122438103663274,0.13391007416389972,0,0
2025-12-25 17:55:23.003538,DB3,126.67363448050833,137.73609010573585,319.95954818212135,1.1252589238489,2,1
2025-12-25 17:56:23.003538,SW8,99.67179943581053,86.27323661790456,21.157607741644995,0.6529327452313023,0,0
2025-12-25 17:57:23.003538,APP6,68.32696808276857,81.50630446705199,25.519201494418542,0.952389499654395,0,0
2025-12-25 17:58:23.003538,DB1,76.14342462305659,73.48275990122089,13.26869392412684,0.6784587555866404,0,0
2025-12-25 17:59:23.003538,APP11,61.2013398800769,48.55454030333493,29.58840894148807,0.2565669713482225,0,0
2025-12-25 18:00:23.003538,APP3,71.84271372295066,63.748346264978466,14.475492137379787,0.3306876315501819,0,0
2025-12-25 18:01:23.003538,SW5,95.72663915191607,92.13520206426078,24.492077578976343,0.16518335770985582,0,0
2025-12-25 18:02:23.003538,APP15,96.94281844122884,52.97227165483588,34.46334583302034,0.4879827424639012,0,0
2025-12-25 18:03:23.003538,APP10,84.72281813286509,74.82970195430173,33.95139246895692,0.3015557035635934,0,0
2025-12-25 18:04:23.003538,APP9,29.603481638720375,70.23408872074042,33.433446100025876,0.46292822514809656,0,0
2025-12-25 18:05:23.003538,APP13,111.50912279862175,50.41370886545384,9.850865591277536,0.8496533513738862,0,0
2025-12-25 18:06:23.003538,APP4,58.9920685474171,77.91620469022095,29.988824496276415,0.6325709203788176,0,0
2025-12-25 18:07:23.003538,SW3,90.123279505824,66.58593566842143,26.106939757192627,0.4436115222160252,0,0
2025-12-25 18:08:23.003538,R1,80.88950869528648,72.04238987785766,17.211708700592,0.5117135581422658,0,0
2025-12-25 18:09:23.003538,APP3,75.07329111005622,113.32357431167542,22.244134577747225,0.5522613949745039,0,0
2025-12-25 18:10:23.003538,DB5,83.36130880205778,78.09971058640741,22.769334366876123,0.43305568065659533,0,0
2025-12-25 18:11:23.003538,APP13,93.65189447621236,57.37532990856659,39.17080625999983,0.21648561750549283,0,0
2025-12-25 18:12:23.003538,APP14,66.66182033803179,108.77087301066996,43.9513405767309,0.6805147632900028,0,0
2025-12-25 18:13:23.003538,DB1,73.21960958944632,85.69987002549502,13.93227751895779,0.5270050885560605,0,0
2025-12-25 18:14:23.003538,APP2,102.70541651796997,74.01319728399942,46.187556652010535,0.6983409214669054,0,0
2025-12-25 18:15:23.003538,APP12,76.12843293522089,100.16238464896509,29.873983145604832,0.490106705271365,0,0
2025-12-25 18:16:23.003538,R2,100.56709717348629,72.14817716068539,29.6744337622314,0.30544344252163347,0,0
2025-12-25 18:17:23.003538,SW1,603.6740604553846,160.41527580959792,167.60055158346697,2.665236399357238,2,1
2025-12-25 18:18:23.003538,FW2,77.52805807654445,58.637259285930554,39.18804822055917,0.5000939649524635,0,0
2025-12-25 18:19:23.003538,SW7,20.258936226050878,70.98849527262513,36.13136283997758,0.4808146382746328,0,0
2025-12-25 18:20:23.003538,APP7,101.80999471077087,78.64618087580484,35.986070986727825,0.6245559999822007,0,0
2025-12-25 18:21:23.003538,FW1,111.7174884820304,76.91540060061413,22.792391753882967,0.18789812044459708,0,0
2025-12-25 18:22:23.003538,R3,76.1832859404941,64.91399555414861,26.885066870904524,0.43334489796507836,0,0
2025-12-25 18:23:23.003538,DB5,77.26839821465892,66.20626198462647,1.876417637900687,0.1552255920661098,0,0
2025-12-25 18:24:23.003538,APP12,21.496408492623203,94.01577366265582,24.16007702030601,0.6353346949389893,0,0
2025-12-25 18:25:23.003538,APP1,90.72818765776876,12.975950133564055,41.38495351905758,0.6084984526501579,0,0
2025-12-25 18:26:23.003538,SW1,78.55851952526875,62.723484541136784,7.963439646460774,0.4083015136558389,0,0
2025-12-25 18:27:23.003538,APP3,94.5654966183244,67.10318916870273,24.155338779191272,0.3739768392439083,0,0
2025-12-25 18:28:23.003538,APP15,97.64010630517555,64.76527023845492,21.06817952548134,0.5296948439634172,0,0
2025-12-25 18:29:23.003538,APP10,196.5106938424681,159.26949592304624,269.4844248444963,1.8480192069678258,2,1
2025-12-25 18:30:23.003538,DB5,68.29971528935704,35.041174975837286,28.47711405717402,0.5796615765178748,0,0
2025-12-25 18:31:23.003538,APP13,78.87198932305078,74.1680218202717,34.664769711907624,0.5751052439146592,0,0
2025-12-25 18:32:23.003538,APP15,471.3202340601414,319.3142212010492,171.67857768563536,0.8914934892433707,2,1
2025-12-25 18:33:23.003538,FW3,91.68420515616948,68.76822948251822,13.108023826041514,0.29754787296022267,0,0
2025-12-25 18:34:23.003538,SW3,82.91386275652845,101.45205441182361,22.821401446550386,0.3950572180160051,0,0
2025-12-25 18:35:23.003538,SW4,93.48854118266432,43.62661163726377,29.912031965788287,0.8388053685314271,0,0
2025-12-25 18:36:23.003538,SW2,99.95853456647573,49.38583843820603,18.24096780930743,0.649759139405144,0,0
2025-12-25 18:37:23.003538,DB1,95.03684946081921,62.232403340322165,12.522717772590685,0.7592451687111557,0,0
2025-12-25 18:38:23.003538,APP8,83.44462574355879,74.57502258691821,25.69123854284909,0.634921594822899,0,0
2025-12-25 18:39:23.003538,APP1,77.33069727974274,74.87550003926306,8.312328594668031,0.4289498183782786,0,0
2025-12-25 18:40:23.003538,R1,100.84709678952905,86.72331609025423,32.26535531399522,0.8623315171673347,0,0
2025-12-25 18:41:23.003538,APP6,41.41005814545374,74.07289663066138,20.589004354895216,0.4611163259626677,0,0
2025-12-25 18:42:23.003538,APP11,88.12593037279775,81.73195115777861,15.44094554812077,0.30170482500343776,0,0
2025-12-25 18:43:23.003538,DB2,68.8126637466846,105.58594945138749,20.40194296176099,0.21135422656150565,0,0
2025-12-25 18:44:23.003538,APP13,71.93070254712958,112.21942149780645,15.10108125671094,0.013057253432897542,0,0
2025-12-25 18:45:23.003538,SW1,101.65828014740427,77.08098966985965,10.688882891060437,0.430877238018033,0,0
2025-12-25 18:46:23.003538,APP2,100.39580156310653,63.73415859559504,26.53717756278929,0.45958223994807423,0,0
2025-12-25 18:47:23.003538,R3,86.97684149687947,77.17112977710165,30.131141605475396,0.5839996872186204,0,0
2025-12-25 18:48:23.003538,R1,57.64736458205046,81.3683902417858,30.97485520972653,0.23277582475209208,0,0
2025-12-25 18:49:23.003538,APP6,43.678723160212755,56.343877559244476,21.92225155939776,0.7293726726920318,0,0
2025-12-25 18:50:23.003538,APP15,65.83402247878402,88.53868194336246,21.894504053108932,0.3786495148499674,0,0
2025-12-25 18:51:23.003538,FW3,87.9334241758404,79.91867995070623,29.04381956731404,0.4448038138727839,0,0
2025-12-25 18:52:23.003538,APP10,58.183252894233846,53.48101882430479,26.088234453842603,0.5977934256617579,0,0
2025-12-25 18:53:23.003538,SW8,60.28188052143251,97.75414812337257,25.839578084363293,0.48833570721325104,0,0
2025-12-25 18:54:23.003538,SW2,115.00957816026461,65.14350993457381,20.57186971302353,0.28878795087662346,0,0
2025-12-25 18:55:23.003538,APP7,74.28994449260574,78.11268548076653,15.957845699498016,0.4986585290474124,0,0
2025-12-25 18:56:23.003538,R1,59.83560210720729,86.1741477253158,37.67178540504247,0.5601118743232657,0,0
2025-12-25 18:57:23.003538,APP3,88.61482252533524,66.30775528156036,15.647734584137803,0.5954318270950973,0,0
2025-12-25 18:58:23.003538,FW1,104.53955446261327,97.98906604896578,23.360401832658933,0.35540124655693345,0,0
2025-12-25 18:59:23.003538,DB3,81.32574073880541,59.33701195248351,38.57135699480442,0.4913051337947942,0,0
2025-12-25 19:00:23.003538,SW2,60.62724575995792,49.498036800438875,34.83998624445271,0.776315674099824,0,0
2025-12-25 19:01:23.003538,APP12,91.31251092707824,65.20113852551742,33.75699635799483,0.1244720192022894,0,0
2025-12-25 19:02:23.003538,APP4,50.89298798188976,100.26526011819888,44.18195452372021,0.7309731027505787,0,0
2025-12-25 19:03:23.003538,SW10,56.14387470411579,99.21553235316232,45.19167148602085,0.5660469522059924,0,0
2025-12-25 19:04:23.003538,DB4,98.42425938828032,85.58099815135941,16.80977116716295,0.6249283262297368,0,0
2025-12-25 19:05:23.003538,SW5,63.033705805010904,62.34307115829773,27.78239408471279,0.1835996445112636,0,0
2025-12-25 19:06:23.003538,APP11,61.08752247424161,81.04689036068501,14.81393891709587,0.13830134648681958,0,0
2025-12-25 19:07:23.003538,APP11,85.10460113051865,75.93903013936843,32.11197956479121,0.33977996395560406,0,0
2025-12-25 19:08:23.003538,SW3,94.51726296808242,77.92599792054277,23.126917500432594,0.5031052749339358,0,0
2025-12-25 19:09:23.003538,SW7,58.27752867638938,51.80634509794551,38.89520121827627,0.2905944398415365,0,0
2025-12-25 19:10:23.003538,APP12,72.85877002399135,74.14264268396853,29.481119009863782,0.6085606062519626,0,0
2025-12-25 19:11:23.003538,SW7,101.31441373614673,65.93489785556295,31.308014043483475,0.3934075879348198,0,0
2025-12-25 19:12:23.003538,APP3,394.62332972473513,410.76346346321174,400.4504927149075,2.722467179120296,2,1
2025-12-25 19:13:23.003538,APP12,71.25548014556554,58.97840585248073,24.768487366281413,0.16562427508644306,0,0
2025-12-25 19:14:23.003538,SW3,562.8300908242423,373.38911734710547,23.535634486210167,2.520145699559773,1,1
2025-12-25 19:15:23.003538,APP8,97.404018223773,83.76142845507279,13.536113302895119,0.3021890179459562,0,0
2025-12-25 19:16:23.003538,APP11,60.13759155189635,90.55638148697936,29.9675373109757,0.6987196788948002,0,0
2025-12-25 19:17:23.003538,SW6,120.2980690239616,171.19207454978707,108.5224189346459,2.277449983966372,3,1
2025-12-25 19:18:23.003538,DB1,82.37114419975019,69.35872791450026,22.99762665732226,0.5437671155824675,0,0
2025-12-25 19:19:23.003538,APP6,70.08859851023625,65.16465151180385,19.887270266245483,0.7670836537851399,0,0
2025-12-25 19:20:23.003538,APP6,121.34567139813636,58.34089334197917,12.036989645961748,0.3261350901888386,0,0
2025-12-25 19:21:23.003538,R3,93.15108990259719,69.99854796319796,48.55436504032427,0.5475261129923733,0,0
2025-12-25 19:22:23.003538,SW7,84.38082246928197,100.34093835108266,31.16044410732243,0.7548256742333439,0,0
2025-12-25 19:23:23.003538,SW7,48.06684489981163,90.75390308493466,32.640945332812095,0.40252514672080947,0,0
2025-12-25 19:24:23.003538,APP9,61.40172414670596,61.12065060786754,24.30363137095152,0.6851244462180822,0,0
2025-12-25 19:25:23.003538,DB5,105.14754522777665,75.57831986669532,45.285917141231806,0.6116033155666113,0,0
2025-12-25 19:26:23.003538,APP8,119.55237258599749,81.96311716869603,16.829703704322274,0.22923201583350988,0,0
2025-12-25 19:27:23.003538,SW6,78.32623870487917,92.4799648943594,33.983938568430716,0.34986788381047235,0,0
2025-12-25 19:28:23.003538,SW7,219.78765468775583,263.9369574449926,181.1007752967365,2.4669458293523885,2,1
2025-12-25 19:29:23.003538,APP12,100.26477550285064,59.77476598924376,20.004584771762705,0.8491045091868437,0,0
2025-12-25 19:30:23.003538,SW9,88.75054978018505,63.200129720139444,21.320418360665684,0.6336492447051096,0,0
2025-12-25 19:31:23.003538,APP1,138.6691240255932,369.4592686066546,119.10115939408134,3.072970884925263,3,1
2025-12-25 19:32:23.003538,APP4,104.74276436212647,81.41526792923368,24.090495776674334,0.5807771303925027,0,0
2025-12-25 19:33:23.003538,APP8,104.77653271912683,89.34103471824432,28.053730743904204,0.63900898479444,0,0
2025-12-25 19:34:23.003538,SW5,97.32988198425655,91.3630244684044,26.626860391311446,0.5274330251463819,0,0
2025-12-25 19:35:23.003538,DB1,74.89864380459605,66.64487983853101,38.55977368486355,0.36998787458136084,0,0
2025-12-25 19:36:23.003538,SW9,74.87962107005424,68.59693038721738,28.272464729787835,0.9968811077267676,0,0
2025-12-25 19:37:23.003538,APP12,71.15938003837354,78.38962619247938,14.851121537196155,0.3634478616326078,0,0
2025-12-25 19:38:23.003538,DB4,89.36902738491376,112.15460019466282,48.005511499481834,0.5022733331047459,0,0
2025-12-25 19:39:23.003538,APP10,48.71466474831149,90.88095780731929,13.9441852699507,0.6573987423782164,0,0
2025-12-25 19:40:23.003538,APP4,93.24828999288106,71.75800204618263,20.395180563062784,0.7582747843626201,0,0
2025-12-25 19:41:23.003538,APP8,62.894438746683875,45.57271184166402,10.329989835516002,0.44101429167556394,0,0
2025-12-25 19:42:23.003538,APP4,69.67739054531691,75.2741042053812,31.92035962139323,0.3032732819102879,0,0
2025-12-25 19:43:23.003538,APP5,72.09811445824181,79.11073064126288,27.042491814316186,0.5849010322685062,0,0
2025-12-25 19:44:23.003538,APP1,57.90443175077404,102.64913612205497,32.97227587015089,0.21436260372314242,0,0
2025-12-25 19:45:23.003538,DB2,63.032609574114446,84.06787305065872,16.857873161457373,0.6705313569920388,0,0
2025-12-25 19:46:23.003538,SW1,96.86238565773542,90.2075729542672,17.549911627746816,0.23550783759515292,0,0
2025-12-25 19:47:23.003538,FW2,114.86326535358218,76.81915296261835,29.900352438580086,0.8237088878133898,0,0
2025-12-25 19:48:23.003538,APP11,69.34389443875578,104.91385799894586,24.340949674523145,0.6136223466308556,0,0
2025-12-25 19:49:23.003538,SW4,84.27382004560877,50.42120736815441,35.556358207301585,0.5182443942041579,0,0
2025-12-25 19:50:23.003538,APP6,90.84103282460316,73.71205629741415,17.051137202781796,0.31040858137799454,0,0
2025-12-25 19:51:23.003538,DB1,84.67511648353621,43.54339899742946,2.6364729193604077,0.5978154237140476,0,0
2025-12-25 19:52:23.003538,APP6,67.41906556705487,74.29801075383516,13.439798578646133,0.8023542661339977,0,0
2025-12-25 19:53:23.003538,R1,126.83195150927446,84.07131303426783,22.28055125629932,0.13212535529190583,0,0
2025-12-25 19:54:23.003538,APP3,66.85572301634443,90.22126660745329,7.090283280525618,0.41785029884734154,0,0
2025-12-25 19:55:23.003538,DB2,81.73073181866702,99.09245226633556,28.126870935498047,0.27294001889186936,0,0
2025-12-25 19:56:23.003538,FW3,89.80553186269768,79.10324522401547,10.606453486021936,0.5709019332537243,0,0
2025-12-25 19:57:23.003538,APP14,75.6884075632541,102.76108127760543,17.091977055424785,0.29379766752891145,0,0
2025-12-25 19:58:23.003538,R1,70.39111081809844,99.34867302910584,30.384610538435723,0.3035424892881958,0,0
2025-12-25 19:59:23.003538,APP8,92.97360244145487,78.83645868991566,20.378306255651694,0.4604213514512139,0,0
2025-12-25 20:00:23.003538,SW4,118.04752853371963,87.0066367541821,32.39613880701647,0.36418788402269137,0,0
2025-12-25 20:01:23.003538,APP9,88.40079084272219,77.44975832895484,33.33306209195782,0.6190174346045861,0,0
2025-12-25 20:02:23.003538,SW10,82.58340205063497,48.83353084448613,31.99793801379582,0.78508844828449,0,0
2025-12-25 20:03:23.003538,DB1,86.44719461489017,47.8789847970263,28.539263657456225,0.566932381153934,0,0
2025-12-25 20:04:23.003538,SW6,75.56018994030318,72.14012033264831,9.535805581453612,0.5609207873013641,0,0
2025-12-25 20:05:23.003538,SW10,71.32009650799782,82.28808940855347,25.31319230008472,0.4954200583210483,0,0
2025-12-25 20:06:23.003538,R2,74.01685521915039,62.618758665115784,32.42033017150067,0.6297639482864138,0,0
2025-12-25 20:07:23.003538,APP3,107.9603212466887,82.80564087377094,21.889923877851224,0.6980937433058454,0,0
2025-12-25 20:08:23.003538,SW8,119.14689012784294,29.974639472919513,53.163334985201196,0.6771749203804602,0,0
2025-12-25 20:09:23.003538,APP13,87.24583011093104,97.97596771850625,18.63240867792198,0.4219291984381544,0,0
2025-12-25 20:10:23.003538,SW5,84.49613397857182,77.06237048763315,14.640006812155242,0.1432925770299534,0,0
2025-12-25 20:11:23.003538,APP1,55.885638634007016,79.5840444589906,17.915981432459553,0.7034190624439781,0,0
2025-12-25 20:12:23.003538,APP12,88.72698380387867,75.56910172136469,24.33860283092377,0.6388137126877602,0,0
2025-12-25 20:13:23.003538,SW9,86.9198946067405,109.2523235310828,19.728510899786315,0.3274130254673634,0,0
2025-12-25 20:14:23.003538,APP4,91.90270289044136,64.50041585400649,1.6901683200896755,0.5611250630262161,0,0
2025-12-25 20:15:23.003538,FW1,46.45776459495245,46.51624181547691,14.362096946763543,0.4406336311412907,0,0
2025-12-25 20:16:23.003538,APP9,94.41142180986677,75.68051990595889,16.46748191240468,0.3961130166249646,0,0
2025-12-25 20:17:23.003538,SW10,96.43433910200518,118.64394923581061,20.663306551104874,0.672666810889291,0,0
2025-12-25 20:18:23.003538,APP9,91.72998597331758,51.41426949760307,36.58404485164678,0.648342614529748,0,0
2025-12-25 20:19:23.003538,DB1,113.63108020880269,74.6313721799002,14.920136910134316,0.690074970994647,0,0
2025-12-25 20:20:23.003538,R3,108.01106647495966,67.96404831087395,2.7238999516502744,0.6380245733062573,0,0
2025-12-25 20:21:23.003538,APP2,60.885418142410614,70.85777769855393,19.936727343796843,0.6512077105842844,0,0
2025-12-25 20:22:23.003538,SW9,53.00502008183503,58.937379713649385,24.49831899278696,0.7099025761460039,0,0
2025-12-25 20:23:23.003538,SW5,124.50285880014293,234.64999232532307,112.94097951426623,3.4596747489257744,3,1
2025-12-25 20:24:23.003538,APP10,88.3465333229802,76.22404098619013,36.63838482325083,0.33785641202059624,0,0
2025-12-25 20:25:23.003538,SW9,97.75481438042917,80.02697916906698,41.422491149389536,0.1864048784129112,0,0
2025-12-25 20:26:23.003538,DB4,58.4563720358434,68.99740800396128,13.856498534422974,0.13128891910907248,0,0
2025-12-25 20:27:23.003538,APP2,42.31329151899835,83.73800109331306,23.86835202041255,0.4507999450711562,0,0
2025-12-25 20:28:23.003538,APP1,95.66637642541545,62.41555456172915,29.175574346442822,0.6001307776171088,0,0
2025-12-25 20:29:23.003538,APP12,59.99609146232689,109.18777108685217,28.415336675846763,0.10952149733920574,0,0
2025-12-25 20:30:23.003538,APP15,578.1298091630186,195.2174194974757,47.3082419717815,3.6222331258968388,1,1
2025-12-25 20:31:23.003538,APP1,111.01647833840931,98.2135379111007,29.970960958188833,0.8161097017730263,0,0
2025-12-25 20:32:23.003538,SW8,101.49474894517975,68.56199350824754,18.81877583931895,0.7797610828582374,0,0
2025-12-25 20:33:23.003538,SW8,101.61157004024173,80.84445313274637,23.81063907405334,0.43374775823780504,0,0
2025-12-25 20:34:23.003538,APP11,90.53878980465893,66.71636197289114,18.770142318592082,0.4059243312804441,0,0
2025-12-25 20:35:23.003538,DB2,108.28265349848806,75.16853077239641,20.460330798336155,0.6791468326576839,0,0
2025-12-25 20:36:23.003538,SW6,74.32013043720993,72.50414030015106,18.190662646572395,0.6388737668323502,0,0
2025-12-25 20:37:23.003538,APP5,64.73775748756462,76.16138076235514,20.67628403430237,0.6225278955988127,0,0
2025-12-25 20:38:23.003538,SW2,49.68887554181286,70.67654615229692,29.0597935138448,0.2618745411793353,0,0
2025-12-25 20:39:23.003538,FW2,91.48366431961668,81.47151508195174,16.68437043042769,0.5076619495772303,0,0
2025-12-25 20:40:23.003538,SW5,72.95729638332745,93.84685145827606,16.295960225541528,0.4192357066718055,0,0
2025-12-25 20:41:23.003538,R1,110.92964515838531,89.40694241828267,20.752208298290878,0.49207353226474426,0,0
2025-12-25 20:42:23.003538,DB2,91.93241551664062,50.80376491584492,18.34880025213022,0.6755245096504574,0,0
2025-12-25 20:43:23.003538,APP1,87.25766048663317,75.88950700781699,28.19500601302186,0.6607448624140446,0,0
2025-12-25 20:44:23.003538,R3,112.75126142044465,58.50530534479623,29.202063133763147,0.6900247968797029,0,0
2025-12-25 20:45:23.003538,SW2,340.65814564504024,256.61111077690543,263.77258764602817,2.0534494767191385,2,1
2025-12-25 20:46:23.003538,DB5,76.35700622982317,59.78795201829767,29.208281772802422,0.4294126949602895,0,0
2025-12-25 20:47:23.003538,DB4,79.58428109600149,59.30675540954903,8.854916754324059,0.6145060480716446,0,0
2025-12-25 20:48:23.003538,DB1,69.38267293776609,79.99197471596102,34.70833162651217,0.4974358365537143,0,0
2025-12-25 20:49:23.003538,APP3,91.98845860804563,90.50647360634373,36.3310354035802,0.16572322729639605,0,0
2025-12-25 20:50:23.003538,APP3,81.28761821748994,58.28845589307798,39.49083478078174,0.26296595458749894,0,0
2025-12-25 20:51:23.003538,SW5,106.2829520569999,60.160268513481334,19.004829600673595,0.5691828016025781,0,0
2025-12-25 20:52:23.003538,SW1,103.25326854948875,96.55342634753157,28.30423774673655,0.6480589448982093,0,0
2025-12-25 20:53:23.003538,SW7,286.22335675049,158.7162808938747,52.69439292583309,1.7690143312382822,3,1
2025-12-25 20:54:23.003538,DB5,90.20547243442459,87.05431028819281,36.843016894622835,0.23811105830229168,0,0
2025-12-25 20:55:23.003538,DB2,33.688945719977575,81.3151650808658,27.288929169731773,0.275420246027896,0,0
2025-12-25 20:56:23.003538,APP11,107.3724431087384,66.02262468848923,22.020233743446763,0.8187986494503219,0,0
2025-12-25 20:57:23.003538,DB3,95.10999618681265,77.85155126127626,28.243468404214372,0.6109707010241212,0,0
2025-12-25 20:58:23.003538,FW3,232.6865677053916,295.5190082816517,134.11201264643276,3.233533810011134,2,1
2025-12-25 20:59:23.003538,R1,51.71681204866804,81.0677113595786,34.68222682980261,0.8012393716651841,0,0
2025-12-25 21:00:23.003538,SW9,91.80147636976355,72.51171788594877,46.86484532483888,0.7681999090963668,0,0
2025-12-25 21:01:23.003538,APP3,72.64061720863631,115.00535146948104,37.96562533489788,0.47462497231228656,0,0
2025-12-25 21:02:23.003538,APP2,52.98101528064632,82.564319289975,18.593040683502338,0.38685855878912445,0,0
2025-12-25 21:03:23.003538,SW10,151.87945918888974,365.83206431747817,213.4463923608693,3.2050723923593747,2,1
2025-12-25 21:04:23.003538,DB4,102.49991545651487,81.3912681286068,20.23637303903198,0.5112880920267314,0,0
2025-12-25 21:05:23.003538,SW6,113.33630022224747,73.01859844357918,20.386970215849267,0.49415781741753956,0,0
2025-12-25 21:06:23.003538,APP11,561.6784491419336,216.01345229860522,112.82811285307557,2.3366280383983886,1,1
2025-12-25 21:07:23.003538,APP9,72.13920105473827,77.31722343103856,14.96097227468319,0.25541313755105777,0,0
2025-12-25 21:08:23.003538,R3,60.6005548046707,71.80904856785325,40.82101760833706,0.6649297375419481,0,0
2025-12-25 21:09:23.003538,APP7,103.3612453852114,78.11390989917581,18.889410257181574,0.539432941111345,0,0
2025-12-25 21:10:23.003538,APP8,113.86454945267624,73.85822878484747,31.990603837821983,0.5613315033019762,0,0
2025-12-25 21:11:23.003538,R3,59.383643561183085,73.39950518796607,42.71498042118529,0.13348925785196308,0,0
2025-12-25 21:12:23.003538,SW6,98.57218466234463,46.21504285169834,13.409036011489288,0.6583201055630133,0,0
2025-12-25 21:13:23.003538,R1,95.44804797658671,77.3718982868469,28.47775448303405,0.5454926766678804,0,0
2025-12-25 21:14:23.003538,APP14,84.49656178239113,89.2467340712258,18.217979700488165,0.5979224883205009,0,0
2025-12-25 21:15:23.003538,R2,85.30206432289201,70.09356715130653,11.46103664232594,0.575453277327413,0,0
2025-12-25 21:16:23.003538,SW8,80.87480109593605,78.5814354427161,11.324501706646412,0.6912256487080506,0,0
2025-12-25 21:17:23.003538,APP10,111.75738777462578,68.1820286554615,24.68076037453685,0.4877764604256836,0,0
2025-12-25 21:18:23.003538,APP13,80.32247568301047,84.40943852178007,23.275051163971607,0.37050927054552274,0,0
2025-12-25 21:19:23.003538,APP12,58.17519340708621,55.245591531128326,27.684733318518447,0.1448092203830868,0,0
2025-12-25 21:20:23.003538,SW6,77.16443601623801,70.34068957737463,29.769500304372436,0.8932621959519783,0,0
2025-12-25 21:21:23.003538,APP2,62.58187042531357,105.70778809633856,33.23035550436343,0.269675466951923,0,0
2025-12-25 21:22:23.003538,SW6,72.52153563731213,60.47938800078405,22.05938251904312,0.3153313345964507,0,0
2025-12-25 21:23:23.003538,SW6,73.03691486326802,62.45365539649956,14.154583998860026,0.8145794622136064,0,0
2025-12-25 21:24:23.003538,R2,65.47970768231686,79.48263319652798,34.629892718221534,0.3978084299832343,0,0
2025-12-25 21:25:23.003538,R3,86.36588491506059,113.3206652376063,18.725172264845753,0.32592184019891934,0,0
2025-12-25 21:26:23.003538,SW4,83.50216332053007,82.16427022049857,37.791803805879475,0.7394280481025312,0,0
2025-12-25 21:27:23.003538,SW5,84.39432801342011,67.2932596733491,16.01224866939978,0.10985132345321941,0,0
2025-12-25 21:28:23.003538,SW4,84.48043682771979,60.852590797804666,20.170679399040875,0.6186965505127127,0,0
2025-12-25 21:29:23.003538,SW10,83.74408475292421,84.23962564257556,38.33483778416806,0.41787691416894857,0,0
2025-12-25 21:30:23.003538,APP2,69.23372911362607,64.32491688633718,8.36648025572621,0.17890638748087562,0,0
2025-12-25 21:31:23.003538,SW4,136.03061788828194,270.25002784000066,150.86583173202735,2.128774702424078,2,1
2025-12-25 21:32:23.003538,APP2,100.99272836243162,60.3354492527879,5.9684768570054985,0.6118836599926165,0,0
2025-12-25 21:33:23.003538,FW3,93.29304644354772,98.90583014587436,28.2170000178575,0.07323264831190507,0,0
2025-12-25 21:34:23.003538,SW9,44.948915648436206,97.92854127474504,21.95446748496286,0.8535449428471891,0,0
2025-12-25 21:35:23.003538,SW9,92.06930388891591,79.01141284004451,38.51763165843074,0.7827793335990044,0,0
2025-12-25 21:36:23.003538,APP6,92.571997835271,74.09358563987848,15.411318623307386,0.30204784456235617,0,0
2025-12-25 21:37:23.003538,SW6,50.30446129248709,78.34914168461592,40.504595799458684,0.4649059147166522,0,0
2025-12-25 21:38:23.003538,DB3,49.75583833529747,69.7670591823672,8.520754764807585,0.5965975949656748,0,0
2025-12-25 21:39:23.003538,SW3,78.58499142135976,87.69481715664699,28.231653904037042,0.5627500931246366,0,0
2025-12-25 21:40:23.003538,SW1,56.281098385437076,88.40699421937016,25.908859731624382,0.8535865427653422,0,0
2025-12-25 21:41:23.003538,APP12,98.66535081789493,100.26863232504196,18.342480052931073,0.2566263043201885,0,0
2025-12-25 21:42:23.003538,APP1,334.8649023025806,187.7755041212099,114.61986556970038,2.9017590166531173,1,1
2025-12-25 21:43:23.003538,APP8,83.82567666291904,106.58919431599418,23.453243741158424,0.31492636156273457,0,0
2025-12-25 21:44:23.003538,SW7,124.44167029311019,85.33840604805383,17.78932624432924,0.4916441886800918,0,0
2025-12-25 21:45:23.003538,APP13,90.2283230243457,90.36564172393612,23.078791883022518,0.4379849003806069,0,0
2025-12-25 21:46:23.003538,SW9,56.84405565182495,81.08948732394607,18.899008743330697,1.1626250607395927,0,0
2025-12-25 21:47:23.003538,APP1,93.62398102250538,97.49766300785265,2.276326394026743,0.5585726717976164,0,0
2025-12-25 21:48:23.003538,SW8,39.63451417022149,95.9072336654043,22.184179406605658,0.7980231325185217,0,0
2025-12-25 21:49:23.003538,SW3,86.84194052969164,83.0810195289431,20.83327934416606,0.6058643127893265,0,0
2025-12-25 21:50:23.003538,DB1,54.732727290114866,55.249003019713456,26.607006162029528,0.6286196189958604,0,0
2025-12-25 21:51:23.003538,DB3,77.73949347238225,72.36211503798964,34.9491643955357,0.6191210488615697,0,0
2025-12-25 21:52:23.003538,FW1,95.66825668125122,88.26840370710447,24.980213416973363,0.33890051944594507,0,0
2025-12-25 21:53:23.003538,DB3,84.83478655173286,83.02843030177867,21.545352357335993,0.8825743361781981,0,0
2025-12-25 21:54:23.003538,APP4,44.389662966893724,80.64995458646938,21.602342988146237,0.3771420099029338,0,0
2025-12-25 21:55:23.003538,R3,92.63321948980253,75.11560754907468,35.88388005911482,0.033598481249647316,0,0
2025-12-25 21:56:23.003538,FW2,55.0990939872362,63.28316083296457,32.40621424104767,0.7147868584967685,0,0
2025-12-25 21:57:23.003538,SW7,109.40080438119503,82.85911399646074,43.25984392892859,0.42275021510649147,0,0
2025-12-25 21:58:23.003538,FW2,67.54483184601042,91.50522952010843,20.82237176997795,0.7090825921081616,0,0
2025-12-25 21:59:23.003538,APP11,107.39666842127708,67.14452091484806,34.75278059555657,0.6511831458624233,0,0
2025-12-25 22:00:23.003538,SW8,72.02394194825325,73.41177762437431,15.955139261868593,0.5114998485567844,0,0
2025-12-25 22:01:23.003538,APP4,99.06408907329322,72.13893998496191,32.18474482553138,0.6863996706452616,0,0
2025-12-25 22:02:23.003538,APP10,33.375609243144815,69.1616872337,33.00415744655014,0.41011164046165133,0,0
2025-12-25 22:03:23.003538,APP8,41.322862865552985,62.006639733146734,33.78363293441899,0.6482386237439843,0,0
2025-12-25 22:04:23.003538,APP7,72.0464089322711,82.48298985809612,16.428166150131332,0.29705847420421905,0,0
2025-12-25 22:05:23.003538,DB2,50.54413549322816,76.03418340482648,22.165216169580354,0.5223512148049545,0,0
2025-12-25 22:06:23.003538,APP3,125.36191361428479,107.61053404154536,21.81944640224893,0.5249260661068959,0,0
2025-12-25 22:07:23.003538,APP5,225.1574282672856,131.62766917807932,213.75897832713338,2.7384042714553454,2,1
2025-12-25 22:08:23.003538,SW8,108.70374769895918,34.00850758791749,32.984473976010364,0.18035540480283951,0,0
2025-12-25 22:09:23.003538,DB1,49.5476894018896,77.48803143024325,30.497724727238538,0.41571551430249365,0,0
2025-12-25 22:10:23.003538,DB1,49.15175956003793,83.93758804072775,20.023035963377218,0.4366885642468986,0,0
2025-12-25 22:11:23.003538,SW6,66.75699873527965,73.90825483809832,13.723797675986134,0.3045425549569607,0,0
2025-12-25 22:12:23.003538,DB5,44.73356510314939,81.70472950681341,37.28414799716184,0.9917798841918192,0,0
2025-12-25 22:13:23.003538,DB5,74.08302694741445,104.76454548396006,17.190216317656663,0.6319639843062314,0,0
2025-12-25 22:14:23.003538,FW2,75.77391333252729,78.65926416419086,18.087501842518527,0.35108451864084883,0,0
2025-12-25 22:15:23.003538,APP6,103.394643703013,59.99444227262685,14.490673302795543,0.3841190943399455,0,0
2025-12-25 22:16:23.003538,APP8,96.32454632846425,60.88669719183423,18.438871238016368,0.3433633815747271,0,0
2025-12-25 22:17:23.003538,APP1,67.15162606033184,84.19230055798668,37.717558601567504,0.7739348050993566,0,0
2025-12-25 22:18:23.003538,APP15,494.3430755089031,208.16886863631336,368.3987005001939,2.7429609398587407,2,1
2025-12-25 22:19:23.003538,FW1,110.74105672070635,49.28003330980283,32.889848050741875,0.34532035465365285,0,0
2025-12-25 22:20:23.003538,APP13,77.62059437317362,78.13623130823262,22.00503393429159,0.733595600293118,0,0
2025-12-25 22:21:23.003538,APP10,105.86960988202308,81.67673456376986,8.364449416167602,0.3003648639138363,0,0
2025-12-25 22:22:23.003538,APP4,125.20814179791165,66.54827389860596,23.394684230616992,0.4355861699038184,0,0
2025-12-25 22:23:23.003538,SW6,76.3475912630853,75.0320082971593,17.359672628936504,0.4433735985364097,0,0
2025-12-25 22:24:23.003538,DB3,54.542201507905304,92.0000481189574,30.38083334738622,0.3133170865921817,0,0
2025-12-25 22:25:23.003538,APP1,80.68169643796952,118.97200509029108,15.578065923031609,0.6031026182347222,0,0
2025-12-25 22:26:23.003538,SW10,78.71916252824525,70.56332890883988,28.536525535740065,0.14180289325402312,0,0
2025-12-25 22:27:23.003538,R3,85.86665259769127,59.40171479518293,24.550774009899467,0.6527468311277922,0,0
2025-12-25 22:28:23.003538,SW7,191.1188334324063,174.72169248703605,148.78375085347042,1.0175270719143172,2,1
2025-12-25 22:29:23.003538,SW3,78.10995784167213,77.27469979163561,29.997802596902538,0.12557650536562243,0,0
2025-12-25 22:30:23.003538,SW10,65.3637214235418,78.0284246487111,35.61295977817902,0.4574682894298619,0,0
2025-12-25 22:31:23.003538,FW1,64.89354848904412,86.10718276358067,28.216366279195235,0.7262419133402189,0,0
2025-12-25 22:32:23.003538,DB1,79.58308227143351,71.65981624249382,25.174754396927355,0.8914923804857529,0,0
2025-12-25 22:33:23.003538,DB4,80.2622295286016,96.094737692347,31.8703611079706,0.5417254894297154,0,0
2025-12-25 22:34:23.003538,R2,52.79771321157313,110.02268570842105,27.539192560139085,0.6915250800504568,0,0
2025-12-25 22:35:23.003538,APP8,101.33671349319613,74.2534799146281,17.16628965278141,0.41557322918677203,0,0
2025-12-25 22:36:23.003538,APP8,72.45547584674094,83.67489626606361,18.477750853975643,0.3966316645405356,0,0
2025-12-25 22:37:23.003538,APP5,61.414131584425945,61.508276757833784,36.49131104061872,0.5053266792245792,0,0
2025-12-25 22:38:23.003538,R2,205.07464106570274,448.75297874038415,312.55893817281435,1.5929651599846206,2,1
2025-12-25 22:39:23.003538,DB1,80.30638490085303,89.14022204734593,38.26238987455531,0.1381154019211016,0,0
2025-12-25 22:40:23.003538,APP9,95.31070455257549,90.0519971652702,40.47821144841876,0.19699108397354054,0,0
2025-12-25 22:41:23.003538,SW4,110.77798333820076,80.58706755355215,20.0476303895665,0.634464595158643,0,0
2025-12-25 22:42:23.003538,SW1,106.32608016615418,97.57693035766108,23.29724817659222,0.7056604077586963,0,0
2025-12-25 22:43:23.003538,APP13,175.8365869214527,210.28342492570994,197.31659475312262,1.515781231011458,2,1
2025-12-25 22:44:23.003538,APP11,87.3263344249434,58.51584622232599,38.21541197696426,0.3240606097604597,0,0
2025-12-25 22:45:23.003538,R1,86.80166224781682,84.13590170080181,-1.3929364785113378,0.14223074239321942,0,0
2025-12-25 22:46:23.003538,SW5,273.7200271803109,412.6061754137172,57.22917422990118,1.719842074435839,3,1
2025-12-25 22:47:23.003538,SW1,40.78651051462115,50.00654445871943,28.00120106677042,0.3953996631031014,0,0
2025-12-25 22:48:23.003538,DB3,76.50143711705334,42.62354100096587,23.78442332119152,0.4509442479294765,0,0
2025-12-25 22:49:23.003538,APP7,125.80300745610083,66.07412151127139,38.87970340769262,0.6291461461541141,0,0
2025-12-25 22:50:23.003538,SW5,84.21911785415239,66.90522855698107,36.14039333320682,0.565563490459838,0,0
2025-12-25 22:51:23.003538,APP2,97.03220326282003,93.59364764153158,20.77836818964846,0.46751189651585306,0,0
2025-12-25 22:52:23.003538,APP5,560.4264123997823,340.7523804661543,95.42568126179833,2.1582616994775243,1,1
2025-12-25 22:53:23.003538,SW3,54.04592866414559,93.59656336144883,15.171108739615226,0.5855103378589299,0,0
2025-12-25 22:54:23.003538,APP11,77.42352012297805,80.67246982223854,28.777842096460432,0.5326837065444234,0,0
2025-12-25 22:55:23.003538,FW2,87.30228657530456,72.54694655433104,27.415724726324132,0.527775679211472,0,0
2025-12-25 22:56:23.003538,APP15,119.88933201913534,67.99189932979037,26.62042902497078,0.5989066435254728,0,0
2025-12-25 22:57:23.003538,SW2,52.14451972266335,86.7246023156276,33.974249042123525,0.5435025679808673,0,0
2025-12-25 22:58:23.003538,APP7,76.25044381088054,86.05376472383712,24.139275972218638,0.5267194149884475,0,0
2025-12-25 22:59:23.003538,SW10,17.3976278843681,89.39118642989425,16.40305255049767,0.383094972241796,0,0
2025-12-25 23:00:23.003538,APP10,74.82137649759294,58.70839162939956,25.2286503151416,0.603945996605693,0,0
2025-12-25 23:01:23.003538,DB2,70.04295961629396,91.68859959595848,37.071417757969094,0.3724571754018301,0,0
2025-12-25 23:02:23.003538,APP1,94.00024251418492,45.942970387632556,27.798254362303403,0.5115771702282425,0,0
2025-12-25 23:03:23.003538,SW2,86.17435671826227,69.23791565771131,31.46462102520178,0.09637252369419275,0,0
2025-12-25 23:04:23.003538,APP10,60.419687846276894,97.76839108140429,19.62535699699494,0.06563657988399574,0,0
2025-12-25 23:05:23.003538,SW8,75.05874258289077,80.2234359377064,31.866492720404516,0.6819646816704313,0,0
2025-12-25 23:06:23.003538,APP1,101.78845119996132,61.903117745504304,19.17641753840778,0.7280136656624839,0,0
2025-12-25 23:07:23.003538,R3,49.89417112433937,35.39345460540903,20.160463053975548,0.7412174948914965,0,0
2025-12-25 23:08:23.003538,SW3,76.25386367526183,87.69029530335371,40.460349450545856,0.5016964747058368,0,0
2025-12-25 23:09:23.003538,APP5,54.8523907413386,82.04755497343348,14.236059417749058,0.39024734638883685,0,0
2025-12-25 23:10:23.003538,APP12,96.85388769502231,93.44924716874766,31.639562084651867,0.5498313109262993,0,0
2025-12-25 23:11:23.003538,APP6,100.58131077868134,95.94473546011687,32.289853516954125,1.046386307226923,0,0
2025-12-25 23:12:23.003538,SW3,65.06270075928883,65.52575255496123,31.532391855084995,0.11235135274034458,0,0
2025-12-25 23:13:23.003538,APP2,92.79739300039404,71.08788942827535,25.30643035513061,0.7488828522318336,0,0
2025-12-25 23:14:23.003538,APP4,95.55859156604672,67.59784815400795,22.35200234223305,0.8371090124214801,0,0
2025-12-25 23:15:23.003538,DB5,106.55651386494691,94.44702760624612,32.10167498746916,0.3929084523063507,0,0
2025-12-25 23:16:23.003538,SW5,55.24731344516477,49.89537480432136,12.234953720111758,0.3737908918391696,0,0
2025-12-25 23:17:23.003538,FW1,92.6492831742268,64.26815425912733,35.185007115735054,0.2408203167962395,0,0
2025-12-25 23:18:23.003538,APP1,48.509724401468205,66.58817524226579,1.7122252846942203,0.7010222892023792,0,0
2025-12-25 23:19:23.003538,DB5,65.10092810643096,45.79413395909493,0.9873859029224299,0.6616631873148112,0,0
2025-12-25 23:20:23.003538,SW6,231.67399916912,200.41412790665885,45.29599190492068,2.789276496833521,3,1
2025-12-25 23:21:23.003538,APP7,88.1951057967701,88.25922081017818,25.84068097804168,0.49781331910181237,0,0
2025-12-25 23:22:23.003538,SW8,84.94518582751516,87.82730511611366,29.638252379926364,0.16208445427639756,0,0
2025-12-25 23:23:23.003538,SW2,101.2081471059669,52.85011962557091,12.789590778724882,0.5623856019316844,0,0
2025-12-25 23:24:23.003538,R1,60.50863062430808,55.33558082056798,14.946284980376374,0.39019678265128654,0,0
2025-12-25 23:25:23.003538,APP9,58.00808166191719,66.01749729759304,32.64126947425886,0.43280386695346745,0,0
2025-12-25 23:26:23.003538,SW6,104.18827540757292,77.96774097235468,35.19369231825147,0.6333239048228777,0,0
2025-12-25 23:27:23.003538,DB2,93.0162068448643,46.176975840542866,12.560815836246341,0.21877335153088007,0,0
2025-12-25 23:28:23.003538,APP14,95.90655205738732,43.253811113706114,18.29770421095889,0.3936675850158684,0,0
2025-12-25 23:29:23.003538,APP7,69.25532336222868,68.60315678702045,43.684409847258095,0.7639638717522503,0,0
2025-12-25 23:30:23.003538,SW2,85.82855012998671,79.5449589986108,5.559709219085725,0.28755167311396435,0,0
2025-12-25 23:31:23.003538,SW7,65.51379374782375,79.94882644884835,28.615368199305102,0.9162567491736757,0,0
2025-12-25 23:32:23.003538,APP3,85.74706245683919,89.35215213770904,21.85019897283381,0.5874122334936323,0,0
2025-12-25 23:33:23.003538,SW9,40.18137099454278,64.30924898250363,18.801455732562854,0.4444396263517051,0,0
2025-12-25 23:34:23.003538,SW10,107.14631716754639,90.2058137395511,38.016769753249335,0.35824718036944553,0,0
2025-12-25 23:35:23.003538,R3,326.0208916948326,200.22083648367962,129.91955321474126,2.73333837151236,2,1
2025-12-25 23:36:23.003538,SW8,59.45972025947931,65.15521533165646,30.615668736378474,0.9005700459152539,0,0
2025-12-25 23:37:23.003538,R1,110.24750483578896,66.93353511726055,12.501051059724144,0.6974437654027491,0,0
2025-12-25 23:38:23.003538,SW2,97.66559517775745,18.110039128505804,0.27234830472273686,0.23722823794329506,0,0
2025-12-25 23:39:23.003538,R3,74.16368201834314,98.26888412055898,24.452859582910524,0.5563122031690424,0,0
2025-12-25 23:40:23.003538,APP10,487.82935620127694,171.05786699032421,96.39667338298518,3.5171895154475847,1,1
2025-12-25 23:41:23.003538,SW9,78.17333403559357,94.3293973797575,39.31964362329791,0.3382805288441312,0,0
2025-12-25 23:42:23.003538,APP12,89.8306830029113,70.6755807079746,20.612542995251886,0.5207769572867778,0,0
2025-12-25 23:43:23.003538,APP2,76.60070812093113,65.17869630222063,28.389563730468183,0.32715457859923114,0,0
2025-12-25 23:44:23.003538,SW7,60.789737210131506,61.93977449346809,14.76696592825618,0.540548967052071,0,0
2025-12-25 23:45:23.003538,APP8,93.17812945936798,34.57129992308386,40.30807591790145,0.3122085124450025,0,0
2025-12-25 23:46:23.003538,APP1,32.455611846692264,56.36802876141519,18.086995264052867,0.6723010885042295,0,0
2025-12-25 23:47:23.003538,APP8,722.7757344975685,165.274662025028,16.345642099395636,3.0262660859891986,1,1
2025-12-25 23:48:23.003538,APP14,108.08256811118059,65.77058347028694,17.560680051253744,0.46206424021011144,0,0
2025-12-25 23:49:23.003538,SW1,66.65785869080887,57.019936976947605,7.572865608335331,0.5076349979565509,0,0
2025-12-25 23:50:23.003538,R1,56.496552800740794,44.70616198276451,44.87785962204257,0.7160730826578487,0,0
2025-12-25 23:51:23.003538,APP15,63.08784881332633,85.99158121043598,39.12982894652069,0.5164960446118361,0,0
2025-12-25 23:52:23.003538,DB1,88.72219420441921,86.64722002753504,31.274548736167866,0.6003023474297766,0,0
2025-12-25 23:53:23.003538,DB2,119.69926788074821,65.21388639072262,24.743596083103107,0.4150494221435058,0,0
2025-12-25 23:54:23.003538,APP13,104.08239730116779,71.76389323563447,22.770487756011384,0.23882243422795335,0,0
2025-12-25 23:55:23.003538,APP4,69.79767998192514,62.14511178776383,38.70876094742629,0.49076483068064763,0,0
2025-12-25 23:56:23.003538,APP1,113.55290739107475,77.23916178292949,25.488737614417865,0.5851339041635766,0,0
2025-12-25 23:57:23.003538,FW3,102.7777684029853,66.38346561608921,10.947806774948399,0.2150609741415354,0,0
2025-12-25 23:58:23.003538,DB4,42.221394540286475,44.198435528196484,33.17374269995109,0.2834231089671435,0,0
2025-12-25 23:59:23.003538,APP10,74.45403222593806,41.42609388815494,24.622036072813632,0.6842222357374003,0,0
2025-12-26 00:00:23.003538,SW4,74.83167328876385,52.26475398182213,40.53094954895191,0.6865611137876164,0,0
2025-12-26 00:01:23.003538,APP14,450.18347754473655,365.5530555648248,71.13908414904049,2.158639744372112,1,1
2025-12-26 00:02:23.003538,R3,120.32337901131417,99.1822163084691,7.841780300043702,0.4957379497274146,0,0
2025-12-26 00:03:23.003538,APP7,91.12506686668658,64.19582937419565,36.36463498384403,0.606942140006314,0,0
2025-12-26 00:04:23.003538,R3,52.782580077479466,89.49762080484429,13.046067065611126,0.46038606432404205,0,0
2025-12-26 00:05:23.003538,FW1,58.02995868754756,73.44345808164526,21.239986076740042,1.0920846867718097,0,0
2025-12-26 00:06:23.003538,SW2,75.93807890330336,64.18476277611487,9.671386261874808,0.9497632596482146,0,0
2025-12-26 00:07:23.003538,R2,75.5942708628298,76.50471220412916,37.519854816196315,0.18587372835828692,0,0
2025-12-26 00:08:23.003538,DB5,75.82824299015324,81.69898876851542,27.77673347614659,0.41868769938508277,0,0
2025-12-26 00:09:23.003538,SW1,88.68661072641291,83.82572591995401,24.938202606749165,0.2875883214881218,0,0
2025-12-26 00:10:23.003538,DB5,50.086676595353865,54.91882906140302,31.098940499224643,0.6056402979423398,0,0
2025-12-26 00:11:23.003538,APP2,90.0329938656164,64.70401207970222,14.06279375890372,0.3556335627612278,0,0
2025-12-26 00:12:23.003538,DB5,98.47239717490564,61.49884394550075,13.64012954156066,0.660523103387122,0,0
2025-12-26 00:13:23.003538,R3,67.18054714475821,72.16809210920634,42.67018036687615,0.7205531469724417,0,0
2025-12-26 00:14:23.003538,APP2,127.658552668848,92.02948394755929,20.785038905449206,0.3973750608105646,0,0
2025-12-26 00:15:23.003538,FW1,70.9140867590385,64.60236070446601,25.328329857600153,0.6141701573568594,0,0
2025-12-26 00:16:23.003538,R2,115.69447984357376,57.534032248641026,25.534429653128793,0.3404252098749867,0,0
2025-12-26 00:17:23.003538,SW8,87.33908555382362,100.64776456818657,17.136508305887308,0.5641847436946528,0,0
2025-12-26 00:18:23.003538,R2,95.1991478200974,70.91955810217996,30.664043604765023,0.5984206052515525,0,0
2025-12-26 00:19:23.003538,FW3,112.49592071463236,85.78783459834251,4.540982376500917,0.7122497383628095,0,0
2025-12-26 00:20:23.003538,APP10,83.13595507469928,110.21012398747317,26.93343912592362,0.3279376525458005,0,0
2025-12-26 00:21:23.003538,SW8,75.49660044207926,95.48404141382647,21.902536594228852,0.5972868950270324,0,0
2025-12-26 00:22:23.003538,APP15,62.85021212453678,101.84220606386762,30.81054759479583,0.552930861012614,0,0
2025-12-26 00:23:23.003538,SW7,60.838853531065475,82.46941129769516,37.855986426728506,0.7797452699590155,0,0
2025-12-26 00:24:23.003538,APP3,96.36056563034973,78.41244613639878,2.6738441556956083,0.6461194011693483,0,0
2025-12-26 00:25:23.003538,APP6,90.10523289320814,46.50685187622906,28.73952871092208,0.8732916791035255,0,0
2025-12-26 00:26:23.003538,DB5,224.77985575364863,72.93488669769096,130.51989863283174,4.3395260775961635,2,1
2025-12-26 00:27:23.003538,APP5,128.33733518134886,65.28240458530387,32.773582114889294,0.7129953963896358,0,0
2025-12-26 00:28:23.003538,R1,124.79468919518015,49.09587770698488,48.37485237198147,0.7159026357340146,0,0
2025-12-26 00:29:23.003538,DB3,73.41399467289938,81.01882247357258,24.915225146324833,0.4846899536327278,0,0
2025-12-26 00:30:23.003538,APP1,83.14882527058899,76.83067037860626,26.862840970943815,0.6451821620945907,0,0
2025-12-26 00:31:23.003538,APP7,70.16383500023089,59.654816954163564,19.347884817854585,0.3572761779045734,0,0
2025-12-26 00:32:23.003538,APP7,109.61342586653693,54.35873876572556,28.44802985126558,0.43380219211061316,0,0
2025-12-26 00:33:23.003538,R1,69.79124752038688,45.9319586388486,3.790184737525834,0.363129457886917,0,0
2025-12-26 00:34:23.003538,APP11,101.73484184631756,48.24221958675984,16.08122037173854,0.22021520652029403,0,0
2025-12-26 00:35:23.003538,SW10,93.5927792711766,67.82856938125963,35.24967778003084,0.5069295769603319,0,0
2025-12-26 00:36:23.003538,SW7,70.66351594288801,96.7532045768831,23.7441288737194,0.40829919672285875,0,0
2025-12-26 00:37:23.003538,R3,67.16259702784127,52.021405537909374,25.179149475230897,0.4123948040388013,0,0
2025-12-26 00:38:23.003538,R2,77.55102859684638,71.66718774131279,36.63389190945469,0.6828004478153806,0,0
2025-12-26 00:39:23.003538,FW1,81.09225992819454,101.40667530276524,5.96010404878114,0.7888590355818934,0,0
2025-12-26 00:40:23.003538,SW3,92.95127440728825,67.90427289649064,20.928085047395463,0.06014731373501653,0,0
2025-12-26 00:41:23.003538,DB3,458.56068901341683,170.10025842060077,231.85510597496847,1.575957965676953,2,1
2025-12-26 00:42:23.003538,APP7,58.18024754416935,75.35406070917374,13.613373453567238,0.4816045181667683,0,0
2025-12-26 00:43:23.003538,APP15,99.57255799545618,78.39510451129199,39.27588243100446,0.8006703708629015,0,0
2025-12-26 00:44:23.003538,SW4,41.783410328207275,68.98485680804738,23.15129547182622,0.42965428788390797,0,0
2025-12-26 00:45:23.003538,DB2,76.72756102702822,99.95199095040508,29.27757535009174,0.5573167953842124,0,0
2025-12-26 00:46:23.003538,APP1,36.254945039445914,63.36636466923555,27.394538594125855,0.4895858802767807,0,0
2025-12-26 00:47:23.003538,FW3,91.63577700570758,75.68426266505226,19.71767444757991,0.3433083310402199,0,0
2025-12-26 00:48:23.003538,SW9,47.67998878078726,64.81681274621768,14.958978933422916,0.35781561439882237,0,0
2025-12-26 00:49:23.003538,DB5,51.43327931518498,75.85744231098897,27.453081989375473,0.3090580435938961,0,0
2025-12-26 00:50:23.003538,APP12,341.4023294677176,380.711804407891,129.09984635690557,3.0963019175198303,2,1
2025-12-26 00:51:23.003538,SW3,100.7524349500276,69.43888447735966,11.35030252051682,0.7317403267434165,0,0
2025-12-26 00:52:23.003538,SW1,74.0914809862566,43.79306202701028,32.010607672825195,0.8109227717320878,0,0
2025-12-26 00:53:23.003538,SW8,104.78735104606137,73.87839426186662,39.163788896324405,0.13077851485471115,0,0
2025-12-26 00:54:23.003538,R3,93.92151295798271,84.9550454493849,15.939229174322644,0.542797924494019,0,0
2025-12-26 00:55:23.003538,DB4,113.49974053586352,81.3744513991196,0.6365340906708425,0.7954509599040689,0,0
2025-12-26 00:56:23.003538,R2,88.24912236700193,87.72442243525043,18.93426369126098,0.7045089485219047,0,0
2025-12-26 00:57:23.003538,SW8,75.16871247449679,76.08201385442803,9.515439288336907,0.7486804213611613,0,0
2025-12-26 00:58:23.003538,SW5,82.9401881257382,59.765971871935996,24.733128852007425,0.6366247874048477,0,0
2025-12-26 00:59:23.003538,DB5,75.09124716107048,90.25788257541632,19.597437743573586,0.5447801868882476,0,0
2025-12-26 01:00:23.003538,FW2,92.14295193511578,55.56402390795084,27.683230056375223,0.4917480328291565,0,0
2025-12-26 01:01:23.003538,FW3,99.29672723284227,77.83267413140594,12.286554753080093,0.6795598946070046,0,0
2025-12-26 01:02:23.003538,SW10,69.44516337291756,58.34557141325432,32.49908329636556,0.40604495060090356,0,0
2025-12-26 01:03:23.003538,APP7,50.76899083375828,64.50059528452805,10.538938237876458,0.6150876144378885,0,0
2025-12-26 01:04:23.003538,APP10,77.52369755643545,82.60002721726792,6.972549911329459,0.6078558598593702,0,0
2025-12-26 01:05:23.003538,APP1,94.4731844733444,74.76540849697471,34.900626960344255,0.7291782684238702,0,0
2025-12-26 01:06:23.003538,APP7,46.900580905406464,85.01642084275953,26.247782981559894,0.5581240427768613,0,0
2025-12-26 01:07:23.003538,R2,117.81425203138122,74.65318596145575,25.61798731530877,0.4691532897686254,0,0
2025-12-26 01:08:23.003538,R1,75.14312067668655,98.84714018103843,13.325352661084441,0.4807932979272797,0,0
2025-12-26 01:09:23.003538,APP11,92.36798919668391,50.8954190071577,42.58113803240931,0.4496659847419678,0,0
2025-12-26 01:10:23.003538,APP4,67.22343511804803,82.20855474439065,29.44692006234553,0.5153849893714028,0,0
2025-12-26 01:11:23.003538,APP1,79.7241990136229,51.96133099368825,30.066466469519337,0.7196984388736121,0,0
2025-12-26 01:12:23.003538,SW3,83.52141533100631,73.7033343005919,39.227836840706345,0.45022710456363924,0,0
2025-12-26 01:13:23.003538,APP7,71.15918598778411,81.20919458134846,35.77777687714856,0.5311342608716578,0,0
2025-12-26 01:14:23.003538,APP15,108.1860786648576,74.24445515183314,15.465241092991667,0.4594949930407143,0,0
2025-12-26 01:15:23.003538,APP5,31.255444031819835,74.99943550145018,25.0132472137569,0.3767490293407345,0,0
2025-12-26 01:16:23.003538,APP1,83.2106705370931,89.48330857226192,19.02415816098557,0.6581871009098523,0,0
2025-12-26 01:17:23.003538,APP4,427.6053598681187,259.4247924705194,270.42003008716915,2.8664236235600327,2,1
2025-12-26 01:18:23.003538,APP5,53.52058703745075,74.99428921171328,15.338019086492633,0.49914642179990415,0,0
2025-12-26 01:19:23.003538,SW8,89.27733246945553,40.556500557313356,21.351658885788797,0.5646694938950362,0,0
2025-12-26 01:20:23.003538,SW1,78.46183992359057,57.16450307931595,26.661494724087188,0.5581321000277183,0,0
2025-12-26 01:21:23.003538,SW6,71.78418314805089,55.97483982895599,31.661596499572966,0.4483299178272294,0,0
2025-12-26 01:22:23.003538,APP2,109.82001023478756,85.0309672945743,29.458037861455963,0.24068443538518702,0,0
2025-12-26 01:23:23.003538,APP6,62.2534600235644,87.98890830503906,25.27232362157336,0.6468111021809629,0,0
2025-12-26 01:24:23.003538,FW2,86.79198221921428,72.7661399358834,14.72579120468705,0.14173892492508205,0,0
2025-12-26 01:25:23.003538,DB3,72.1544687599779,85.23824697489104,11.22735671918994,0.5417769994866884,0,0
2025-12-26 01:26:23.003538,APP8,401.8428999510053,274.13429416601093,147.6889150271312,3.237373875433056,2,1
2025-12-26 01:27:23.003538,R2,92.68690264517615,76.10971105457567,20.609995208619026,0.45025333659898054,0,0
2025-12-26 01:28:23.003538,SW10,66.90586325742429,76.76621747462245,41.85940040840144,0.5209159926133957,0,0
2025-12-26 01:29:23.003538,APP10,79.82860012931937,45.354418835359425,32.476773089798655,0.34763588344365015,0,0
2025-12-26 01:30:23.003538,APP5,94.34359929412997,79.24382638103349,26.869520373467086,0.6476948368437224,0,0
2025-12-26 01:31:23.003538,SW1,96.79382023871878,98.33343487749677,22.86445544044438,0.5507083409899868,0,0
2025-12-26 01:32:23.003538,APP9,58.55853019557752,97.7287824294038,36.38602523110981,0.22393925407407134,0,0
2025-12-26 01:33:23.003538,SW6,80.7367608310894,90.32155915094839,2.3524315789038184,0.27534373456707206,0,0
2025-12-26 01:34:23.003538,DB5,74.23526409212192,69.57461009911393,39.971116300162436,0.80937752293982,0,0
2025-12-26 01:35:23.003538,APP3,101.99397752596701,33.97577099546402,17.037086465820348,0.7990082531446461,0,0
2025-12-26 01:36:23.003538,SW9,89.85457887057055,100.57950536982966,33.02118271341915,0.23124111672764863,0,0
2025-12-26 01:37:23.003538,SW10,38.629841490583814,70.95016197283763,30.299340236077295,0.7732808665571673,0,0
2025-12-26 01:38:23.003538,SW4,63.16960321616483,42.42941172033186,15.963418985085987,0.23175184249515035,0,0
2025-12-26 01:39:23.003538,DB5,96.91097696812245,82.26189498850192,33.23222875208985,0.21173903039491243,0,0
2025-12-26 01:40:23.003538,R1,36.45712721707469,25.03968531357799,37.497527129618405,0.42308388453959805,0,0
2025-12-26 01:41:23.003538,SW10,54.91747138318062,90.89366224791537,17.298731610623243,0.6302911941333247,0,0
2025-12-26 01:42:23.003538,SW2,75.8051127439994,98.13886036780542,31.33889860560922,0.18360223295031625,0,0
2025-12-26 01:43:23.003538,FW2,69.03021660096557,71.21889143764604,19.440852677830293,0.3124832134298538,0,0
2025-12-26 01:44:23.003538,DB3,88.88228982629045,78.89116691323368,19.699741798743734,0.5338892024691637,0,0
2025-12-26 01:45:23.003538,APP10,34.677120245828334,97.91265076880683,13.014150013476701,0.6365865496842682,0,0
2025-12-26 01:46:23.003538,FW3,87.58525062196271,67.25860823750033,30.144872380742925,0.9731431370753231,0,0
2025-12-26 01:47:23.003538,SW3,83.73526068856705,84.8049870951169,7.828383893898337,0.5584139787957464,0,0
2025-12-26 01:48:23.003538,SW7,78.28011283623937,85.4739466667196,21.03927257097396,0.2853060133016605,0,0
2025-12-26 01:49:23.003538,R2,90.79383267057814,65.8008610877516,21.401737912895605,0.29949875988094643,0,0
2025-12-26 01:50:23.003538,APP11,80.53229390871988,43.46074043707124,28.56930241751863,0.19773971511278587,0,0
2025-12-26 01:51:23.003538,APP10,82.50410299206273,87.36888930450317,30.49345339024657,0.6845712409221593,0,0
2025-12-26 01:52:23.003538,SW8,81.97878157493503,91.69283968393367,30.670971147307373,0.41248409466358904,0,0
2025-12-26 01:53:23.003538,APP5,52.34121495704788,101.98144822965635,22.765491597861725,0.5482721348598409,0,0
2025-12-26 01:54:23.003538,APP5,61.68668658422292,64.18651031934662,20.43514066789843,0.9581805634854865,0,0
2025-12-26 01:55:23.003538,SW5,110.67832009027678,94.29264780779057,4.539926438772277,0.21364765741234748,0,0
2025-12-26 01:56:23.003538,APP8,67.18309837425619,68.3792731280662,3.6819086730646724,0.7470840886560064,0,0
2025-12-26 01:57:23.003538,FW2,53.46336722177587,93.7038005902348,37.242508517602744,0.12321476128067382,0,0
2025-12-26 01:58:23.003538,APP11,61.173095686445265,87.44231484738015,19.376432183863223,0.8157998654943437,0,0
2025-12-26 01:59:23.003538,DB5,111.7101422674609,90.76289479082186,19.819208681267526,0.5151174165332986,0,0
2025-12-26 02:00:23.003538,DB4,62.97640393095429,59.61132562543348,33.80456462567636,0.5891218975163757,0,0
2025-12-26 02:01:23.003538,APP14,56.20243816647543,26.832015395610924,15.54001738344791,0.5021013968150306,0,0
2025-12-26 02:02:23.003538,SW2,77.12449128664495,61.009927760856684,41.3729451795287,0.8231016799434903,0,0
2025-12-26 02:03:23.003538,SW10,167.68399710320122,251.22260801116607,170.20518794805548,2.663454506911532,2,1
2025-12-26 02:04:23.003538,APP8,114.36639513663027,75.38471096474446,28.37350915209991,0.45277039569797783,0,0
2025-12-26 02:05:23.003538,R1,68.39905336653798,110.19490349798197,35.778169312546524,0.15701856127157898,0,0
2025-12-26 02:06:23.003538,APP7,68.47298926346092,61.94558848568049,5.297942117687036,0.3720983314311056,0,0
2025-12-26 02:07:23.003538,APP9,90.78673761018266,57.24361573287142,19.198362767995228,0.7609408013198228,0,0
2025-12-26 02:08:23.003538,APP13,65.59465496200565,63.40673643655683,18.71848790167921,0.8021503440868549,0,0
2025-12-26 02:09:23.003538,APP11,84.77859378603472,40.76458284018718,24.959392869187123,0.33862448918572086,0,0
2025-12-26 02:10:23.003538,SW9,127.38040332649803,91.02018460763117,24.897446959431875,0.6453856188251692,0,0
2025-12-26 02:11:23.003538,DB1,102.8123261743451,88.66260268194928,33.454475978466306,0.5880870798257359,0,0
2025-12-26 02:12:23.003538,DB1,78.68178401401109,74.26652582950153,25.56002827213187,0.33600661552082556,0,0
2025-12-26 02:13:23.003538,APP4,60.688197678717145,50.50183170593479,24.05461174667082,1.0125003375598616,0,0
2025-12-26 02:14:23.003538,SW7,71.5222854755588,63.40814244133952,28.941264013660554,0.6485994748778942,0,0
2025-12-26 02:15:23.003538,SW5,81.43564587468947,95.9365329342929,25.15995065857996,0.6774332461686772,0,0
2025-12-26 02:16:23.003538,APP6,81.18165300201554,70.31037373883419,21.666964045997204,0.52809243171402,0,0
2025-12-26 02:17:23.003538,FW3,75.35110827583975,117.75810136467248,26.499617916998595,0.5370301476798764,0,0
2025-12-26 02:18:23.003538,APP5,86.42313624298791,66.70609658606544,34.0144546137491,0.4749127927600678,0,0
2025-12-26 02:19:23.003538,SW6,100.2552057885834,103.75195885700515,30.01491962193056,0.14761334830302486,0,0
2025-12-26 02:20:23.003538,R1,74.26514421619338,92.18960580348495,29.823176744038037,0.636186162164829,0,0
2025-12-26 02:21:23.003538,SW4,87.64062086257167,94.8617562024872,21.007600868570847,0.7994167862493257,0,0
2025-12-26 02:22:23.003538,APP6,75.78669350580182,39.71413044276756,21.141907452592584,0.6017380483617427,0,0
2025-12-26 02:23:23.003538,APP11,109.84246185393243,38.45087144948113,34.30489576818765,0.441168865697176,0,0
2025-12-26 02:24:23.003538,SW6,127.10417230335707,96.19832106973757,20.43060520150627,0.25014736582015673,0,0
2025-12-26 02:25:23.003538,APP3,100.60957555074526,80.33247663325142,36.23889458095026,0.5544485543215454,0,0
2025-12-26 02:26:23.003538,APP8,444.7642504001051,364.9347444493641,204.1027071586153,3.267898470839957,2,1
2025-12-26 02:27:23.003538,DB4,58.61072774076882,80.71016168575869,22.169885584375447,0.37686123573724173,0,0
2025-12-26 02:28:23.003538,APP8,89.24652259427657,53.87234456869169,50.25297265753823,0.7835135357097744,0,0
2025-12-26 02:29:23.003538,SW2,76.70264631079678,108.30645934670066,33.04997335428516,0.4059743929754993,0,0
2025-12-26 02:30:23.003538,FW3,71.55178589565885,85.72387208925154,2.4555850131537973,0.367315357051175,0,0
2025-12-26 02:31:23.003538,SW2,79.70321008821438,56.09025184990041,34.77020258781175,0.7812643016951548,0,0
2025-12-26 02:32:23.003538,APP2,93.80761161138328,85.14955103533423,26.707501786731317,0.6992527092194726,0,0
2025-12-26 02:33:23.003538,APP14,104.13652510316211,29.47770484134611,19.42249858385675,0.5824228224178131,0,0
2025-12-26 02:34:23.003538,R3,98.2591080234617,93.12006195939658,41.43594320015528,0.30642872293539747,0,0
2025-12-26 02:35:23.003538,SW6,60.73369765938865,60.36543748655696,37.56413097166293,0.49235364697520834,0,0
2025-12-26 02:36:23.003538,APP3,72.89637903807127,88.09912350871586,21.12475247291609,0.5358819096225668,0,0
2025-12-26 02:37:23.003538,APP8,106.07340894930783,92.48506708705366,22.169108981388188,0.4065830857562657,0,0
2025-12-26 02:38:23.003538,APP9,109.50731016033589,63.0210747011205,11.402027252144297,0.49629621334484814,0,0
2025-12-26 02:39:23.003538,APP3,87.14209758686435,28.93416531531186,34.3537885245026,0.4835366963861835,0,0
2025-12-26 02:40:23.003538,FW3,68.52216644313539,105.18980694683397,38.918909881886016,0.28401121598359236,0,0
2025-12-26 02:41:23.003538,APP2,97.75578649571091,82.04498176728985,21.349425079341774,0.2071514705736488,0,0
2025-12-26 02:42:23.003538,APP5,103.56410478846087,91.98201672160934,13.427416940944365,0.6326922045897743,0,0
2025-12-26 02:43:23.003538,FW1,115.32963045191562,61.486011441975656,-2.334114533121358,0.729344858246032,0,0
2025-12-26 02:44:23.003538,SW5,78.3324677891019,81.71712786050979,18.94397734613598,0.5208889224667828,0,0
2025-12-26 02:45:23.003538,APP3,83.63718417527106,86.93099543805054,13.387459851003594,0.4154949753488353,0,0
2025-12-26 02:46:23.003538,SW4,63.9733552765801,68.26343205158696,29.550436700699958,0.40903180897923136,0,0
2025-12-26 02:47:23.003538,APP11,36.061146235051254,60.771502149473996,18.85314472105806,0.5181758531438067,0,0
2025-12-26 02:48:23.003538,DB1,53.81842367509648,57.45982351719046,-11.613564569959536,0.858948963069085,0,0
2025-12-26 02:49:23.003538,APP10,78.25975852347966,93.89177505380438,24.70458823545349,0.29083992386028157,0,0
2025-12-26 02:50:23.003538,APP12,38.059825146729345,112.21978990568203,8.74677478581608,0.30495286353857876,0,0
2025-12-26 02:51:23.003538,DB4,64.85319577995091,89.50920212546896,34.404694098466365,0.2564596195872081,0,0
2025-12-26 02:52:23.003538,APP10,57.45502225848875,64.37982056246739,40.21370765839966,0.690758785235321,0,0
2025-12-26 02:53:23.003538,APP8,50.866009537005894,63.78615692250829,13.58308816243924,0.4201670462850251,0,0
2025-12-26 02:54:23.003538,APP6,81.35246143753932,84.73743050816036,35.17335734259782,0.5340639445126125,0,0
2025-12-26 02:55:23.003538,SW1,113.83724777087893,74.7797149945422,4.422993910256473,0.8530924735998939,0,0
2025-12-26 02:56:23.003538,APP8,72.04874742743162,83.66299294142495,37.65068272609939,0.41755754072779394,0,0
2025-12-26 02:57:23.003538,APP14,113.84918244835792,74.49380094220001,20.75835705026762,0.6280461516699174,0,0
2025-12-26 02:58:23.003538,SW7,70.2282141261356,65.25455674834583,23.855009509095623,0.9783785888139751,0,0
2025-12-26 02:59:23.003538,APP3,90.67255689624311,83.39019384723895,25.15034052863376,0.600381392966126,0,0
2025-12-26 03:00:23.003538,DB3,88.85333213002578,69.85436725466175,2.0829789655131066,0.5036359337700356,0,0
2025-12-26 03:01:23.003538,SW3,418.04132923517477,201.40275086674637,48.375687178237065,2.52961929343607,1,1
2025-12-26 03:02:23.003538,APP3,81.25285880147338,98.32511471214879,35.28138742352452,0.4489894304649722,0,0
2025-12-26 03:03:23.003538,APP8,78.89395399831434,75.99209594843812,31.561041134223757,0.26205918641565734,0,0
2025-12-26 03:04:23.003538,DB4,69.29033674466447,103.3935267356913,29.105713949358204,0.29364391715563387,0,0
2025-12-26 03:05:23.003538,SW6,233.28380580495823,314.51698129544917,49.24841378579514,1.7206654232819112,3,1
2025-12-26 03:06:23.003538,APP10,103.74388890950141,54.37203555107416,24.094870101215133,0.12344317016991918,0,0
2025-12-26 03:07:23.003538,R1,89.47436179065726,87.79186744132043,18.708905490897873,0.13381435311641499,0,0
2025-12-26 03:08:23.003538,APP2,96.19102076461787,75.77980215030874,27.82133115997647,0.706770855851219,0,0
2025-12-26 03:09:23.003538,SW6,81.15847633153679,63.56592083231095,30.847583275524123,0.41015474627777004,0,0
2025-12-26 03:10:23.003538,DB3,73.47204069676181,85.0492254507749,4.470261208748404,0.5836217724091961,0,0
2025-12-26 03:11:23.003538,SW2,75.98878658620147,60.754720064941544,29.25349991971391,0.36476218566742513,0,0
2025-12-26 03:12:23.003538,APP6,258.6313669956695,169.47936323652186,144.23426975964318,1.692448831566245,2,1
2025-12-26 03:13:23.003538,APP10,91.39572847446018,62.62341475678239,23.7136043838015,0.794983058897736,0,0
2025-12-26 03:14:23.003538,APP5,63.63257214406926,80.122333507493,27.253598266970553,0.5633933601144602,0,0
2025-12-26 03:15:23.003538,SW7,84.57486026898395,95.06406003975684,33.17512148610494,0.8109863650219642,0,0
2025-12-26 03:16:23.003538,APP3,95.6208080570865,73.98976352012384,29.808783063636984,0.48868511218228367,0,0
2025-12-26 03:17:23.003538,SW4,41.893204232627824,69.13179689903579,37.56517812713042,0.7131874149384272,0,0
2025-12-26 03:18:23.003538,DB1,348.5379526532166,250.62678877752273,275.24354605366125,1.9217560142778507,2,1
2025-12-26 03:19:23.003538,SW4,84.6009443815214,64.48509760139513,29.248614177353033,0.17332841322323084,0,0
2025-12-26 03:20:23.003538,APP5,84.39449874999467,62.282857887469376,14.411812980886413,0.7978442787258482,0,0
2025-12-26 03:21:23.003538,SW4,86.0392092219518,103.37980744439963,21.639990213185865,0.7707957549308404,0,0
2025-12-26 03:22:23.003538,APP15,78.50790773853207,71.5623476869295,15.021738939783326,0.5354756290771678,0,0
2025-12-26 03:23:23.003538,SW6,65.33008753734536,72.15591235666426,11.878538898437691,0.8226205829646591,0,0
2025-12-26 03:24:23.003538,APP11,88.97028902974517,92.94392257185586,47.023066927868015,0.2586864246567386,0,0
2025-12-26 03:25:23.003538,DB4,103.5872498889227,66.77771408004945,12.31886908671058,0.1556003616697011,0,0
2025-12-26 03:26:23.003538,APP10,45.310326373024154,104.5641757630386,31.09289554260717,0.567873622386512,0,0
2025-12-26 03:27:23.003538,R2,63.80499325516689,79.08827508840591,28.559860522922996,0.2703094480792331,0,0
2025-12-26 03:28:23.003538,DB1,78.68391818432734,97.47002072676293,9.374048652013709,0.5099116983321692,0,0
2025-12-26 03:29:23.003538,APP15,72.54289795012468,55.52029947052557,17.131815594050035,0.18101561086827167,0,0
2025-12-26 03:30:23.003538,DB2,48.14242823261983,99.97994047117461,38.123369914493686,0.4133315006602368,0,0
2025-12-26 03:31:23.003538,APP8,110.39762692338371,61.8192302758594,26.004911345868905,0.3635189563601141,0,0
2025-12-26 03:32:23.003538,APP8,136.7461225190222,41.576828281968176,36.814225198207396,0.47726553010127615,0,0
2025-12-26 03:33:23.003538,DB3,74.58179163798309,96.65272006695642,27.973674526842444,0.592637720278999,0,0
2025-12-26 03:34:23.003538,FW2,80.53359150206222,47.041178174287275,30.237104964656822,0.8660208923818097,0,0
2025-12-26 03:35:23.003538,APP10,71.7566939283187,48.13290862061419,29.72599812380083,0.5130780323224248,0,0
2025-12-26 03:36:23.003538,FW2,80.49155945769631,54.99853123570198,3.8951975533312613,0.366194508592409,0,0
2025-12-26 03:37:23.003538,APP8,289.11634098341506,184.0027755850181,82.1404931419553,2.087357021708459,3,1
2025-12-26 03:38:23.003538,APP4,106.15418196019327,81.07282511732055,38.27037765096489,0.2773047057404536,0,0
2025-12-26 03:39:23.003538,APP14,106.13285497578285,48.46422812598421,25.18431461823408,0.4623301098144357,0,0
2025-12-26 03:40:23.003538,SW7,69.05756676422057,69.93296118175941,30.030431533360975,0.5328068012559337,0,0
2025-12-26 03:41:23.003538,SW6,70.4853182473634,62.94818474019676,41.15251759222396,0.5048387903345544,0,0
2025-12-26 03:42:23.003538,R1,60.10118155586801,81.16409799974384,21.70775058130843,0.6016712716088114,0,0
2025-12-26 03:43:23.003538,APP2,56.15037022601129,64.15085022784842,39.572736506633774,0.38576409204607837,0,0
2025-12-26 03:44:23.003538,SW7,65.20770194040125,118.85729512824588,36.958675060814166,0.4699835354004141,0,0
2025-12-26 03:45:23.003538,FW1,78.88181647938448,70.92237042609408,29.104733590875558,0.7207145410479688,0,0
2025-12-26 03:46:23.003538,SW7,72.00998925050395,87.69858266306517,18.240511764462134,0.4733966758046638,0,0
2025-12-26 03:47:23.003538,R2,98.8912315262988,82.87606347333161,22.299585186203664,0.5470004932337753,0,0
2025-12-26 03:48:23.003538,SW8,94.77003601412196,93.94603101447197,34.43887286861096,0.30972976646820544,0,0
2025-12-26 03:49:23.003538,R1,83.72657902197017,76.62418203384607,12.953551396246162,0.9137888366573905,0,0
2025-12-26 03:50:23.003538,R3,68.37458179944183,71.25626747643766,18.25470174269721,0.682800724469723,0,0
2025-12-26 03:51:23.003538,APP13,82.0541163158462,84.41220709553605,43.88251150581027,0.41346479734547614,0,0
2025-12-26 03:52:23.003538,APP1,71.69718289724115,61.67515629534662,31.850442448686337,0.5694988040542363,0,0
2025-12-26 03:53:23.003538,DB2,146.12697276716165,384.27228421141757,170.3246113541055,2.491163142119504,2,1
2025-12-26 03:54:23.003538,APP6,108.91322656267897,65.28862727677355,34.661603057790444,0.6226943932853115,0,0
2025-12-26 03:55:23.003538,DB2,86.62317081395817,64.361329030905,23.36023632913451,0.5698461080738614,0,0
2025-12-26 03:56:23.003538,APP2,114.66641190537825,45.258813071684344,54.97387053734781,0.5031626406211975,0,0
2025-12-26 03:57:23.003538,APP5,82.80867998223658,90.62636336836105,15.096978570114194,0.575429765230326,0,0
2025-12-26 03:58:23.003538,APP15,47.38996677284408,77.05022541709775,17.927229247193893,0.7309519964654135,0,0
2025-12-26 03:59:23.003538,SW6,74.93706105393713,59.43453145419046,39.107489619725804,0.8803266991652033,0,0
2025-12-26 04:00:23.003538,FW2,104.9756297729215,86.85885439770195,29.473871037363544,0.24693307282106608,0,0
2025-12-26 04:01:23.003538,DB3,63.54786931433049,58.67771647804507,38.254281869060314,0.7300689151336484,0,0
2025-12-26 04:02:23.003538,APP15,76.5715327447534,69.89522367082256,33.37728441882031,0.4716149768475191,0,0
2025-12-26 04:03:23.003538,APP13,78.5145618572957,60.970941161537816,20.832241969019254,0.1531968694755268,0,0
2025-12-26 04:04:23.003538,APP14,99.07004810286381,82.07393703165097,20.93641517834432,0.2573091920653629,0,0
2025-12-26 04:05:23.003538,APP2,98.37454839765758,73.16202939343417,19.197368980726864,0.7440252940327892,0,0
2025-12-26 04:06:23.003538,SW2,82.221382317633,98.4514799371846,19.333663900136354,0.5080481940123587,0,0
2025-12-26 04:07:23.003538,R1,84.26065421485795,86.27221013715722,15.98936144291451,0.42842153326064114,0,0
2025-12-26 04:08:23.003538,SW9,108.83041520506248,87.33377929462745,30.22604442539755,0.6458672281094188,0,0
2025-12-26 04:09:23.003538,SW5,83.66317498014016,35.917965832603855,28.183786475253775,0.2605333221580204,0,0
2025-12-26 04:10:23.003538,APP5,45.21449612619291,45.20045170597502,40.92017345143262,0.251175473374809,0,0
2025-12-26 04:11:23.003538,SW8,292.4300674218476,182.70793926976216,50.81670373414883,2.7288861151305728,3,1
2025-12-26 04:12:23.003538,APP2,83.96188617790342,44.91401250350795,24.10579111907715,0.3710572411280332,0,0
2025-12-26 04:13:23.003538,SW7,56.2526686631622,70.06496147518052,19.48585633959665,0.7277524334199745,0,0
2025-12-26 04:14:23.003538,SW3,69.71423044674415,118.44264064846627,14.145068024229657,0.3113563873112563,0,0
2025-12-26 04:15:23.003538,R3,89.93672647254247,63.00691975878378,32.50843202027011,0.5138057943483422,0,0
2025-12-26 04:16:23.003538,APP7,607.1347361643017,199.15740540045465,181.02129791277335,1.9148181240933262,2,1
2025-12-26 04:17:23.003538,SW8,119.44537729696451,306.9763728059045,78.29474453736893,1.6348785946523092,3,1
2025-12-26 04:18:23.003538,DB2,43.78259823478516,67.52453268089373,26.934358556397342,0.9313084922462501,0,0
2025-12-26 04:19:23.003538,APP11,117.83892367702248,104.32346372973998,24.27267914971693,0.4573639488961067,0,0
2025-12-26 04:20:23.003538,APP2,98.85472661926977,50.729619597571414,25.01873320748368,0.4277950850328666,0,0
2025-12-26 04:21:23.003538,DB2,102.94073939040213,81.66219335253471,20.64065209225291,0.2385202089838886,0,0
2025-12-26 04:22:23.003538,APP8,83.7523526721451,61.15476784474835,31.414227322049012,0.35907852239499594,0,0
2025-12-26 04:23:23.003538,SW8,66.97982834212574,71.99225659650527,16.337922119505663,0.30728162066147,0,0
2025-12-26 04:24:23.003538,FW2,62.27596270689118,62.765998478930456,45.332893818432126,0.4960987147260414,0,0
2025-12-26 04:25:23.003538,SW9,99.45179048474559,93.47372557823599,35.519806521175454,0.6886906481724495,0,0
2025-12-26 04:26:23.003538,APP14,88.9893396461875,81.45978973508856,15.451045478255633,0.605622898083619,0,0
2025-12-26 04:27:23.003538,APP15,69.66518197201306,91.56237022192181,19.60940140030685,0.2794804410564965,0,0
2025-12-26 04:28:23.003538,SW9,62.88864650679541,57.59258386151254,36.13928727625162,0.28616024968551945,0,0
2025-12-26 04:29:23.003538,DB4,127.82891779105786,79.07210708706882,34.393103960365025,0.3548478715233606,0,0
2025-12-26 04:30:23.003538,SW4,78.07721896724946,98.8419768949532,0.1947138772720578,0.32004824450171787,0,0
2025-12-26 04:31:23.003538,APP15,91.75526020671226,64.0000994496593,37.93565402735542,0.3783870627657163,0,0
2025-12-26 04:32:23.003538,DB1,63.18101999366931,65.63348205059526,29.80915053412362,0.5816563469553305,0,0
2025-12-26 04:33:23.003538,R1,54.59342305081509,52.09511763723854,31.51954352386549,0.6899319597783344,0,0
2025-12-26 04:34:23.003538,APP15,77.73872280371094,81.53059611354225,27.645826499924762,0.26619986074700697,0,0
2025-12-26 04:35:23.003538,SW9,799.8217446357107,324.5170903020628,249.63719627163817,2.606852315786165,2,1
2025-12-26 04:36:23.003538,SW4,95.20298286419269,63.48620132313505,30.816840927041913,0.6754701348405577,0,0
2025-12-26 04:37:23.003538,SW1,88.67058477483269,73.82555377357474,14.403915037716528,0.5508917457224767,0,0
2025-12-26 04:38:23.003538,R3,91.59219984546962,62.63143139001092,11.96913922343126,0.40594876350219417,0,0
2025-12-26 04:39:23.003538,SW2,64.32691877732522,55.39273706281806,22.512451452166946,0.019977226906986778,0,0
2025-12-26 04:40:23.003538,APP3,105.98574292650483,75.73142931189606,28.590189134866932,0.5290231431124182,0,0
2025-12-26 04:41:23.003538,DB4,36.567470491757426,84.93940278742893,14.392490105988806,0.6126353823107767,0,0
2025-12-26 04:42:23.003538,SW3,52.3701254363922,58.589295512571056,28.923184200427848,0.8212268730915298,0,0
2025-12-26 04:43:23.003538,APP15,89.60308383453932,88.41224944306819,24.52730090512687,0.5170279001011263,0,0
2025-12-26 04:44:23.003538,FW2,73.5548494355081,83.92061118258773,9.936919272918354,0.5992956744008288,0,0
2025-12-26 04:45:23.003538,FW2,89.71840654193909,96.51659899991992,7.598979628674172,0.41468126592679877,0,0
2025-12-26 04:46:23.003538,DB5,81.9470457901808,21.96143241196058,27.70370097978151,0.34209483993654927,0,0
2025-12-26 04:47:23.003538,SW4,81.76448177357922,66.7201858503311,22.164037292622808,0.5374004517488952,0,0
2025-12-26 04:48:23.003538,DB5,55.49225830167819,101.44408505832209,0.9178247740272099,0.8130182033913833,0,0
2025-12-26 04:49:23.003538,DB5,79.26352994087344,70.02099101469732,30.336902995218814,0.3678480842539761,0,0
2025-12-26 04:50:23.003538,DB2,84.63960058983608,92.23275814928313,23.347436303802564,0.45758467067210684,0,0
2025-12-26 04:51:23.003538,FW3,58.83097759536766,68.9265335124605,39.500357712071086,0.5605286206472727,0,0
2025-12-26 04:52:23.003538,SW2,85.95298297493608,77.67077821453194,41.655554824260676,0.1744035656801214,0,0
2025-12-26 04:53:23.003538,DB3,87.47822498848929,53.33706562545964,16.878676346978175,0.4802563446358877,0,0
2025-12-26 04:54:23.003538,SW4,69.29095432471382,84.19642396475814,20.016307084321685,0.4552205110369616,0,0
2025-12-26 04:55:23.003538,APP5,60.638083980542866,64.8664393357794,19.277148499200607,0.2626372900742917,0,0
2025-12-26 04:56:23.003538,APP14,68.67993026032332,105.37349328828938,14.107366334606743,0.4445871803158258,0,0
2025-12-26 04:57:23.003538,APP11,85.43313933972543,39.07958242653209,25.92953882051084,0.14990357078165084,0,0
2025-12-26 04:58:23.003538,APP13,75.34347990993429,79.95007008882956,31.873912910497562,0.3333342514696505,0,0
2025-12-26 04:59:23.003538,APP2,61.29380609571979,67.32355101892911,37.44638152499148,0.3924793060273891,0,0
2025-12-26 05:00:23.003538,DB5,93.7100789803145,68.71786340904637,27.92679751952194,0.7079193767795169,0,0
2025-12-26 05:01:23.003538,APP1,70.58124816912917,96.53631585964149,13.953023559259513,0.7513225009721114,0,0
2025-12-26 05:02:23.003538,APP9,69.15660360864548,61.83187388440647,35.49874494004095,0.5480007408654848,0,0
2025-12-26 05:03:23.003538,APP9,78.21713624586282,93.29876209668973,22.57599950055921,0.4664952115113258,0,0
2025-12-26 05:04:23.003538,DB5,118.25708413531436,58.34593866835621,25.05245178190868,0.6226236653594358,0,0
2025-12-26 05:05:23.003538,APP7,81.78568133240994,74.25076201558748,25.176731733894982,0.2713081541375592,0,0
2025-12-26 05:06:23.003538,SW1,92.09917722778283,70.44372977160273,13.987274432645208,0.07534132939000049,0,0
2025-12-26 05:07:23.003538,SW7,77.8300632917572,65.69864225067099,30.696241676696253,0.8495861447991837,0,0
2025-12-26 05:08:23.003538,APP4,82.90741168292506,77.59651438327883,5.826239891443457,0.3850124338147487,0,0
2025-12-26 05:09:23.003538,APP2,76.78574353387825,66.16828802307592,7.476873917865213,0.3618880690018481,0,0
2025-12-26 05:10:23.003538,APP15,68.7402046126671,95.22999789594937,22.91706576306997,0.34520209942528757,0,0
2025-12-26 05:11:23.003538,APP6,74.82862095892264,104.45542405336407,26.49623284976309,0.08662076361886378,0,0
2025-12-26 05:12:23.003538,R1,104.52766687818894,59.53783092601804,44.32363351818513,0.4545619958896536,0,0
2025-12-26 05:13:23.003538,APP2,94.51352462068732,97.65469235410092,49.374924621933445,0.49450110236426553,0,0
2025-12-26 05:14:23.003538,SW6,92.37574533445976,60.94423621002112,12.835451654201826,0.6096335331391015,0,0
2025-12-26 05:15:23.003538,SW3,95.35267631254476,67.41689334209022,13.837455272147851,0.6557745230198134,0,0
2025-12-26 05:16:23.003538,SW9,103.0103353735131,47.2637823827745,44.20787677366438,0.6026327571801566,0,0
2025-12-26 05:17:23.003538,APP10,80.89125062922665,62.73534120092064,22.794277983536336,0.4027054211928732,0,0
2025-12-26 05:18:23.003538,APP11,69.95538784020744,85.62598609028558,35.546871373111806,0.6642263300978735,0,0
2025-12-26 05:19:23.003538,APP2,64.85870333964641,75.47243495422265,33.388893697234465,0.3862009451952882,0,0
2025-12-26 05:20:23.003538,DB4,74.87387950641128,78.98478584783975,25.062920154640214,0.7991021733453638,0,0
2025-12-26 05:21:23.003538,FW1,76.11572887124012,82.10182499401213,3.6004936809323773,0.2752077380983573,0,0
2025-12-26 05:22:23.003538,FW1,78.83746072244278,53.47199038933249,33.61904752883751,0.6370262227378218,0,0
2025-12-26 05:23:23.003538,SW1,242.46259368723167,474.1660191002844,141.62258641132448,2.4136292411845046,2,1
2025-12-26 05:24:23.003538,SW2,94.63553758627282,60.68835106616493,27.60811961624088,0.6206056524021865,0,0
2025-12-26 05:25:23.003538,SW8,57.26303802298771,81.38576073281716,31.80799567690803,0.471036112710877,0,0
2025-12-26 05:26:23.003538,R1,32.300867425365254,79.6023287189397,24.35556292023425,0.2467869480029244,0,0
2025-12-26 05:27:23.003538,DB1,72.4230932920928,91.82442211734684,30.420537186025577,0.5745917012991892,0,0
2025-12-26 05:28:23.003538,APP5,126.78696352122859,63.2689010975256,25.543825418068067,0.5922491799836752,0,0
2025-12-26 05:29:23.003538,R3,88.03044138456615,73.9845640206511,27.682805532172768,0.7531119959964558,0,0
2025-12-26 05:30:23.003538,FW2,96.760478970606,117.34238797121574,20.737265041833282,0.28654845670391466,0,0
2025-12-26 05:31:23.003538,DB2,84.79895012301853,76.29308099700309,21.251036253877636,0.6260958089741707,0,0
2025-12-26 05:32:23.003538,APP6,77.65190355947455,49.50095905552301,8.565128126825527,0.6671791495421827,0,0
2025-12-26 05:33:23.003538,SW9,83.88236911611384,82.73529191493557,27.741059661335097,0.5190516769878737,0,0
2025-12-26 05:34:23.003538,APP13,84.03259759117948,72.182242583116,5.815943225604599,0.3997160879369913,0,0
2025-12-26 05:35:23.003538,APP14,71.58330170956928,80.02360624509059,33.0160056191726,0.6457298215135263,0,0
2025-12-26 05:36:23.003538,SW3,300.8889246538345,132.88777914459325,62.21255118088096,3.670909868399596,1,1
2025-12-26 05:37:23.003538,SW5,58.72000360815715,59.41933295679761,37.18592393754625,0.29701063678611667,0,0
2025-12-26 05:38:23.003538,APP15,47.42736312392225,80.81213956058585,22.08672862285331,0.5280296641287173,0,0
2025-12-26 05:39:23.003538,R1,77.49858950813955,75.31537368169977,40.76341539559774,0.38165082440130976,0,0
2025-12-26 05:40:23.003538,R3,72.644920555456,81.08770760296619,20.72174798847655,0.5106355736130924,0,0
2025-12-26 05:41:23.003538,APP2,70.57368413163971,92.07201162076439,24.445082575235613,0.5396862649209463,0,0
2025-12-26 05:42:23.003538,SW9,83.70998346830221,86.15798732940472,37.44492146825891,0.3369663453632761,0,0
2025-12-26 05:43:23.003538,APP14,115.13569033071332,69.02628819437979,12.331495576722265,0.3964934317168055,0,0
2025-12-26 05:44:23.003538,SW1,67.25513946808714,88.17203486095308,32.329482513327854,0.4394628811912408,0,0
2025-12-26 05:45:23.003538,FW2,43.25721555395533,80.93217874705361,9.583706205911984,0.5161839510884444,0,0
2025-12-26 05:46:23.003538,SW6,88.59279865043366,86.57224821367991,38.58703372361793,0.4396508105597276,0,0
2025-12-26 05:47:23.003538,SW6,81.7480306683958,50.33311931160324,23.4379698268883,0.0507527592340678,0,0
2025-12-26 05:48:23.003538,APP14,115.88358189160448,56.764332828153485,24.26694524606816,0.45086106407193643,0,0
2025-12-26 05:49:23.003538,APP3,622.4034390926513,354.6235853856627,114.75102053931559,4.580865167221879,1,1
2025-12-26 05:50:23.003538,APP14,59.16723031110388,74.67059227039088,7.946780217911609,0.644015128080564,0,0
2025-12-26 05:51:23.003538,APP7,94.50864069213009,71.62826890175074,33.07084183807166,0.4544415533735125,0,0
2025-12-26 05:52:23.003538,FW1,542.2113576933335,223.30713332945203,179.8212250255841,2.4627394159643785,2,1
2025-12-26 05:53:23.003538,APP4,87.9046551117543,75.91733148757699,19.141327131011174,0.3662991049487533,0,0
2025-12-26 05:54:23.003538,SW5,57.28993443286665,98.69958913687857,23.686160260332446,0.6725539867655592,0,0
2025-12-26 05:55:23.003538,APP1,61.26685621242513,68.5099896619104,40.17209798391323,0.6943856102892136,0,0
2025-12-26 05:56:23.003538,APP9,85.15120569077948,45.88786932417166,28.71880660440683,1.1268366793310152,0,0
2025-12-26 05:57:23.003538,SW10,65.85552410497841,79.52261330718044,27.922244616104546,0.47909558415986375,0,0
2025-12-26 05:58:23.003538,APP3,131.44325770198992,73.056191417032,7.989375336258217,0.4642724555907818,0,0
2025-12-26 05:59:23.003538,SW9,289.48213767761837,121.78565041049092,90.0414557077004,2.601355046201892,3,1
2025-12-26 06:00:23.003538,APP5,73.14418026312053,83.81271474148426,25.327503233807626,0.29844609782081377,0,0
2025-12-26 06:01:23.003538,SW4,100.06604216049494,91.7747268645753,29.690350052458992,0.4410748442990184,0,0
2025-12-26 06:02:23.003538,APP10,95.86977146632313,84.36756706864368,36.715091226988534,0.5813304617276297,0,0
2025-12-26 06:03:23.003538,R3,186.1226089743497,375.97945375301146,58.436792915910814,3.844403949386251,3,1
2025-12-26 06:04:23.003538,APP1,56.850751047615816,87.39643660020297,36.18380894343815,0.42446506133105233,0,0
2025-12-26 06:05:23.003538,APP14,87.23506348184601,58.22519135059021,35.09669642742641,0.5970647949255817,0,0
2025-12-26 06:06:23.003538,APP13,79.13534165729614,89.88137167415087,36.68185795477402,0.34946272492122854,0,0
2025-12-26 06:07:23.003538,SW1,73.67542233746279,77.18179853441457,32.879895790813045,0.4585011931444122,0,0
2025-12-26 06:08:23.003538,APP2,91.82492151646994,75.53634456521124,29.184185599856832,0.49083028218868435,0,0
2025-12-26 06:09:23.003538,APP2,99.93279604788458,107.10628417726187,38.81292677176352,0.8348716190946325,0,0
2025-12-26 06:10:23.003538,SW2,96.81153643695292,65.60113248170737,9.568297785125505,0.11289976062741863,0,0
2025-12-26 06:11:23.003538,APP10,90.3725043993766,66.53723776815369,28.204450807450115,0.35389698806701403,0,0
2025-12-26 06:12:23.003538,SW8,83.42145842287744,72.56729935650333,25.095220303783634,0.3330907699622123,0,0
2025-12-26 06:13:23.003538,APP11,75.3030764992461,41.17062943582542,39.38960631360409,0.34726569742975727,0,0
2025-12-26 06:14:23.003538,DB4,81.9768893933532,56.069179478662875,29.797193878477614,0.6884852508847557,0,0
2025-12-26 06:15:23.003538,SW8,61.02229950787761,82.44613755479321,24.28058376503876,0.23064392476757967,0,0
2025-12-26 06:16:23.003538,APP14,66.45146022353296,114.2061351347634,20.96406484490694,0.5676321743567758,0,0
2025-12-26 06:17:23.003538,DB3,97.01154217683606,48.38782044777677,24.15688068073292,0.7023333800404865,0,0
2025-12-26 06:18:23.003538,R1,50.67514536382559,67.86728876010568,18.208609191804015,0.8435438084546769,0,0
2025-12-26 06:19:23.003538,SW2,77.96696754886895,63.96250085300997,24.11319478877506,0.2654814084388499,0,0
2025-12-26 06:20:23.003538,DB2,56.01306630979761,94.83663010228204,23.302910577484074,0.41867132441554966,0,0
2025-12-26 06:21:23.003538,APP3,89.90853985353351,77.81990571139255,6.0390494556060474,0.7159007872743913,0,0
2025-12-26 06:22:23.003538,DB5,76.86869553926343,76.8659169890909,20.591710914079805,0.6650967219362792,0,0
2025-12-26 06:23:23.003538,APP9,64.02583591476511,45.166680151683074,35.744739212359924,0.19921850174327338,0,0
2025-12-26 06:24:23.003538,R1,52.38173698483422,58.419006294448934,27.141435742907404,0.8356575178471106,0,0
2025-12-26 06:25:23.003538,SW7,83.28222683315127,65.45431953959776,20.749310102458644,0.7009857393791172,0,0
2025-12-26 06:26:23.003538,FW1,38.528477529699586,61.672266066564504,33.164886513158514,0.5187198591561545,0,0
2025-12-26 06:27:23.003538,APP2,83.24359838928288,72.16011954671373,27.59418202073003,0.3973593440406014,0,0
2025-12-26 06:28:23.003538,FW3,97.15946158651857,56.32230990175988,42.90377557748144,0.2661637811075692,0,0
2025-12-26 06:29:23.003538,R3,97.91999362996054,60.27483537623242,23.329905466609443,0.4773012906750968,0,0
2025-12-26 06:30:23.003538,SW9,104.96929446607538,67.04694131086379,36.53750558716728,0.09730376568863885,0,0
2025-12-26 06:31:23.003538,APP8,342.8238420856063,373.2344400947248,348.33409840264613,3.2162295642358956,2,1
2025-12-26 06:32:23.003538,SW9,90.68551789688166,96.56391254629386,35.91213041706611,0.458455022904373,0,0
2025-12-26 06:33:23.003538,APP8,75.05492267087834,67.40062982558426,30.18334701862828,0.6826169104645662,0,0
2025-12-26 06:34:23.003538,FW3,60.174576814631834,79.34149210933934,41.228281741977284,0.29813122978526196,0,0
2025-12-26 06:35:23.003538,APP10,131.5924121167458,49.59747150097098,42.53429934341594,0.5411313800666515,0,0
2025-12-26 06:36:23.003538,APP8,86.41492553144565,63.114432736372976,28.785488310317916,0.506500466155011,0,0
2025-12-26 06:37:23.003538,DB1,67.35457771164437,55.7242486421054,29.274519293926975,0.7396029638145886,0,0
2025-12-26 06:38:23.003538,SW6,82.47473122987284,66.96531873413197,50.755012639902056,0.39022351883276324,0,0
2025-12-26 06:39:23.003538,APP2,81.4440654309555,97.82826525294611,32.83007914467555,0.603631968438999,0,0
2025-12-26 06:40:23.003538,APP1,95.75557741952427,69.13772723433937,13.845972059693043,0.5294631504604063,0,0
2025-12-26 06:41:23.003538,APP1,88.03694422139728,89.59173230316719,23.03604681191138,0.3508376658112219,0,0
2025-12-26 06:42:23.003538,DB4,81.38501783355281,86.92253485077555,2.0536875602369236,0.823152113771852,0,0
2025-12-26 06:43:23.003538,APP8,62.68207310517401,73.07645572017978,13.687062897090156,0.6233114725611455,0,0
2025-12-26 06:44:23.003538,SW10,82.07552448197036,83.54379289595119,32.232336503017784,0.4384440448549906,0,0
2025-12-26 06:45:23.003538,SW10,73.95106617917851,92.3981890309735,22.388917170722564,0.40006748252840313,0,0
2025-12-26 06:46:23.003538,APP2,81.64649787165096,90.04868973421634,22.236813536857184,0.23984006450312406,0,0
2025-12-26 06:47:23.003538,FW1,52.26902253210454,78.25131646778647,39.458409677071444,0.40820415370661206,0,0
2025-12-26 06:48:23.003538,APP8,64.19969240790478,45.521474544302905,35.62169158942237,0.004504201724752188,0,0
2025-12-26 06:49:23.003538,R2,113.50843660718131,66.90020403816706,30.403838978344005,0.4903868728114217,0,0
2025-12-26 06:50:23.003538,DB1,65.52336135444645,105.81938594556296,23.81046571798188,0.622975165398507,0,0
2025-12-26 06:51:23.003538,APP15,51.81646644469884,82.07778892767587,44.391658954553904,0.5508591043371349,0,0
2025-12-26 06:52:23.003538,DB3,104.69283060417584,281.42112413716575,134.93922977779897,1.3792404817820414,2,1
2025-12-26 06:53:23.003538,R1,88.9569888689985,74.70699294568446,23.493463772248003,0.33664662242993426,0,0
2025-12-26 06:54:23.003538,APP8,90.13517080254512,51.4336506542422,24.53782889025707,0.6773870253975831,0,0
2025-12-26 06:55:23.003538,SW4,31.485807222227173,60.285797709733416,38.41535689654826,0.5542573884795989,0,0
2025-12-26 06:56:23.003538,APP13,74.26890268361467,115.95861739844143,13.677592448525711,0.07914338155306327,0,0
2025-12-26 06:57:23.003538,SW6,139.07963263866927,107.95339125842676,22.900771522819774,0.27061788464494485,0,0
2025-12-26 06:58:23.003538,SW5,95.85618739839889,67.34353163860507,0.67987086068878,0.3836260687860883,0,0
2025-12-26 06:59:23.003538,SW7,76.27054714549652,64.80104367518142,30.894195340299664,0.6409447571772353,0,0
2025-12-26 07:00:23.003538,SW9,57.98971312268249,47.40512899591647,18.731089631052733,0.890502307042973,0,0
2025-12-26 07:01:23.003538,SW8,103.61056585574744,92.97864588057821,0.8175053515468669,0.3715755554848713,0,0
2025-12-26 07:02:23.003538,APP9,52.98560755393922,77.38085009348481,21.857047527042166,0.47417957450819714,0,0
2025-12-26 07:03:23.003538,APP8,95.26989670569044,117.93483198499769,24.549015604686918,0.24918144215597127,0,0
2025-12-26 07:04:23.003538,APP8,119.2033608135761,43.970752708929865,40.78658527039464,0.4433561036496212,0,0
2025-12-26 07:05:23.003538,APP13,43.05731574069979,28.0486804800466,30.915782602877936,0.5930584196432372,0,0
2025-12-26 07:06:23.003538,FW1,112.78273119255522,118.3177581974517,35.41356299859837,0.283486007490896,0,0
2025-12-26 07:07:23.003538,APP12,83.83005032009665,79.60252620044352,18.735293727826,0.7669462328858341,0,0
2025-12-26 07:08:23.003538,SW9,76.48195805629909,51.70004728314117,28.731943476013328,0.5298961810506629,0,0
2025-12-26 07:09:23.003538,DB4,82.78739031468666,22.321236482862048,42.085864311157025,0.862164567848456,0,0
2025-12-26 07:10:23.003538,APP9,102.80828012911277,71.00406418672486,6.588025231523101,0.5156573064850929,0,0
2025-12-26 07:11:23.003538,APP14,83.41442829332864,69.01006119031902,25.0993095543675,0.38021750700757445,0,0
2025-12-26 07:12:23.003538,SW10,63.61634130672257,68.78447659847401,39.38659666571262,0.44081049051779886,0,0
2025-12-26 07:13:23.003538,SW5,91.83208918920386,48.39802459381486,36.693265903699455,0.48168782511721847,0,0
2025-12-26 07:14:23.003538,FW1,88.85554877056941,66.46878217281781,41.865890560182706,0.2960244623010099,0,0
2025-12-26 07:15:23.003538,APP15,102.84847897774802,63.2279313483465,21.735790829171467,0.5379884944575204,0,0
2025-12-26 07:16:23.003538,SW6,91.53472010804911,91.43032780020343,28.235817042984603,0.377810404028838,0,0
2025-12-26 07:17:23.003538,FW1,41.40247696804176,65.20170199147032,26.21442672933429,0.6290360656486187,0,0
2025-12-26 07:18:23.003538,DB1,75.98407729568677,90.5833609098332,19.939021915975957,0.44610180616834527,0,0
2025-12-26 07:19:23.003538,APP10,65.84940886752635,112.57860163545547,22.310602237914335,0.23269702831726963,0,0
2025-12-26 07:20:23.003538,APP13,82.20343520504431,94.3808396209272,34.40294060521239,0.5017640681527566,0,0
2025-12-26 07:21:23.003538,APP2,93.68876547385986,70.22144084685733,25.992819066800024,0.5558092856271694,0,0
2025-12-26 07:22:23.003538,APP3,116.72782685015339,57.49702275737326,17.177400566426215,0.5893671704392608,0,0
2025-12-26 07:23:23.003538,APP15,567.2319901108249,296.86068556853877,196.84201598517538,2.3517010740570625,2,1
2025-12-26 07:24:23.003538,SW4,84.23465464870574,73.79570005447815,13.565622839994498,0.386638649906375,0,0
2025-12-26 07:25:23.003538,APP15,91.22104489096553,104.13982447365497,32.12746299283622,0.13291365728016552,0,0
2025-12-26 07:26:23.003538,FW2,91.62710072448317,60.20113489669369,24.192520467358385,0.3739294713790533,0,0
2025-12-26 07:27:23.003538,SW6,80.80768558595825,116.72712693354356,28.49407506753337,0.21048642702027792,0,0
2025-12-26 07:28:23.003538,DB4,49.846000129052484,86.26805816514705,14.492541069747391,0.6774292172274685,0,0
2025-12-26 07:29:23.003538,R3,85.66937356554098,87.31443634912652,26.783538214367045,0.5407809185968669,0,0
2025-12-26 07:30:23.003538,APP1,80.9760881192243,56.321419234196306,21.76612440755519,0.8007468337457573,0,0
2025-12-26 07:31:23.003538,SW10,91.88023836243228,89.99582575929466,23.405041253236064,0.7083233604142206,0,0
2025-12-26 07:32:23.003538,APP13,57.10482603278058,47.73356630387138,3.927399991490546,0.6745085151634821,0,0
2025-12-26 07:33:23.003538,SW1,84.92013245416726,68.61876716663889,10.178132303704256,0.34505518705355076,0,0
2025-12-26 07:34:23.003538,SW8,294.8467530117002,446.3823233226881,104.37328432670378,1.651103895897631,3,1
2025-12-26 07:35:23.003538,SW6,98.60440346023232,58.25419336073966,15.303500046823457,0.3188601385843673,0,0
2025-12-26 07:36:23.003538,APP3,114.48124942911836,33.689744926380655,31.741149759762003,0.8110143756571901,0,0
2025-12-26 07:37:23.003538,APP13,114.4652196504235,84.89621663565613,39.82115160626105,0.4705060820965126,0,0
2025-12-26 07:38:23.003538,APP15,51.592829650329534,113.79112940418806,57.725695868551085,0.5543145254306208,0,0
2025-12-26 07:39:23.003538,APP11,61.74582423248131,46.582506254831785,33.355981421811414,0.396671213797421,0,0
2025-12-26 07:40:23.003538,APP3,71.31743287295849,96.58718869193052,20.130684232573994,0.2185714621669682,0,0
2025-12-26 07:41:23.003538,APP11,70.37452604626476,78.46302709636964,26.959689424369724,0.43655856492023526,0,0
2025-12-26 07:42:23.003538,APP14,66.30349956068454,63.25744175880733,16.3357775959058,0.6542321182441616,0,0
2025-12-26 07:43:23.003538,APP5,99.95877504228366,71.13480756941725,9.2677790761423,0.6294645068789106,0,0
2025-12-26 07:44:23.003538,SW2,107.62735457726735,81.93084316777579,31.284600074947488,0.5304673537130941,0,0
2025-12-26 07:45:23.003538,APP6,35.84721243357399,75.78128128448822,27.39157725736489,0.010758441482578263,0,0
2025-12-26 07:46:23.003538,FW2,70.37450333479518,71.53566033184018,16.133179955166064,0.40074815741342046,0,0
2025-12-26 07:47:23.003538,R3,76.17183195127647,81.54488967570785,30.139941716850345,0.456729911615268,0,0
2025-12-26 07:48:23.003538,DB3,446.63300501246175,265.24529391508327,65.01355832538033,3.8834792456121363,1,1
2025-12-26 07:49:23.003538,SW8,52.77707529314736,58.922666784974524,0.5920945834231581,0.3912218487956863,0,0
2025-12-26 07:50:23.003538,APP2,96.26431698534836,84.65560481229113,25.38897023033763,0.3992806581423661,0,0
2025-12-26 07:51:23.003538,APP10,43.494831581981444,80.1563115412618,8.044849479817177,0.18149984759278837,0,0
2025-12-26 07:52:23.003538,SW3,48.031170918412684,101.35887141686383,12.938119745436666,0.896711007728576,0,0
2025-12-26 07:53:23.003538,APP9,110.45050526886492,73.45570015876594,27.765833956445253,0.5752233233193361,0,0
2025-12-26 07:54:23.003538,SW1,95.87895714569527,82.99902696774792,34.84212235956413,0.36414094074490394,0,0
2025-12-26 07:55:23.003538,APP14,105.48127151037306,92.89045328835908,30.125310341443438,0.6689043435729822,0,0
2025-12-26 07:56:23.003538,SW5,100.72857855518035,74.01566063296187,27.487307737860423,0.44464391767831446,0,0
2025-12-26 07:57:23.003538,DB1,260.6253506921196,418.33472748034296,81.62979678512437,1.82363214310254,3,1
2025-12-26 07:58:23.003538,APP13,82.5966481716634,124.58410554306394,32.035869074084026,0.7778317861509645,0,0
2025-12-26 07:59:23.003538,SW9,338.65213434164923,200.3131864623882,53.79771127866138,3.72049441023003,1,1
2025-12-26 08:00:23.003538,DB2,102.69290241686207,72.08517541540503,31.978412545781907,0.06250487157413076,0,0
2025-12-26 08:01:23.003538,APP7,208.31618268026835,491.62418730651575,258.37576283067557,3.1599650028684048,2,1
2025-12-26 08:02:23.003538,DB4,101.23773141882486,68.94474094386733,12.35647782627491,0.5653475898989565,0,0
2025-12-26 08:03:23.003538,R1,81.34077331326792,111.95856468855456,28.17030835675869,0.4967464378290615,0,0
2025-12-26 08:04:23.003538,SW9,318.43923456455576,458.0714841082171,236.058711946906,3.9087741595694494,2,1
2025-12-26 08:05:23.003538,DB3,103.15601386207081,78.12782159479657,13.605711764554764,0.443183405746803,0,0
2025-12-26 08:06:23.003538,APP15,72.67439689971734,80.87973189006193,21.617564064862748,0.6735103278021235,0,0
2025-12-26 08:07:23.003538,FW1,58.677572043519234,54.800977122982154,5.907890105897671,0.3852909891487187,0,0
2025-12-26 08:08:23.003538,SW4,91.20042347597055,99.55871478280102,18.82364531188032,0.6097690688029346,0,0
2025-12-26 08:09:23.003538,APP15,69.62251320684368,63.890977636823244,7.867089914778024,0.6003745236966959,0,0
2025-12-26 08:10:23.003538,APP10,97.79496363049367,43.99727055001998,23.521477302488627,0.42478212038937785,0,0
2025-12-26 08:11:23.003538,SW7,88.23599444338909,86.07761489246114,45.69258498603425,0.5222766614332671,0,0
2025-12-26 08:12:23.003538,APP4,64.79725445106551,87.2280653323962,29.360596798304925,0.20197808076797874,0,0
2025-12-26 08:13:23.003538,SW9,88.12535966567637,41.89401015341474,17.7243822208314,0.6542985418240019,0,0
2025-12-26 08:14:23.003538,APP5,510.4510215466636,195.8268261860737,228.71635689403192,2.6733556001644705,2,1
2025-12-26 08:15:23.003538,APP4,44.06510440088445,75.97285456945274,14.316239395760276,0.37451455278179896,0,0
2025-12-26 08:16:23.003538,APP6,95.12642218781751,107.18478081729984,9.771492171923581,0.638391838284828,0,0
2025-12-26 08:17:23.003538,R2,91.46044140466736,64.57777528935756,31.79710420503072,0.4481946702355455,0,0
2025-12-26 08:18:23.003538,APP6,87.92671289472925,78.38518281783311,7.470284939890686,0.2676813142260981,0,0
2025-12-26 08:19:23.003538,DB3,75.06954125359609,100.91320933501797,26.513098169411354,0.36243445479957304,0,0
2025-12-26 08:20:23.003538,APP5,119.88016723799561,69.75853257413756,27.038058316260727,0.44034077596979593,0,0
2025-12-26 08:21:23.003538,FW3,96.39004878221158,57.82398623403863,26.103937023554735,0.5166954383880595,0,0
2025-12-26 08:22:23.003538,APP11,101.11114710407251,54.918207588783964,44.68742227910769,0.5193560950338251,0,0
2025-12-26 08:23:23.003538,SW7,63.440729183697584,73.54344277879858,8.716760800409052,0.27199315537685476,0,0
2025-12-26 08:24:23.003538,DB5,55.59461847018082,80.93508285362051,33.55741892400401,0.5663290785768028,0,0
2025-12-26 08:25:23.003538,DB3,86.05111079755092,94.29818049279876,19.590876803250175,0.10481003484221646,0,0
2025-12-26 08:26:23.003538,R2,104.09809696425445,87.3915074348383,25.619263069848042,0.7418742213664179,0,0
2025-12-26 08:27:23.003538,APP4,340.89768463588723,142.86310061947412,40.72310785741364,1.4459395008453868,1,1
2025-12-26 08:28:23.003538,DB2,74.55990211066403,87.05444939195672,23.100325227131222,0.7156380192114906,0,0
2025-12-26 08:29:23.003538,FW1,65.49765183327625,91.59633894838561,24.947258695442066,0.5462901803273118,0,0
2025-12-26 08:30:23.003538,SW4,144.82717285673047,220.79977446183705,246.67912703545667,2.3536985922852587,2,1
2025-12-26 08:31:23.003538,SW10,99.12459922330288,32.45305018272769,33.060133470817135,0.42731249005520594,0,0
2025-12-26 08:32:23.003538,R3,118.69410317075736,84.7143183068719,25.87764558603252,0.33634693135762184,0,0
2025-12-26 08:33:23.003538,SW6,37.691657991376566,65.07957315924102,18.591747500617814,0.5033038482839586,0,0
2025-12-26 08:34:23.003538,APP1,50.652688210236946,52.991645318638916,25.499979660878964,0.37275938354583554,0,0
2025-12-26 08:35:23.003538,SW10,105.47935176425325,57.89870731686352,19.119968722415816,0.5118785260673038,0,0
2025-12-26 08:36:23.003538,APP4,92.92313257749375,51.74609744861112,19.163133876027644,0.47139501785638654,0,0
2025-12-26 08:37:23.003538,FW3,73.67362427688815,75.26620409143266,13.155503201875817,0.4142794368912,0,0
2025-12-26 08:38:23.003538,APP15,94.84619958426944,52.680400348029536,18.79026057555221,0.7634598210462888,0,0
2025-12-26 08:39:23.003538,SW1,67.40798128258686,90.41835112008023,26.579794148749244,0.7322914474092196,0,0
2025-12-26 08:40:23.003538,SW5,71.54748706365281,67.3922648640531,21.03690723035986,0.7262529288051452,0,0
2025-12-26 08:41:23.003538,R1,85.48004927052155,93.63182785506831,26.387696804359297,0.5300657882912424,0,0
2025-12-26 08:42:23.003538,APP6,72.17856533242492,83.22115776749465,30.205254600520206,0.4758337025692886,0,0
2025-12-26 08:43:23.003538,APP9,91.5294291785107,71.39268783988261,26.680050685136987,0.5987955274905354,0,0
2025-12-26 08:44:23.003538,SW4,35.22139234366268,31.580365876771992,33.01018531773217,0.5031959462923049,0,0
2025-12-26 08:45:23.003538,R3,88.24375166466143,88.75608537979487,26.20792886223807,0.6498535088399309,0,0
2025-12-26 08:46:23.003538,R3,65.3812741627832,87.8723152448717,18.00765115571071,0.7184726110637384,0,0
2025-12-26 08:47:23.003538,DB2,51.87749421835749,57.75288650323459,42.36155890945913,0.4211758924535859,0,0
2025-12-26 08:48:23.003538,APP2,37.563023120512995,103.4579706415607,36.70592375535041,0.41953148910928995,0,0
2025-12-26 08:49:23.003538,APP7,87.30704266637382,69.70412161201978,33.56084659376746,0.877728315549288,0,0
2025-12-26 08:50:23.003538,APP15,81.07121294950588,44.722988811003944,29.028351695129498,0.3739225756845428,0,0
2025-12-26 08:51:23.003538,SW6,39.40929480038646,52.90035255170086,20.455259216993777,0.6496590351134212,0,0
2025-12-26 08:52:23.003538,SW2,81.22639571606769,84.2228869570816,46.253012964518916,0.6422123893101261,0,0
2025-12-26 08:53:23.003538,R3,82.03201198891227,52.75517815665313,34.91013921692339,0.5995757529307526,0,0
2025-12-26 08:54:23.003538,R2,61.885259400475164,124.01848132567969,27.184713169434502,0.5240589606874718,0,0
2025-12-26 08:55:23.003538,APP15,75.37455034552784,76.36078217944872,5.074680611970901,0.7464555050555585,0,0
2025-12-26 08:56:23.003538,APP8,129.31569044586132,251.17253497116366,59.26946111256775,1.4323570040654303,3,1
2025-12-26 08:57:23.003538,R3,59.09737121368656,68.91173698840461,1.244612796142519,0.504965004815288,0,0
2025-12-26 08:58:23.003538,APP2,129.2562785456871,61.05225846600852,22.68716496315824,0.6634208161465012,0,0
2025-12-26 08:59:23.003538,APP1,65.8096880905827,88.15844729624249,22.95195192567997,1.035886528404482,0,0
2025-12-26 09:00:23.003538,APP11,56.39428524726229,49.214609673084695,15.591723918195267,0.5653219760814937,0,0
2025-12-26 09:01:23.003538,APP4,85.66581037341174,64.31850377658193,16.049739496932936,0.5602735544988009,0,0
2025-12-26 09:02:23.003538,SW3,68.72131415033198,51.8186968298772,29.508987264230743,0.25759762023780974,0,0
2025-12-26 09:03:23.003538,DB4,102.92842740816607,66.74524971948583,30.191108103801927,0.5304206938042193,0,0
2025-12-26 09:04:23.003538,APP7,58.081961228511545,94.6113075365488,43.70411580072779,0.6067104204810778,0,0
2025-12-26 09:05:23.003538,APP13,91.34375074380112,57.30221791251445,30.451204376558845,0.662988423108574,0,0
2025-12-26 09:06:23.003538,SW9,66.12135272069172,50.31333566023871,8.477602260461087,0.3697493373684032,0,0
2025-12-26 09:07:23.003538,APP11,98.51888785443911,111.713393084834,39.118168066309465,0.4483253476254041,0,0
2025-12-26 09:08:23.003538,APP14,90.8950279100945,68.1935571366206,33.52760461625873,0.684779310140626,0,0
2025-12-26 09:09:23.003538,SW10,99.48258878626027,69.92249976444023,24.6359735630584,0.26062441843140427,0,0
2025-12-26 09:10:23.003538,FW2,86.30393694438486,68.84923962717428,19.8639980239677,0.7575675434872101,0,0
2025-12-26 09:11:23.003538,APP2,104.61809546194641,106.80767134134999,24.336956796912368,0.7516399396885527,0,0
2025-12-26 09:12:23.003538,APP6,89.72978702865129,100.2473707093149,16.536029515229842,0.2568340437780431,0,0
2025-12-26 09:13:23.003538,R2,65.59963938455184,97.94195760989574,38.71517549222184,0.6012268629978258,0,0
2025-12-26 09:14:23.003538,APP15,30.077911420264314,75.38717396624682,22.042234811992465,0.5467475036355319,0,0
2025-12-26 09:15:23.003538,APP1,81.61938635767912,64.50591770089777,24.613868472532932,0.7515426745754616,0,0
2025-12-26 09:16:23.003538,SW10,41.99103449627882,76.61013629435125,19.2361690564981,0.38010146507207254,0,0
2025-12-26 09:17:23.003538,DB5,503.2129767468699,141.10107312514026,313.4098412687638,1.9248555862880943,2,1
2025-12-26 09:18:23.003538,APP15,44.282972946344515,55.382898183148335,22.097406917743793,0.2448053216818047,0,0
2025-12-26 09:19:23.003538,FW1,453.0421654931038,116.53187341024955,174.15435572972874,3.06471540481898,2,1
2025-12-26 09:20:23.003538,APP11,104.72534533991993,82.30873002054295,11.820406667657277,0.48497383884420914,0,0
2025-12-26 09:21:23.003538,APP11,94.4193839854582,83.51427004379329,20.483758611433267,0.7173020766773418,0,0
2025-12-26 09:22:23.003538,APP6,27.464714784299666,53.4488364260294,14.179972655120302,0.5460147267238207,0,0
2025-12-26 09:23:23.003538,APP5,64.51398159033658,56.245946112087694,34.30132215503646,0.5505285433812841,0,0
2025-12-26 09:24:23.003538,SW1,101.78116962686073,74.15646384058907,16.386911627278593,0.21473865981581924,0,0
2025-12-26 09:25:23.003538,APP5,104.56252113128419,72.50297160253538,7.65977825211111,0.5239832613096265,0,0
2025-12-26 09:26:23.003538,SW6,49.022811708409336,74.3065002538197,8.983953797523682,0.6606380579057596,0,0
2025-12-26 09:27:23.003538,DB2,91.19387012031532,72.28609344126018,24.007239495046097,0.5994211187905281,0,0
2025-12-26 09:28:23.003538,FW3,91.7031494911837,42.86378144947562,47.652926657612085,0.6945607094872945,0,0
2025-12-26 09:29:23.003538,APP7,518.8754617342959,303.0717531838696,163.18966737372986,3.2728011930339838,2,1
2025-12-26 09:30:23.003538,APP5,83.38123369719585,90.04725643741595,15.743389124074639,0.633717959559523,0,0
2025-12-26 09:31:23.003538,DB5,84.69259498292699,64.83890251671959,8.704264060026151,0.6292186080032518,0,0
2025-12-26 09:32:23.003538,SW2,75.62897714769586,72.6511718508411,28.841077931100546,0.2535948912332432,0,0
2025-12-26 09:33:23.003538,R1,71.8158465483813,75.5305127023761,9.768965348242219,0.48900677555496014,0,0
2025-12-26 09:34:23.003538,FW1,101.56734487878516,101.50212278527397,22.920016077669366,0.5234089058011958,0,0
2025-12-26 09:35:23.003538,SW1,99.38247317549873,93.97304278119667,8.47580037254152,0.5319615233906895,0,0
2025-12-26 09:36:23.003538,APP7,87.74313942684853,77.89410601248099,29.459749982548303,0.6516775660065958,0,0
2025-12-26 09:37:23.003538,APP3,87.81591676743248,103.96044696215841,37.894138435973765,0.4226478395180401,0,0
2025-12-26 09:38:23.003538,APP10,67.3495234937249,37.84177475991886,22.844279295876383,0.6555432992991351,0,0
2025-12-26 09:39:23.003538,SW7,66.46539914700368,72.32534542258882,30.712172228944972,0.21655870017364642,0,0
2025-12-26 09:40:23.003538,APP1,95.45161693848546,63.148187270652826,36.545900023969885,0.29133484979024005,0,0
2025-12-26 09:41:23.003538,APP3,56.31057493025378,68.19380214113527,19.799665086502447,0.7520806847857783,0,0
2025-12-26 09:42:23.003538,FW1,84.78579378788376,78.36009008535072,26.497518037720198,0.22797791592730904,0,0
2025-12-26 09:43:23.003538,DB3,38.45810993537296,82.67970224511019,0.26246148070793396,0.4898602449931513,0,0
2025-12-26 09:44:23.003538,R3,87.40072703167912,47.969152637216126,-8.134592367111154,0.45566738263281137,0,0
2025-12-26 09:45:23.003538,APP15,91.10213674097687,66.39549355983266,36.80325026078626,0.5225802271764555,0,0
2025-12-26 09:46:23.003538,APP1,69.85238365509264,56.64193372786178,26.83965806587322,0.5341740376843553,0,0
2025-12-26 09:47:23.003538,APP7,63.672978809689766,66.0467050208775,25.360545592939037,0.3909106023970147,0,0
2025-12-26 09:48:23.003538,SW2,319.59052889464107,287.39983947016077,17.59012977077206,2.4947132464753774,1,1
2025-12-26 09:49:23.003538,DB4,32.863533360680286,61.67426429659094,23.040589901852254,0.707436248530064,0,0
2025-12-26 09:50:23.003538,APP7,100.67739782549603,43.7184379398728,27.7515407617804,0.8149022109838889,0,0
2025-12-26 09:51:23.003538,APP13,90.50437024809177,84.93584000083231,15.304040999077365,0.7584457965754325,0,0
2025-12-26 09:52:23.003538,APP9,80.40429605520704,72.67090089836164,48.353298556444216,0.41163804632008666,0,0
2025-12-26 09:53:23.003538,APP4,75.57805144816572,78.33883017625243,37.47296027081405,0.5155787334864724,0,0
2025-12-26 09:54:23.003538,R2,75.56416267061282,51.37732309941342,36.230275711844335,0.5862908150751591,0,0
2025-12-26 09:55:23.003538,APP12,69.78865983352127,81.87522031114933,38.12220136220587,0.4834579750314869,0,0
2025-12-26 09:56:23.003538,APP2,428.2646729266963,147.9508186153673,173.97208328598447,2.483798207646042,2,1
2025-12-26 09:57:23.003538,APP6,80.85573675071026,65.38438154410083,11.979537335062334,0.5673189276399193,0,0
2025-12-26 09:58:23.003538,APP8,102.86784754457511,77.19418815871765,34.37565907619816,0.012402272980117868,0,0
2025-12-26 09:59:23.003538,SW2,45.02027282901488,46.48008610907615,27.804370072813878,0.47840106760768253,0,0
2025-12-26 10:00:23.003538,SW9,88.72570735299287,85.44025330708031,23.453603695239917,0.28904183372894976,0,0
2025-12-26 10:01:23.003538,DB1,44.18465650890974,70.93160701622418,38.0014917512414,0.8940249551155564,0,0
2025-12-26 10:02:23.003538,APP2,61.47720789528317,61.660373309476626,35.569150826773914,0.6596923481091758,0,0
2025-12-26 10:03:23.003538,SW5,117.94881023984928,82.85328853350292,1.550550402570103,0.6098775473117215,0,0
2025-12-26 10:04:23.003538,APP2,57.373919631937866,123.50033523757074,22.71579857259988,0.42067924207546925,0,0
2025-12-26 10:05:23.003538,R1,518.0957585406791,345.4471041953149,121.0903201957491,4.247694435086784,2,1
2025-12-26 10:06:23.003538,APP5,111.90830434565964,93.00520457281208,35.20393892226694,0.5802987846488393,0,0
2025-12-26 10:07:23.003538,SW3,109.055815340033,86.729380758196,21.46091653291125,0.31257491167047635,0,0
2025-12-26 10:08:23.003538,APP11,74.15821922783148,69.95297344356787,33.08002515698729,0.5091874000557485,0,0
2025-12-26 10:09:23.003538,APP5,88.15296079991737,64.62765768892889,32.41568790458645,0.7093296336553491,0,0
2025-12-26 10:10:23.003538,APP7,37.99197208540918,99.06368197468888,7.312772449907225,0.6887330020765445,0,0
2025-12-26 10:11:23.003538,DB2,53.551735416712965,71.88205619624775,31.478643533313793,0.23501651524027578,0,0
2025-12-26 10:12:23.003538,FW3,60.47680551438915,91.95061762850486,37.89429586018133,0.24561077356302158,0,0
2025-12-26 10:13:23.003538,SW8,387.47332595207746,229.0868849501621,167.62011463105006,0.8664960394138377,2,1
2025-12-26 10:14:23.003538,DB2,69.23417170210679,61.34903186764339,39.581487902902005,0.3117196877925038,0,0
2025-12-26 10:15:23.003538,SW4,84.58152846493137,74.58499836886493,31.093256774857803,0.49975563302738396,0,0
2025-12-26 10:16:23.003538,R1,86.013666319966,82.5984929479372,26.495939759959366,0.3094155949980544,0,0
2025-12-26 10:17:23.003538,APP1,96.88174939669878,75.85447565365953,27.72021926628813,0.061755798059833444,0,0
2025-12-26 10:18:23.003538,R1,102.71290921274918,86.24313794966335,3.0793854012592092,0.7887008130590096,0,0
2025-12-26 10:19:23.003538,APP1,84.44995471505052,82.837868852293,16.781934816738314,0.13508118680258657,0,0
2025-12-26 10:20:23.003538,APP7,495.49246599910884,415.6241558666414,152.8625712895191,3.2770294960816972,2,1
2025-12-26 10:21:23.003538,SW10,117.96939126757387,51.54539032999102,30.440122607615805,0.19905106361931557,0,0
2025-12-26 10:22:23.003538,DB4,43.977799928628656,66.29049977336902,21.08911694600924,0.3260737550425501,0,0
2025-12-26 10:23:23.003538,FW1,95.76723147378985,92.48154446477618,3.3822773546672877,0.6276146005692382,0,0
2025-12-26 10:24:23.003538,R3,53.685919781457955,83.7475403584019,32.26045308135051,0.32889016253264597,0,0
2025-12-26 10:25:23.003538,R2,53.04947964077492,103.03921780089014,26.194751622375627,0.3032884654878504,0,0
2025-12-26 10:26:23.003538,SW2,78.78285987738906,70.51897297117674,16.88047508336993,0.8747935863904996,0,0
2025-12-26 10:27:23.003538,DB2,54.3096412399033,103.56511456049824,23.904721903377208,0.48729641675791086,0,0
2025-12-26 10:28:23.003538,SW8,112.20472948853921,53.72386783346547,23.84968617100245,0.6436810452501487,0,0
2025-12-26 10:29:23.003538,FW3,67.31576380186361,51.410360718095674,26.419862110544713,0.3836375679980072,0,0
2025-12-26 10:30:23.003538,SW4,90.14647822827327,97.8058099078892,26.091604810292417,0.5027608034099815,0,0
2025-12-26 10:31:23.003538,APP8,102.90658995012066,107.24054112267714,43.240780451583355,0.8317400946042786,0,0
2025-12-26 10:32:23.003538,APP13,69.87874832512598,78.72780390334998,37.10493942154684,0.3702840157762546,0,0
2025-12-26 10:33:23.003538,DB4,65.69510314885781,86.28058159388074,25.980130695161982,0.4954880221954961,0,0
2025-12-26 10:34:23.003538,DB4,87.65016411706505,66.4192974086881,19.103600682412683,0.390856541798671,0,0
2025-12-26 10:35:23.003538,APP4,78.03602141526488,82.5201247125641,32.84234759991027,0.46025736031110154,0,0
2025-12-26 10:36:23.003538,APP11,80.55169168595093,73.94040042277202,28.971434622661597,0.9719497658279708,0,0
2025-12-26 10:37:23.003538,SW4,105.27706590719177,84.96981522683978,26.40513831846684,0.8437878778880619,0,0
2025-12-26 10:38:23.003538,APP9,87.05424454914763,91.76848950799433,20.09177902738491,0.6507087260616443,0,0
2025-12-26 10:39:23.003538,DB3,77.2886179709315,77.94913305098677,29.991334501098116,0.2599416127972428,0,0
2025-12-26 10:40:23.003538,R1,47.049872429076316,59.312142709951004,23.309883939809897,0.38124400184724455,0,0
2025-12-26 10:41:23.003538,APP13,68.86421315142438,95.25641901449966,13.19983699932033,0.38912115110586426,0,0
2025-12-26 10:42:23.003538,APP2,671.0907230231652,441.33741298439276,167.51050392041512,1.8344920084770782,2,1
2025-12-26 10:43:23.003538,APP13,106.57560126952279,60.021906253070476,30.38393015268054,0.45188913219409665,0,0
2025-12-26 10:44:23.003538,SW2,97.38357858935618,101.15817305504596,26.905404195933134,0.5053520990699414,0,0
2025-12-26 10:45:23.003538,DB3,92.02910597200027,64.29704478464672,31.938233246324913,0.467232277102357,0,0
2025-12-26 10:46:23.003538,FW1,375.90028854180184,276.86933965148216,262.50005598710896,2.031144300259481,2,1
2025-12-26 10:47:23.003538,SW10,83.72336414674943,75.92569829125031,22.787173337128767,0.19094224024902795,0,0
2025-12-26 10:48:23.003538,APP1,107.01975108525095,99.12722927732682,28.21403716143275,0.5188166739599219,0,0
2025-12-26 10:49:23.003538,R3,112.55394228463128,73.47235478674862,29.911204861161355,0.2936151087556974,0,0
2025-12-26 10:50:23.003538,APP1,76.77006670011725,77.26406687850594,27.637219843533703,0.4428879233567584,0,0
2025-12-26 10:51:23.003538,DB3,84.2812780525532,82.83744956101499,30.290460202922965,0.2984396998491474,0,0
2025-12-26 10:52:23.003538,APP14,57.75216551085845,75.36033441130594,39.141307451512986,0.4685872925909304,0,0
2025-12-26 10:53:23.003538,DB1,73.81348581741048,110.08626251239997,31.069249054812893,0.35341392784262504,0,0
2025-12-26 10:54:23.003538,DB1,80.21859889261897,27.776638050068648,26.31460068488081,0.014329831641828772,0,0
2025-12-26 10:55:23.003538,APP9,95.24498670847724,64.44900589337863,6.29158680157753,0.1705101057650224,0,0
2025-12-26 10:56:23.003538,SW6,66.91357067694233,98.15405231226684,22.394630361044687,0.2465318406604738,0,0
2025-12-26 10:57:23.003538,SW9,73.82154723300928,76.90440591884426,26.824338363472037,0.4833748375326089,0,0
2025-12-26 10:58:23.003538,FW1,60.75571995170172,56.07468220557435,31.03673351401255,0.5463113043060525,0,0
2025-12-26 10:59:23.003538,FW3,572.9878534148369,227.70538066988956,124.71683045315034,2.9271225221424855,2,1
2025-12-26 11:00:23.003538,SW7,60.52418540771244,84.2447324961286,41.40892371858475,0.7134390528140806,0,0
2025-12-26 11:01:23.003538,SW9,100.05911000718858,70.94724403546998,22.761888044863404,0.7184644211135336,0,0
2025-12-26 11:02:23.003538,APP10,51.52378868891945,43.413788795435934,10.044603564813375,0.11367931635347855,0,0
2025-12-26 11:03:23.003538,SW5,46.23139566724193,78.08176311897759,37.45462341772997,0.8940637298012746,0,0
2025-12-26 11:04:23.003538,APP12,95.54504482301267,71.17784555041035,27.236347331973153,0.33428927197892405,0,0
2025-12-26 11:05:23.003538,DB2,68.98548015776349,82.83761267658566,16.13165857093719,0.7468627761821329,0,0
2025-12-26 11:06:23.003538,FW2,70.803238086384,54.62692088152714,16.627273991163786,0.5973908973863136,0,0
2025-12-26 11:07:23.003538,SW1,99.19262688330878,90.48982269344913,26.802935298737665,0.1757413730153835,0,0
2025-12-26 11:08:23.003538,APP12,71.9627551167588,103.6473730824219,40.27711394280233,0.4208603426099692,0,0
2025-12-26 11:09:23.003538,SW4,90.13849690920951,66.25622478257912,0.7702724984511491,0.5275515420298912,0,0
2025-12-26 11:10:23.003538,APP6,92.57664046693806,56.01829791401481,12.202004608089116,0.3921801663454257,0,0
2025-12-26 11:11:23.003538,APP5,92.96336173341228,50.09139193305107,18.216272579279558,0.7040161842235723,0,0
2025-12-26 11:12:23.003538,SW9,85.09777288467505,96.85239702664155,28.622351571937187,0.0944182476398705,0,0
2025-12-26 11:13:23.003538,APP2,46.6376702612071,78.52000715259048,5.679739125492922,0.38906071380349283,0,0
2025-12-26 11:14:23.003538,APP12,93.01420168185611,75.17405476461353,21.9139738909388,0.5869055196025603,0,0
2025-12-26 11:15:23.003538,APP7,47.346734789634105,58.558220653799246,11.603417591740968,0.5599090501676829,0,0
2025-12-26 11:16:23.003538,DB2,69.60460756130134,87.64970196001387,25.873496009537707,0.4586330130809361,0,0
2025-12-26 11:17:23.003538,DB2,89.31248755632993,65.75077681271884,23.671559512794577,0.859630231348431,0,0
2025-12-26 11:18:23.003538,SW9,81.7855405980079,31.13041530082758,34.18643775710869,0.2246418822183932,0,0
2025-12-26 11:19:23.003538,APP2,62.812526482091926,82.11249356870768,18.22431712152304,0.5482038438898648,0,0
2025-12-26 11:20:23.003538,SW7,75.8330372269457,65.44902652595864,16.381206903554713,0.8690657123255536,0,0
2025-12-26 11:21:23.003538,FW2,51.07112676837038,96.41958921637968,25.03669617563112,0.02082273922567668,0,0
2025-12-26 11:22:23.003538,SW10,100.50483936190022,74.52062014573508,29.550729522694713,0.028770393899947122,0,0
2025-12-26 11:23:23.003538,SW4,62.37314642663446,93.26865155994227,42.93400040582455,0.6510678276945217,0,0
2025-12-26 11:24:23.003538,APP4,255.83018578647938,417.71292278642204,107.2545169301489,1.9783389382104613,3,1
2025-12-26 11:25:23.003538,APP2,24.47839755285861,71.31769087573396,25.125410795944386,0.20067643027177923,0,0
2025-12-26 11:26:23.003538,APP10,54.57912839533539,96.37159951399268,33.49496783507523,0.2429529049148495,0,0
2025-12-26 11:27:23.003538,FW3,551.3403725870435,448.0875341515798,104.8468368413111,3.3047056077507255,1,1
2025-12-26 11:28:23.003538,SW2,73.5400030011395,71.24553251107368,16.493852797778388,0.7705449706473496,0,0
2025-12-26 11:29:23.003538,SW9,86.19762832328351,101.5881852529231,4.42520391948036,0.22084760176866558,0,0
2025-12-26 11:30:23.003538,APP7,97.48625881767754,75.39714102753335,38.780991296012104,0.31941811877809156,0,0
2025-12-26 11:31:23.003538,APP10,80.49950888971982,82.51966588890232,21.801936357355807,0.3079985869557965,0,0
2025-12-26 11:32:23.003538,APP3,36.87689509266929,88.21082371487407,40.867399778632176,0.3305160074644111,0,0
2025-12-26 11:33:23.003538,APP8,87.25684521655451,55.38585717427814,45.90415657891229,0.6510321499020416,0,0
2025-12-26 11:34:23.003538,APP10,41.98723375806927,76.30948542484774,31.99724274811424,0.5515822156123095,0,0
2025-12-26 11:35:23.003538,DB2,84.29218647906228,80.70239895635704,35.754903019928896,0.48354211342678904,0,0
2025-12-26 11:36:23.003538,DB4,72.90993242729982,95.8266963347717,25.269820036030325,0.6489154521925404,0,0
2025-12-26 11:37:23.003538,DB4,66.36740792850247,90.91414302035957,17.365257820614683,0.19258331907220305,0,0
2025-12-26 11:38:23.003538,APP6,86.1771497529717,46.831325549925616,-2.044456877412827,0.130649129095536,0,0
2025-12-26 11:39:23.003538,SW10,128.23548637017,71.53322813608091,27.282714790436504,0.37947164090069313,0,0
2025-12-26 11:40:23.003538,FW2,84.48628324775842,86.55872489798624,22.84131132627816,0.693490119039336,0,0
2025-12-26 11:41:23.003538,SW8,90.27811952312354,75.99946867276398,20.435481281705243,0.07948866539919802,0,0
2025-12-26 11:42:23.003538,DB5,76.33468243784806,57.90671289194954,6.783466296729955,0.3684678260549523,0,0
2025-12-26 11:43:23.003538,DB3,99.84791252222666,72.08163079407228,25.55105248338565,0.2510990958622356,0,0
2025-12-26 11:44:23.003538,SW7,62.810317762657974,52.14146531680531,21.392355760647543,0.6793538421682964,0,0
2025-12-26 11:45:23.003538,DB5,92.96436207713784,96.76685652935204,27.62546337946085,0.5660271334951695,0,0
2025-12-26 11:46:23.003538,SW9,90.30949981224725,56.219298257791564,26.37552787954734,0.3935597003269756,0,0
2025-12-26 11:47:23.003538,FW1,70.78738413071649,69.46992625213174,18.751659426324196,0.8290672565966056,0,0
2025-12-26 11:48:23.003538,SW3,59.45135633291149,27.2401359271471,16.97398083901018,0.8167510296060749,0,0
2025-12-26 11:49:23.003538,APP14,104.9295098986294,100.03550121247474,26.526348741600565,0.5040694427733079,0,0
2025-12-26 11:50:23.003538,R2,75.92500730743997,82.35879679100651,38.15033376858935,0.4240838648541989,0,0
2025-12-26 11:51:23.003538,APP15,92.68239358958165,78.15388219762555,29.85656283749038,0.2603128839610168,0,0
2025-12-26 11:52:23.003538,R1,72.22116432774695,58.68957908244679,27.109494053472424,0.5592180457439062,0,0
2025-12-26 11:53:23.003538,APP6,100.36636749779207,84.4382526184569,32.76355073189947,0.23843862753877237,0,0
2025-12-26 11:54:23.003538,APP7,71.10255461867357,106.38491516273359,21.90003478284756,0.866960850143176,0,0
2025-12-26 11:55:23.003538,DB5,68.46870004015818,79.47774575863313,13.09827276114061,0.5237127493283089,0,0
2025-12-26 11:56:23.003538,APP1,95.05686857128566,63.964831792747155,20.983135977220556,0.017056068870947794,0,0
2025-12-26 11:57:23.003538,APP3,95.51837312022477,88.21011589979469,28.41010858892062,0.7384303835144455,0,0
2025-12-26 11:58:23.003538,APP3,70.77500703754674,71.60683695686612,53.0304910198809,0.38335349228709603,0,0
2025-12-26 11:59:23.003538,APP12,64.61761004676802,96.00990992269905,25.212206657533073,0.8693887369543007,0,0
2025-12-26 12:00:23.003538,APP10,93.23407040374477,68.87074465584521,29.703697839625136,0.5101029493394335,0,0
2025-12-26 12:01:23.003538,SW5,110.60199057664366,57.41097704898909,24.21326207408711,0.6617111172276093,0,0
2025-12-26 12:02:23.003538,SW3,69.25002480864427,80.40446799546173,10.632876766962143,0.4551570463882074,0,0
2025-12-26 12:03:23.003538,APP3,41.86144200680073,69.06294005271158,39.15674589219031,0.598852683958275,0,0
2025-12-26 12:04:23.003538,R1,77.04743436549731,89.40029630623368,25.406188082492523,0.4681438226072972,0,0
2025-12-26 12:05:23.003538,SW1,121.73679722858984,80.48241843601352,8.483347735642262,0.3800898299413241,0,0
2025-12-26 12:06:23.003538,FW3,86.9186849076128,89.96680264072386,37.807191048135735,0.5386198508969662,0,0
2025-12-26 12:07:23.003538,APP9,89.85743112899108,72.97498999668665,51.28259667414319,0.38595346368792427,0,0
2025-12-26 12:08:23.003538,SW5,54.017218931284496,80.32473607539549,25.781121614432585,0.3214437855728264,0,0
2025-12-26 12:09:23.003538,DB5,66.81469179967073,112.3464121276788,28.560887678214485,0.4222094150729503,0,0
2025-12-26 12:10:23.003538,APP10,64.32856356910517,95.2473373466176,28.76063068746002,0.45648429707840676,0,0
2025-12-26 12:11:23.003538,SW6,28.958352258894344,79.82738005020322,35.06134814654992,0.8116831006337829,0,0
2025-12-26 12:12:23.003538,APP10,147.64805597299096,175.53923037649113,103.13392547246673,3.793745742277972,3,1
2025-12-26 12:13:23.003538,SW2,68.32023065518894,96.60782207392067,32.79678367003566,0.2828183012777511,0,0
2025-12-26 12:14:23.003538,APP15,94.17041623628367,76.68578902412071,12.295497255212132,0.6544589796229572,0,0
2025-12-26 12:15:23.003538,APP8,289.0944286080545,199.15782131473227,42.96562861830328,3.75056520648259,3,1
2025-12-26 12:16:23.003538,APP2,45.65878275012741,99.45487637210543,16.319064048747386,0.41809100520172854,0,0
2025-12-26 12:17:23.003538,APP5,78.42443917338005,90.08982682153515,35.97745146897864,0.38938637493858375,0,0
2025-12-26 12:18:23.003538,SW7,61.07210501990865,91.51915279192217,36.628328347443066,0.46421128319412214,0,0
2025-12-26 12:19:23.003538,SW1,75.81850445019963,75.89318577510353,6.968044650284899,0.6558355140451937,0,0
2025-12-26 12:20:23.003538,APP7,80.62752942145285,80.83613988184429,38.97707818260476,0.4655924950198601,0,0
2025-12-26 12:21:23.003538,APP6,76.87472129276621,57.31289509555009,35.78891616963444,0.5885885100395839,0,0
2025-12-26 12:22:23.003538,R2,536.2950196536536,270.1521636889935,118.24248385852286,2.2276253088713727,1,1
2025-12-26 12:23:23.003538,APP14,80.88472595851294,98.82341245755026,29.41793880911933,0.42208301271250886,0,0
2025-12-26 12:24:23.003538,APP2,128.16954566861062,66.33982430795291,24.17706328227244,0.0151156362312857,0,0
2025-12-26 12:25:23.003538,APP4,107.87771772179369,63.90197900534051,24.421032316466402,0.5825467267849984,0,0
2025-12-26 12:26:23.003538,SW9,79.48529879231091,78.90413059389266,26.1043697134282,0.41623454635587165,0,0
2025-12-26 12:27:23.003538,SW8,95.89364195064131,74.80594637968599,29.946943757905096,0.5725219266010886,0,0
2025-12-26 12:28:23.003538,APP13,80.59264084789424,72.97514830655817,14.380964352666311,0.1268163153268233,0,0
2025-12-26 12:29:23.003538,APP3,41.52669228657617,79.57312514220973,22.407181109441773,0.5227132325932884,0,0
2025-12-26 12:30:23.003538,SW1,42.89863126909136,95.96728035843252,39.836963538797086,0.34518581064327436,0,0
2025-12-26 12:31:23.003538,APP8,75.66079740828238,72.0352041432988,20.378346337567255,0.46607384793418133,0,0
2025-12-26 12:32:23.003538,SW3,86.67717965727945,92.98589427867026,20.670242811430597,0.30920178079045213,0,0
2025-12-26 12:33:23.003538,DB4,65.67488451817496,109.58030878942546,27.445685177531388,0.5484502038959024,0,0
2025-12-26 12:34:23.003538,APP5,57.066992150832064,71.22681153022869,27.733549900632596,0.3653600190417603,0,0
2025-12-26 12:35:23.003538,SW4,99.03430840260825,74.99335667347206,21.692310227528765,0.6973649069000014,0,0
2025-12-26 12:36:23.003538,APP13,32.27601411304085,73.65163226591667,20.08725964492815,0.5683535728072515,0,0
2025-12-26 12:37:23.003538,APP1,119.30315934479674,93.56586597859192,19.068529798603663,0.01910580329417977,0,0
2025-12-26 12:38:23.003538,SW3,62.412280858784825,110.51970757154456,28.63872795307468,0.21512110383572686,0,0
2025-12-26 12:39:23.003538,R2,63.44009557167554,38.863764350788074,27.521370099471817,0.27631797134008,0,0
2025-12-26 12:40:23.003538,APP10,232.76359166600167,458.12014598787835,249.71163990421877,3.7447809041348483,2,1
2025-12-26 12:41:23.003538,SW4,44.29128449982511,96.33213492396493,54.64054658408165,0.6536500153453422,0,0
2025-12-26 12:42:23.003538,APP7,120.63198807764944,43.746606478840086,-0.47500987456344745,0.26099344142893033,0,0
2025-12-26 12:43:23.003538,R3,95.22431414558646,56.186319915500114,23.89734856088304,0.499539237332424,0,0
2025-12-26 12:44:23.003538,APP3,98.63967677599234,101.18495468652608,31.01148241395397,0.5495901778062173,0,0
2025-12-26 12:45:23.003538,APP7,99.40038863053466,80.90252208147695,24.87608837274718,0.32580344338210654,0,0
2025-12-26 12:46:23.003538,DB2,124.84563397237932,91.82146261264043,8.85735938035127,0.7528094009182359,0,0
2025-12-26 12:47:23.003538,SW7,121.45197832786619,97.12501544388547,33.876276479122545,0.37136411754089066,0,0
2025-12-26 12:48:23.003538,SW5,94.13747387327153,90.43697736944783,28.999005633924046,0.6124649927577283,0,0
2025-12-26 12:49:23.003538,APP13,94.95089408461861,73.78854149351982,9.88611552870358,0.6216851153462704,0,0
2025-12-26 12:50:23.003538,DB1,70.07555962439355,75.26386401132983,13.603517476071893,0.8761100325480848,0,0
2025-12-26 12:51:23.003538,SW7,100.08698677804689,68.70777397529562,35.99785582360454,0.4883722008417832,0,0
2025-12-26 12:52:23.003538,SW7,83.80515232866105,60.560198345949686,33.27801263980514,0.8244068363716457,0,0
2025-12-26 12:53:23.003538,APP1,54.53417955043909,56.81831369142599,37.97756768921055,0.6013762844742803,0,0
2025-12-26 12:54:23.003538,SW6,60.79492152309277,71.31111858063919,17.460775570252373,0.899942429487176,0,0
2025-12-26 12:55:23.003538,SW10,79.70503736853401,77.50638552764119,22.17181734681305,0.7363421177158467,0,0
2025-12-26 12:56:23.003538,DB5,117.28978167244848,97.8407567853878,16.223474354458897,0.4409656353693741,0,0
2025-12-26 12:57:23.003538,APP7,70.40524536552957,60.78576238319099,17.952344791781833,0.15871124417184496,0,0
2025-12-26 12:58:23.003538,APP7,36.974898568161755,82.90941941433758,32.9444585623939,0.46726578239475347,0,0
2025-12-26 12:59:23.003538,SW8,104.6496664423918,72.77000754147176,19.019899636120233,1.0721371116235385,0,0
2025-12-26 13:00:23.003538,APP15,92.35642178707732,101.59579076457297,16.473654197632342,0.21845438058109662,0,0
2025-12-26 13:01:23.003538,APP11,69.76976761237978,70.49088754559712,36.270229054493264,0.26583703712774076,0,0
2025-12-26 13:02:23.003538,APP9,56.17263767842436,75.55757381703397,14.572851018501149,0.5841929551601244,0,0
2025-12-26 13:03:23.003538,APP8,96.67767005771601,109.96383962771381,23.343230661078223,0.44543546957808433,0,0
2025-12-26 13:04:23.003538,APP6,63.53406300921114,58.9808801425587,36.05678383895126,0.8758361563298023,0,0
2025-12-26 13:05:23.003538,APP8,94.54529336177407,109.2825174109869,20.30175790114771,0.490863091611077,0,0
2025-12-26 13:06:23.003538,FW3,101.5210206305477,74.92849569459682,42.39249169784957,0.49029321986097096,0,0
2025-12-26 13:07:23.003538,SW2,62.67527497325116,73.92255571954645,14.507266793368196,0.5608621356377359,0,0
2025-12-26 13:08:23.003538,SW5,70.3442636575309,85.45182908001865,13.73462302891186,0.7483385105001367,0,0
2025-12-26 13:09:23.003538,DB5,90.93245166642178,82.95417412083015,40.92324373615398,0.6154479885016633,0,0
2025-12-26 13:10:23.003538,SW4,73.65457385851974,82.93288079100512,28.071559467736556,0.275937747201879,0,0
2025-12-26 13:11:23.003538,APP13,91.26708716132026,64.11641273518595,14.605908399986038,0.6159488333180185,0,0
2025-12-26 13:12:23.003538,R2,73.50863497368506,88.6082316006575,18.110439919938376,0.3716292766479619,0,0
2025-12-26 13:13:23.003538,DB4,45.344204423722665,67.37853942156057,35.5129883764381,0.4231445469477248,0,0
2025-12-26 13:14:23.003538,SW9,43.97535208300047,70.35896674141341,35.59829939592795,0.3881234158722277,0,0
2025-12-26 13:15:23.003538,DB1,82.50952941546227,43.422308547674554,22.31769469895916,0.570141561286621,0,0
2025-12-26 13:16:23.003538,SW10,52.47300519602459,36.31766943366168,28.92733200812117,0.40910896350020143,0,0
2025-12-26 13:17:23.003538,APP8,84.43674706424467,47.373277021830596,14.674347952920172,0.5990216535352372,0,0
2025-12-26 13:18:23.003538,APP3,61.854838147421134,59.023749692279786,31.292462777071115,0.6067386000418442,0,0
2025-12-26 13:19:23.003538,APP5,551.7735626756995,386.8708623959849,42.459418081603125,1.863672140727205,1,1
2025-12-26 13:20:23.003538,R1,107.66759112225562,65.46622333856745,26.698683102090335,0.6307144342279571,0,0
2025-12-26 13:21:23.003538,SW5,122.90745286584749,71.22976595747012,11.339310885908487,0.7522428992879802,0,0
2025-12-26 13:22:23.003538,APP9,62.225060823623906,101.2306357956015,27.204666733606032,0.35369130689052164,0,0
2025-12-26 13:23:23.003538,SW6,103.75336840884509,65.23669659524381,18.843368991336416,0.4677622094364923,0,0
2025-12-26 13:24:23.003538,APP10,64.92058416078305,71.17950971146746,17.564568306786473,0.8802469969034584,0,0
2025-12-26 13:25:23.003538,FW1,53.875592005708164,82.59490015821203,25.73031075001097,0.5649672170556636,0,0
2025-12-26 13:26:23.003538,APP13,97.40124609698566,84.62640158829869,16.103282175920434,0.44327554744649206,0,0
2025-12-26 13:27:23.003538,FW1,117.38663885548172,63.964805174665685,18.212041533959685,0.615884467144037,0,0
2025-12-26 13:28:23.003538,APP15,72.07142390790669,87.83461184270845,28.657105776746835,0.01614541073702147,0,0
2025-12-26 13:29:23.003538,SW3,74.90170841861043,108.61745601402983,29.727562431890718,0.8943902297589625,0,0
2025-12-26 13:30:23.003538,SW8,96.44396465806943,109.338459395398,26.40104431012274,0.4248338425172851,0,0
2025-12-26 13:31:23.003538,APP15,497.1342913852113,277.7434365470721,224.66822052023255,4.080410267203437,2,1
2025-12-26 13:32:23.003538,R1,91.16565098577408,84.45279687523023,16.521242766120302,0.5450809378534558,0,0
2025-12-26 13:33:23.003538,SW3,84.04048968844668,63.888475954044345,7.936308297574275,0.7398119394585027,0,0
2025-12-26 13:34:23.003538,DB3,81.75766363112342,38.849304496220356,14.935944025544842,0.409312932410652,0,0
2025-12-26 13:35:23.003538,APP11,306.42492331628955,254.70269876340785,262.08178159393526,2.053663546559388,2,1
2025-12-26 13:36:23.003538,SW8,77.23601319575747,70.07477496661933,19.084692104626363,0.3077801369163362,0,0
2025-12-26 13:37:23.003538,DB1,95.71287958074396,78.80955089568488,21.448802317302643,0.32536181513946,0,0
2025-12-26 13:38:23.003538,APP11,61.375835331628664,73.8414883145406,23.478589696273303,0.28441581772475844,0,0
2025-12-26 13:39:23.003538,DB5,82.89851282499335,110.00842672137188,34.17035228554263,0.20452196357265384,0,0
2025-12-26 13:40:23.003538,R3,82.01708686719523,48.45556651566308,25.14871527010107,0.6354002503368691,0,0
2025-12-26 13:41:23.003538,SW4,108.10096465641527,53.69847389717249,13.601194066989088,0.5020348301109256,0,0
2025-12-26 13:42:23.003538,APP6,70.70841499234463,62.942903768861896,12.957774483719843,0.6132060752755644,0,0
2025-12-26 13:43:23.003538,SW7,173.36441094732277,491.78501295698095,329.12896937055945,2.417422867388331,2,1
2025-12-26 13:44:23.003538,SW9,81.38666083039368,79.60206118139008,25.771409786490054,0.5812955571309222,0,0
2025-12-26 13:45:23.003538,DB4,72.51073239278512,93.35302089441899,16.228851360790973,0.6243433121502591,0,0
2025-12-26 13:46:23.003538,FW2,69.9188325513103,74.49472892545676,23.26945409993585,0.4901697644914043,0,0
2025-12-26 13:47:23.003538,APP1,51.976070586715835,62.00965170375742,43.5863735218184,0.3210545481943916,0,0
2025-12-26 13:48:23.003538,APP11,112.03206872516974,88.09973204948993,26.50200030800899,0.4439035280523829,0,0
2025-12-26 13:49:23.003538,R2,86.90217796365205,90.99865233960357,29.688814030745306,0.6986633753076438,0,0
2025-12-26 13:50:23.003538,APP5,90.24517761011194,49.42065758810212,16.22854876979583,0.37306974179944485,0,0
2025-12-26 13:51:23.003538,SW1,71.97453814355353,85.60464747850601,18.4714523331405,0.3931439568191566,0,0
2025-12-26 13:52:23.003538,DB2,91.92905100552949,71.33702151115958,22.745026414651296,0.48384651037486615,0,0
2025-12-26 13:53:23.003538,FW3,68.02493551637791,85.95698183518353,27.933671519742358,0.4833498939664152,0,0
2025-12-26 13:54:23.003538,DB1,87.78424961177265,72.9834606076977,13.748473369780072,0.6390942096095087,0,0
2025-12-26 13:55:23.003538,APP1,73.49338352547998,70.25750336631893,17.46429965325767,0.4768021564580521,0,0
2025-12-26 13:56:23.003538,SW9,38.68741887499742,42.860377166219486,19.9951852408443,0.23148884197068803,0,0
2025-12-26 13:57:23.003538,R3,90.727749593026,62.951207588168714,33.13717685702331,0.5040519803241398,0,0
2025-12-26 13:58:23.003538,SW2,119.91691191714418,77.22518842668507,37.77370746800111,0.49119835236608517,0,0
2025-12-26 13:59:23.003538,SW8,74.24386623920284,34.11216661863467,31.38738261643715,0.39781907584625703,0,0
2025-12-26 14:00:23.003538,SW5,73.17154641848124,93.07144824264319,24.67874966006538,0.7024702762874911,0,0
2025-12-26 14:01:23.003538,SW10,110.30556754765362,65.7935730130893,41.414226305736385,0.18198147115997715,0,0
2025-12-26 14:02:23.003538,APP14,67.58329052726236,97.14869300094585,26.392431315503725,0.6678275181970442,0,0
2025-12-26 14:03:23.003538,APP7,58.155904270433915,102.75303978059148,24.505344928895607,0.4140978869067271,0,0
2025-12-26 14:04:23.003538,APP8,96.98870986907794,62.905490857338506,25.18261994798248,0.2718996072209575,0,0
2025-12-26 14:05:23.003538,APP6,75.81771313367506,99.68514997637827,11.302070247348023,0.8096913397197962,0,0
2025-12-26 14:06:23.003538,APP6,96.21686070455122,79.71367672551764,24.06507897351956,0.6278163408010009,0,0
2025-12-26 14:07:23.003538,DB1,91.86935883205486,34.17619446085517,31.158098767117107,0.218082752864536,0,0
2025-12-26 14:08:23.003538,APP15,73.85633810748669,88.70736266074262,33.129148939271374,0.588135655113244,0,0
2025-12-26 14:09:23.003538,APP4,84.76812068122726,66.1693451147323,25.123371667689973,0.23660567511852693,0,0
2025-12-26 14:10:23.003538,APP2,74.15924327932038,58.18626048235396,14.244799555556389,0.5756990628047813,0,0
2025-12-26 14:11:23.003538,APP13,66.33943537997573,89.99425202936362,33.767857072973946,0.482424836929183,0,0
2025-12-26 14:12:23.003538,APP13,98.42373572566368,65.19610403215103,22.135060050217316,0.6956371250790399,0,0
2025-12-26 14:13:23.003538,SW6,63.92391810190489,71.86811403231789,36.403214694676834,0.758575798047624,0,0
2025-12-26 14:14:23.003538,R2,77.39965294806632,94.57678014600518,8.319417299999166,0.2904469864982063,0,0
2025-12-26 14:15:23.003538,DB2,89.83416779514745,77.89014134374895,44.79132106992817,0.17124529507072328,0,0
2025-12-26 14:16:23.003538,R3,27.285080788277412,70.1327411597268,23.035964010874444,0.5875624676576316,0,0
2025-12-26 14:17:23.003538,DB2,94.76917749826713,86.61038814540741,15.925487056177852,0.4527029314087503,0,0
2025-12-26 14:18:23.003538,SW6,86.95219665370824,89.15119254933619,10.338824855339027,0.3855164577871963,0,0
2025-12-26 14:19:23.003538,APP13,62.88280306520696,53.1113882905347,30.914607150434506,0.26666701340972276,0,0
2025-12-26 14:20:23.003538,FW2,77.54356206702761,59.0563651166016,42.67151167132391,0.775566154502272,0,0
2025-12-26 14:21:23.003538,R2,64.62044714161294,94.69881015333948,17.824618653649807,0.019684264917250505,0,0
2025-12-26 14:22:23.003538,APP14,69.65952734699121,59.64199098881781,19.92245903233735,0.4959860690953064,0,0
2025-12-26 14:23:23.003538,APP14,43.84174256495319,57.9112305094897,27.841290972370942,0.5193299384860992,0,0
2025-12-26 14:24:23.003538,APP2,94.71983382266731,105.23078825146682,19.60408067057287,0.6835303064698851,0,0
2025-12-26 14:25:23.003538,R3,79.76049216850161,70.88578489232434,38.5221459424136,0.31878254770982434,0,0
2025-12-26 14:26:23.003538,APP10,275.0117016758194,258.347080194735,154.33345550022983,3.4094245556160456,2,1
2025-12-26 14:27:23.003538,APP14,91.21496225683774,93.69284798223437,25.1828370611681,0.8529853377942967,0,0
2025-12-26 14:28:23.003538,SW6,68.84937666367685,114.15837736580602,27.01857367738571,0.45529232507671225,0,0
2025-12-26 14:29:23.003538,APP6,47.24665488181381,108.57277508721378,30.643766636637913,0.6457730458620292,0,0
2025-12-26 14:30:23.003538,R3,35.79222220930863,63.89093462849757,12.506266035541573,0.6308447030241725,0,0
2025-12-26 14:31:23.003538,SW7,365.05655300548995,198.40516471507016,79.05353245665634,4.5513051571888505,1,1
2025-12-26 14:32:23.003538,SW7,267.3199055993572,258.64335508732665,106.97960436762104,1.5711847422631124,3,1
2025-12-26 14:33:23.003538,FW2,83.44539004500255,60.69435539816468,36.51544894085025,0.9454191264814629,0,0
2025-12-26 14:34:23.003538,SW9,90.45190902805734,99.93780610153641,23.70653542863947,0.5593009052036929,0,0
2025-12-26 14:35:23.003538,APP4,107.81044785760531,78.95237206036764,24.11743874783155,0.6180392574218864,0,0
2025-12-26 14:36:23.003538,APP3,133.84336171428504,76.54325155111357,90.54735118959871,1.9706241404845015,3,1
2025-12-26 14:37:23.003538,APP4,40.69295478341171,95.22288521361567,23.417109714027873,0.47526971359580666,0,0
2025-12-26 14:38:23.003538,SW7,87.54125659553246,83.0313380508864,18.201539682700613,0.5575033125785485,0,0
2025-12-26 14:39:23.003538,APP3,86.01217071068812,42.407140357712834,21.431619382227797,0.47905593484495834,0,0
2025-12-26 14:40:23.003538,APP11,63.285230084764216,70.23355736511449,16.787150662757846,0.6963755806234628,0,0
2025-12-26 14:41:23.003538,DB2,68.1577394248213,77.588479527513,44.023839987673036,0.655774235383377,0,0
2025-12-26 14:42:23.003538,SW8,50.30722322658395,76.86899394945297,13.558254457569518,0.4778477982613827,0,0
2025-12-26 14:43:23.003538,APP13,84.9835896078036,94.25158075413772,34.15224365896438,0.7165224097902873,0,0
2025-12-26 14:44:23.003538,APP4,78.10333748791538,71.1501228030913,31.267794666955226,0.2865047765970289,0,0
2025-12-26 14:45:23.003538,APP7,101.61914759495373,87.88678865117245,23.169247302190875,0.5017291858556713,0,0
2025-12-26 14:46:23.003538,DB3,125.55849601336826,74.25183179898713,25.030531749312807,0.5915776011006701,0,0
2025-12-26 14:47:23.003538,SW4,55.362857130049164,70.28572147545201,18.959955400889072,0.3078236261007227,0,0
2025-12-26 14:48:23.003538,FW2,62.522830732752965,71.5138100559368,23.454535705471276,0.2157413321561692,0,0
2025-12-26 14:49:23.003538,APP5,101.45034759770539,53.24730642403997,22.48456629112571,0.5450529872213405,0,0
2025-12-26 14:50:23.003538,DB5,90.67729919077989,64.24772297310156,34.494480377734035,0.3967553613261126,0,0
2025-12-26 14:51:23.003538,APP6,92.23623836210983,75.0607412450195,18.496490931366143,0.7809738909243921,0,0
2025-12-26 14:52:23.003538,SW2,89.6860977677814,89.40081279514582,38.193656339728136,0.3286906474190983,0,0
2025-12-26 14:53:23.003538,APP10,61.012922232287295,71.70451810423582,27.99579951749131,0.2303235187618327,0,0
2025-12-26 14:54:23.003538,DB4,82.7361956620777,86.41172164857201,12.107108840616306,0.3464027219737952,0,0
2025-12-26 14:55:23.003538,DB2,86.44170085347828,69.59497477371474,23.54283133596784,0.3887240866083481,0,0
2025-12-26 14:56:23.003538,APP10,98.80003699075104,88.04008315443448,34.61917454915786,0.17495910391294567,0,0
2025-12-26 14:57:23.003538,SW7,78.6279907804007,48.33214288214127,37.336951837820195,0.41017898103984185,0,0
2025-12-26 14:58:23.003538,FW3,79.17151502334548,79.84041519333599,32.70639461611865,0.8035469866694864,0,0
2025-12-26 14:59:23.003538,DB3,396.26964364559973,258.965510947319,185.76140324265046,1.7720520256829984,2,1
2025-12-26 15:00:23.003538,SW6,111.47785575906012,108.15732417356685,45.12449281925837,0.5487002940610355,0,0
2025-12-26 15:01:23.003538,R2,101.64744385719797,84.7325345738603,26.0730994953019,0.8966994937027439,0,0
2025-12-26 15:02:23.003538,DB4,90.35051681898595,93.69620062291062,31.983935082321352,0.39337820603843204,0,0
2025-12-26 15:03:23.003538,APP14,68.36110741560992,48.211281688194774,45.74322839683985,0.26019771992362173,0,0
2025-12-26 15:04:23.003538,APP14,754.6835437395653,345.9645774073997,120.48057975659026,2.3393819976927843,2,1
2025-12-26 15:05:23.003538,FW3,105.39525627169573,81.76756020168675,25.499075639157205,0.496903505112963,0,0
2025-12-26 15:06:23.003538,APP11,80.13883389799953,53.203080756068985,26.039109014162896,0.5263571170353244,0,0
2025-12-26 15:07:23.003538,DB5,94.30185577976683,75.3350804108995,32.33742081818059,0.2687018964467035,0,0
2025-12-26 15:08:23.003538,DB1,98.07819090578207,56.014360956254656,26.54351053534289,0.27250692323651704,0,0
2025-12-26 15:09:23.003538,DB1,73.16765740994606,77.98705726097303,23.90971329169767,0.39470175007004227,0,0
2025-12-26 15:10:23.003538,APP12,64.55143167341298,63.6084386486467,20.619023414092638,0.21677084097404753,0,0
2025-12-26 15:11:23.003538,DB1,71.72258278490254,83.95029464930062,15.164740251084632,0.5587540592958499,0,0
2025-12-26 15:12:23.003538,R1,29.662861182150372,92.31295416102519,30.351149371558158,0.19498423276737692,0,0
2025-12-26 15:13:23.003538,FW2,74.07279965250669,55.13459052005084,26.434187870294554,0.6722999462473561,0,0
2025-12-26 15:14:23.003538,APP14,77.70204478072452,79.17497865747936,19.465561650439227,0.42993162519500017,0,0
2025-12-26 15:15:23.003538,APP10,113.0432055669211,83.8121261349165,20.881679084223048,0.3572997739291771,0,0
2025-12-26 15:16:23.003538,R3,80.94213244839463,110.47426919547253,9.397522810843014,0.20570683269843648,0,0
2025-12-26 15:17:23.003538,DB3,82.12373948374069,92.87394922299634,17.3689657710158,0.4760906426343153,0,0
2025-12-26 15:18:23.003538,R3,81.02045686218098,54.236305371731596,6.761811919586865,0.36010024509645,0,0
2025-12-26 15:19:23.003538,APP4,39.53833666606279,83.51413886482263,32.362819947271305,0.31918495922600354,0,0
2025-12-26 15:20:23.003538,DB1,100.27632225268171,51.982188778934734,31.66479728072873,0.2717698532283048,0,0
2025-12-26 15:21:23.003538,SW3,433.3543422757609,333.51677892533934,162.0576709082635,1.286563045197657,2,1
2025-12-26 15:22:23.003538,DB2,59.48737011517707,80.44287501174267,29.92478447818262,0.5372020449846461,0,0
2025-12-26 15:23:23.003538,APP8,86.51266685728179,81.45481242748757,19.781731771573458,0.18054345784671694,0,0
2025-12-26 15:24:23.003538,DB2,77.25071336417209,73.20147631585277,19.113216283299295,0.5213276178941361,0,0
2025-12-26 15:25:23.003538,APP11,61.67959055246479,69.18195365513684,25.038942936302423,0.46295033312027484,0,0
2025-12-26 15:26:23.003538,DB4,73.41117420294732,55.77796809894514,11.436398754096313,0.6912721338822353,0,0
2025-12-26 15:27:23.003538,DB1,99.08651453414754,93.37614939978101,20.72163508745574,0.1650814989707386,0,0
2025-12-26 15:28:23.003538,APP11,109.58148988403002,87.24023283938885,24.404615061133697,0.6128626873363876,0,0
2025-12-26 15:29:23.003538,APP3,84.49382200493977,58.79943049409816,40.84234744751733,0.5993355806694235,0,0
2025-12-26 15:30:23.003538,DB5,65.31004749523673,90.9545785008956,21.11233408313707,0.8094929732137524,0,0
2025-12-26 15:31:23.003538,SW5,55.06191597417984,94.78947094734988,0.961614002574045,0.46429188627452406,0,0
2025-12-26 15:32:23.003538,SW6,83.78719461868651,49.977938056408114,22.382333287712456,0.47327492381523945,0,0
2025-12-26 15:33:23.003538,SW7,76.17760595925253,67.77674715874858,20.63861016162292,0.345908016028868,0,0
2025-12-26 15:34:23.003538,APP12,78.7467933819579,86.24864763786721,9.512403710016688,0.47857094525546817,0,0
2025-12-26 15:35:23.003538,DB2,401.9226951931764,86.22489948070167,219.12282618491383,2.471564106578748,2,1
2025-12-26 15:36:23.003538,APP12,89.66426974776226,105.75511840372212,28.482452527637065,0.4160294527343077,0,0
2025-12-26 15:37:23.003538,DB2,116.5392387469789,96.6744394835984,19.66665245241838,0.7612847347226681,0,0
2025-12-26 15:38:23.003538,APP4,88.37573867518904,64.68565779710354,15.311047596038192,0.9413521093231021,0,0
2025-12-26 15:39:23.003538,SW6,69.34116019081037,15.508691722422398,30.50115410290824,0.4065234775121698,0,0
2025-12-26 15:40:23.003538,DB2,124.24563977987546,72.32101715277234,39.6237381416185,0.47719111370173534,0,0
2025-12-26 15:41:23.003538,APP5,64.56312568706431,72.06222001844439,24.229745775002172,0.8273953777375804,0,0
2025-12-26 15:42:23.003538,R3,77.29371387799874,55.39476697305253,14.5824217825014,0.4537357731289851,0,0
2025-12-26 15:43:23.003538,APP7,87.08689437728398,44.47233775104306,28.9730770802407,0.3101204533839713,0,0
2025-12-26 15:44:23.003538,SW5,76.720282230841,59.816095798124536,20.290902499236818,0.43632607252875955,0,0
2025-12-26 15:45:23.003538,APP15,92.15664978882482,81.42728302962611,39.424830431987104,0.6962613879562782,0,0
2025-12-26 15:46:23.003538,SW5,103.58263288497409,60.75434730679079,29.365423677504367,0.1951683047684979,0,0
2025-12-26 15:47:23.003538,DB2,102.1649715923465,57.06666878364844,16.662565788899222,0.471039299497059,0,0
2025-12-26 15:48:23.003538,FW2,102.79712069190693,69.55750657313392,16.565127396858664,0.16814043878317664,0,0
2025-12-26 15:49:23.003538,APP3,49.98736946855307,79.71686625604988,18.64618174736695,0.5824806629218209,0,0
2025-12-26 15:50:23.003538,APP15,68.56310067426122,79.7162064073479,30.571461103483877,0.49304927039381424,0,0
2025-12-26 15:51:23.003538,APP5,106.64792089763574,72.62353226562031,17.174121938025948,0.4716265602782699,0,0
2025-12-26 15:52:23.003538,R2,92.73479433598615,49.14545195638752,28.546173239693875,0.3325092299344602,0,0
2025-12-26 15:53:23.003538,SW10,67.89673901482725,67.85081749952774,14.121214537448811,0.42461640626960406,0,0
2025-12-26 15:54:23.003538,APP15,57.9165882420163,76.6953374506055,14.441910435497716,0.23229959588708005,0,0
2025-12-26 15:55:23.003538,APP5,70.06079262465869,93.99742546127756,20.922602985435546,0.3175205997299472,0,0
2025-12-26 15:56:23.003538,SW4,57.455603682438564,58.47138200678366,27.718851351971395,0.29652456174538994,0,0
2025-12-26 15:57:23.003538,R3,73.72622276964503,53.100280322109654,2.999342599872328,0.6643175160131527,0,0
2025-12-26 15:58:23.003538,R1,82.79120422590069,107.47007995727515,23.70122951352136,0.43440060120518065,0,0
2025-12-26 15:59:23.003538,APP11,106.31062816491564,81.72967429546904,11.159945643348268,0.8694040790968041,0,0
2025-12-26 16:00:23.003538,SW8,241.82520221962298,398.78754225625346,95.172329958435,1.5707732082014494,3,1
2025-12-26 16:01:23.003538,APP1,83.95076159548707,73.2790554372502,10.911051013936188,0.6102129853096224,0,0
2025-12-26 16:02:23.003538,DB3,96.45767374164667,80.39623646786592,18.305940136167543,0.6789322104011398,0,0
2025-12-26 16:03:23.003538,SW1,57.73518294537249,56.86039887601817,38.91537227897054,0.5131001601937908,0,0
2025-12-26 16:04:23.003538,FW1,69.62374072353629,61.1903365710576,20.90841923890877,0.3345959631769109,0,0
2025-12-26 16:05:23.003538,R3,127.30017849855312,91.92185306975944,21.386836740545043,0.3953865592509649,0,0
2025-12-26 16:06:23.003538,R2,72.28892873192144,85.3486766353144,29.88663993542682,0.48207622777073783,0,0
2025-12-26 16:07:23.003538,APP9,105.57036528435223,91.4918676310127,32.9118705001705,0.7802619182381221,0,0
2025-12-26 16:08:23.003538,SW1,54.95714375712316,74.99074454572542,33.9226396909517,0.5612312331167726,0,0
2025-12-26 16:09:23.003538,SW8,64.92156817920683,101.41243634355644,33.229854157592186,0.6087411315349212,0,0
2025-12-26 16:10:23.003538,SW3,744.9179243716867,133.40579558478564,156.86835885442645,1.3784377457370967,2,1
2025-12-26 16:11:23.003538,APP15,85.22813958981742,84.35130143895681,18.38702690546434,0.10053742724099235,0,0
2025-12-26 16:12:23.003538,APP12,91.34791108925101,66.56799038788066,31.67495818935368,0.7049620932779027,0,0
2025-12-26 16:13:23.003538,APP9,69.3532033370635,80.47328874626935,26.092069504227297,0.30588148274192495,0,0
2025-12-26 16:14:23.003538,R3,101.49795460849217,45.069305091513584,46.36902679443552,0.7132145279963289,0,0
2025-12-26 16:15:23.003538,R2,68.14964598823718,83.67803766392609,19.73012495343383,0.4658057326878343,0,0
2025-12-26 16:16:23.003538,FW2,100.60248534991337,35.47773046689853,16.158890445908575,0.28212418241031423,0,0
2025-12-26 16:17:23.003538,APP10,92.93911083231527,88.44254898631263,24.653361727339725,0.6754551398229983,0,0
2025-12-26 16:18:23.003538,APP10,109.24431709096068,83.97714344737652,24.84594944053586,0.7095302993536088,0,0
2025-12-26 16:19:23.003538,APP1,110.56006185832027,118.417944541417,30.061862009054316,0.4001619395132099,0,0
2025-12-26 16:20:23.003538,SW9,63.65824275501956,61.12582597548125,21.30792529117866,0.7239282174353601,0,0
2025-12-26 16:21:23.003538,SW7,55.76468156300513,75.3257869199101,21.06996845363753,0.559106093074612,0,0
2025-12-26 16:22:23.003538,APP10,66.79860290916073,61.07894553478992,23.0148045305318,0.3783658904705619,0,0
2025-12-26 16:23:23.003538,APP10,111.94647610820711,47.47986091185622,20.402247388004014,0.8605086977808523,0,0
2025-12-26 16:24:23.003538,FW3,108.34600621077766,65.42384627203793,18.019572851773965,0.382187785164802,0,0
2025-12-26 16:25:23.003538,DB3,85.46228319935906,84.10568271685023,22.7941782258822,0.4826422145147451,0,0
2025-12-26 16:26:23.003538,R2,86.27978572525915,79.54169673868381,31.951911967188753,0.8644096730901772,0,0
2025-12-26 16:27:23.003538,APP15,92.95119504853365,64.1322618970998,11.108465914044057,0.41542860270028314,0,0
2025-12-26 16:28:23.003538,SW6,115.69912036727588,99.34537551835764,22.029812757790683,0.6228269620842538,0,0
2025-12-26 16:29:23.003538,APP6,107.00001141044707,67.72768373331165,30.972195165323484,0.33246035097914495,0,0
2025-12-26 16:30:23.003538,APP8,105.92882868919929,59.43703609229161,18.612331285872948,0.38044419077159386,0,0
2025-12-26 16:31:23.003538,DB5,94.17968945229865,79.35227503013068,26.305181735465172,0.4165385780119226,0,0
2025-12-26 16:32:23.003538,APP3,256.1738828771255,287.9016542366428,131.15572347954594,2.335458545330194,2,1
2025-12-26 16:33:23.003538,DB2,55.07436703800858,89.00832931674832,30.04444540663917,0.7116360450687063,0,0
2025-12-26 16:34:23.003538,APP9,67.64072177182616,120.9030029585004,9.556175190548522,0.46007865610262805,0,0
2025-12-26 16:35:23.003538,APP3,113.90334555842489,61.340853899572735,22.26444857206662,0.4123415886391542,0,0
2025-12-26 16:36:23.003538,APP1,80.08684762576297,42.252349584875866,26.242569648767617,0.4990481320410708,0,0
2025-12-26 16:37:23.003538,APP10,66.28535222523269,84.55042183292412,23.284511284249763,0.7346259221080129,0,0
2025-12-26 16:38:23.003538,APP8,70.18937797585787,97.99561700464609,5.524719960611492,0.37302288056460936,0,0
2025-12-26 16:39:23.003538,DB5,76.85889452194357,85.23140623685372,18.120470493505554,0.41157107373342533,0,0
2025-12-26 16:40:23.003538,APP6,60.85631305212503,63.28201817833638,26.36593380526207,0.7285231718600613,0,0
2025-12-26 16:41:23.003538,SW3,75.3297560278036,67.07429635192133,27.292089134049313,0.8915850210850288,0,0
2025-12-26 16:42:23.003538,SW3,90.36078609423396,49.70328113017959,36.629255894975635,0.554530327069739,0,0
2025-12-26 16:43:23.003538,APP15,121.54690249202582,88.31964276993023,5.621212034548265,0.3833699384884669,0,0
2025-12-26 16:44:23.003538,SW1,91.01714466111838,94.87162163081402,23.713382485165816,0.1805312496385984,0,0
2025-12-26 16:45:23.003538,APP15,100.17034566235054,81.761018057298,29.671557080688963,0.4055576822414502,0,0
2025-12-26 16:46:23.003538,DB2,37.81230955958404,63.7683722838785,19.718864536392857,0.9577609580346499,0,0
2025-12-26 16:47:23.003538,APP13,505.3745739115388,170.4495488422958,252.01746420298684,1.7777340675292352,2,1
2025-12-26 16:48:23.003538,R2,83.40214774825321,82.36384919669754,35.702644663139395,0.16970641074500803,0,0
2025-12-26 16:49:23.003538,APP9,42.30459236561303,62.37951099245789,26.311422895569915,0.11517717531015492,0,0
2025-12-26 16:50:23.003538,R1,586.7899656910348,164.99783916782084,221.17378806316984,2.961625263589731,2,1
2025-12-26 16:51:23.003538,APP7,52.48329487786066,69.38343821037967,31.621077888796997,0.9938656525587288,0,0
2025-12-26 16:52:23.003538,DB5,81.04439630926166,68.86275198550734,18.01205728747795,0.6258234524930969,0,0
2025-12-26 16:53:23.003538,APP7,327.4328331839166,129.48228829102254,144.6539125987808,2.8855444582257506,2,1
2025-12-26 16:54:23.003538,DB1,97.50281827481103,77.26245519738158,21.043917914506274,0.9102345248771146,0,0
2025-12-26 16:55:23.003538,APP15,57.82614702349028,70.21325051197915,11.254364486712515,0.5420229931293561,0,0
2025-12-26 16:56:23.003538,APP15,391.5318876858626,40.40678714393552,185.9057111786534,2.4519441646299724,2,1
2025-12-26 16:57:23.003538,APP5,61.91653501878048,82.19770416361517,15.607896925854503,0.4889207195785177,0,0
2025-12-26 16:58:23.003538,FW3,92.05415961578854,101.45313838800914,14.933593301883043,0.5477383932928671,0,0
2025-12-26 16:59:23.003538,APP15,81.98594334259249,64.91833810702641,23.965800642219442,0.22583157736888587,0,0
2025-12-26 17:00:23.003538,FW1,97.22980201284321,62.800903937818546,19.76510447536828,0.4893275011596856,0,0
2025-12-26 17:01:23.003538,APP9,100.94321722806822,83.19943191206043,53.375422008535935,0.36872045019189226,0,0
2025-12-26 17:02:23.003538,APP4,76.94726295784906,89.55758562497233,20.514130157828045,0.561042214440764,0,0
2025-12-26 17:03:23.003538,R3,66.14558511090365,62.94769467445986,21.32122383459696,0.2595972792024319,0,0
2025-12-26 17:04:23.003538,FW1,103.48576703343987,45.4771384122059,44.9574740850185,0.12859120147822067,0,0
2025-12-26 17:05:23.003538,APP11,56.3349970074955,41.94514813057972,24.451255932110303,0.7305171003306948,0,0
2025-12-26 17:06:23.003538,APP15,51.62134051381423,71.27095427736089,31.54651374859608,0.35274278284584104,0,0
2025-12-26 17:07:23.003538,APP10,85.20830597137277,82.54973356333626,41.575126944972,0.16541802577642706,0,0
2025-12-26 17:08:23.003538,R3,73.94624675222295,67.85529626944627,27.87758801914101,0.6030126684951345,0,0
2025-12-26 17:09:23.003538,APP14,65.88754694160681,63.14324419741954,29.555690718967053,0.36683778486951346,0,0
2025-12-26 17:10:23.003538,APP6,267.9356208361664,231.90235373251,210.281616002816,2.5500497723478883,2,1
2025-12-26 17:11:23.003538,APP10,92.93742445965837,79.68222247470617,38.13127285925937,0.4319718279880279,0,0
2025-12-26 17:12:23.003538,APP15,72.91465532217376,67.48131605136372,23.636169915251678,0.8740266601846154,0,0
2025-12-26 17:13:23.003538,APP13,54.7185088526725,76.22477960900763,32.246622408915144,0.48066037627823155,0,0
2025-12-26 17:14:23.003538,SW5,87.1419896431675,52.608448046688,29.988414847341463,0.4804276155668261,0,0
2025-12-26 17:15:23.003538,APP6,104.23621690180958,59.025209743153965,24.554268394704152,0.23395651522516198,0,0
2025-12-26 17:16:23.003538,APP4,80.5778171296871,62.95883019013065,36.25481700835694,0.6504203602373082,0,0
2025-12-26 17:17:23.003538,APP10,68.78679376501462,106.21715412632179,3.6065101505394708,0.31762895854216655,0,0
2025-12-26 17:18:23.003538,APP6,81.96525436341112,38.641059322178414,17.757996639553905,0.653269016512657,0,0
2025-12-26 17:19:23.003538,APP14,80.73924405458169,70.90390585994354,40.521640200941206,0.19084142794323894,0,0
2025-12-26 17:20:23.003538,FW1,79.34042712558582,73.15254181578895,23.826688042673055,0.5421501098613245,0,0
2025-12-26 17:21:23.003538,APP3,57.02627280980826,41.390359962713426,27.085823943854784,0.19761183989650682,0,0
2025-12-26 17:22:23.003538,SW8,90.32213893635158,74.52047960889786,26.77086380522283,0.7125296528608682,0,0
2025-12-26 17:23:23.003538,APP7,78.45750330798927,54.9079699121032,14.537926662929552,0.42924883374125555,0,0
2025-12-26 17:24:23.003538,APP14,73.37414910453546,56.50593263249122,18.448459133885365,0.13826519147083283,0,0
2025-12-26 17:25:23.003538,FW1,67.93963731422491,73.66616914683102,18.841733373528502,0.41487551994515887,0,0
2025-12-26 17:26:23.003538,APP2,75.51457990488275,72.02007543778363,11.865195799920528,0.5832758086872104,0,0
2025-12-26 17:27:23.003538,DB3,98.61040826103651,50.14373795723554,-2.4512153616083197,0.5664636167252118,0,0
2025-12-26 17:28:23.003538,APP4,101.58082281381705,79.21927324901358,15.664006943422635,0.6249042211462319,0,0
2025-12-26 17:29:23.003538,R1,44.103689171758724,78.32676896632752,13.972507093304841,0.29697669204699906,0,0
2025-12-26 17:30:23.003538,DB4,92.71979714418273,72.35785401832543,30.673751862215482,0.46130445259128716,0,0
2025-12-26 17:31:23.003538,APP15,100.34689398096546,70.71012849197686,22.145546825300087,0.3462800921956847,0,0
2025-12-26 17:32:23.003538,APP9,83.3193036511919,100.74851257919772,25.134050076514455,0.6273825805680995,0,0
2025-12-26 17:33:23.003538,R2,91.27506310977722,58.22940577660068,35.60190398278142,0.9993208885886931,0,0
2025-12-26 17:34:23.003538,APP7,62.6368819606337,81.23763945354827,17.2720934177987,0.7812868417139983,0,0
2025-12-26 17:35:23.003538,APP12,60.096715618285984,81.13881640650351,16.59124046418234,0.35406372975634215,0,0
2025-12-26 17:36:23.003538,DB2,52.71440918705653,48.4917594101948,21.446914606511257,0.4153002978980061,0,0
2025-12-26 17:37:23.003538,APP11,70.49604629503918,89.82059433570933,27.066592667220693,0.3442228984060486,0,0
2025-12-26 17:38:23.003538,R2,61.71510878982322,70.20440407343116,37.2278291107592,0.4031570314626931,0,0
2025-12-26 17:39:23.003538,APP14,305.80505640303625,268.93199079111616,65.4674154499111,2.213047638402975,1,1
2025-12-26 17:40:23.003538,APP2,108.6558357960339,82.20645346684711,14.18260277570206,0.2731723059898347,0,0
2025-12-26 17:41:23.003538,SW6,60.16084045321529,71.34168871796057,35.05932846988054,0.6921578932565038,0,0
2025-12-26 17:42:23.003538,APP3,106.93375591941701,54.25173983051584,14.131641931826982,0.31966613656822973,0,0
2025-12-26 17:43:23.003538,R1,39.30740450135311,66.28547294158567,28.148091364359313,0.49123488822406897,0,0
2025-12-26 17:44:23.003538,APP1,90.70464307029548,63.23651678082922,35.60749441440066,0.5098678312488663,0,0
2025-12-26 17:45:23.003538,R3,84.17571045034389,68.47315098892791,35.428375765632346,0.989343479700187,0,0
2025-12-26 17:46:23.003538,APP13,86.01715969759111,79.93427704138193,28.22114899583783,0.07062687011970414,0,0
2025-12-26 17:47:23.003538,SW7,655.2845373044856,211.8273584346149,72.86491086831481,3.0810816411277075,1,1
2025-12-26 17:48:23.003538,R2,85.44471063398672,62.062044654074775,19.462093167536942,0.9448870226789704,0,0
2025-12-26 17:49:23.003538,R2,96.87747248445217,86.70181467601867,13.73169315775112,0.41268217587249184,0,0
2025-12-26 17:50:23.003538,APP14,39.4335059995547,79.16567592775016,26.992977292957637,0.3237570834938577,0,0
2025-12-26 17:51:23.003538,APP3,55.77144743920194,119.47478230732403,25.113353180083205,0.5793319138370862,0,0
2025-12-26 17:52:23.003538,SW8,77.69108187951308,73.96800564354372,34.289014738171275,0.3543824196133277,0,0
2025-12-26 17:53:23.003538,APP5,81.4908799834741,69.20686342230397,25.00366792921484,0.1790741575452312,0,0
2025-12-26 17:54:23.003538,APP13,85.8771766194433,76.82795122912746,49.69347888483818,0.792480776981761,0,0
2025-12-26 17:55:23.003538,APP9,54.60668753150632,89.81986466200034,33.8178017218648,0.46048014997784625,0,0
2025-12-26 17:56:23.003538,APP12,50.15305381268922,77.33562281896126,5.359502659417405,0.6602807680429967,0,0
2025-12-26 17:57:23.003538,R3,73.12814572141839,80.93848691116426,34.81342261620731,0.7617714096631027,0,0
2025-12-26 17:58:23.003538,SW5,62.6108369723998,64.27219913744489,33.04570544189002,0.4884788532682691,0,0
2025-12-26 17:59:23.003538,APP12,80.02883881990059,70.54771641229618,34.6745289986993,0.8404755530599907,0,0
2025-12-26 18:00:23.003538,APP9,100.88090071847499,58.900365796297336,16.170723270584375,0.2685637699945033,0,0
2025-12-26 18:01:23.003538,FW3,78.65692880779575,76.37827915403334,23.90670392054117,0.4923978667143387,0,0
2025-12-26 18:02:23.003538,APP14,81.6307963972246,72.25568443582318,9.953086431556425,0.5118960884704418,0,0
2025-12-26 18:03:23.003538,APP1,74.64647783138984,59.488353091714195,34.06511607362784,0.45851897710325357,0,0
2025-12-26 18:04:23.003538,R2,59.29045334041493,57.6540680857276,29.040488878633106,0.5360557020500517,0,0
2025-12-26 18:05:23.003538,SW9,536.6022713760075,312.1241155843953,89.47756032463914,1.9464125513114137,1,1
2025-12-26 18:06:23.003538,R2,74.21158978387521,90.93126763833651,10.885134239455315,0.4305602971822903,0,0
2025-12-26 18:07:23.003538,FW1,62.849091813243355,42.156218809768326,23.752012582974128,0.499787534887548,0,0
2025-12-26 18:08:23.003538,APP15,75.03853869641188,76.49971988799321,40.68704729161175,0.3985614544327551,0,0
2025-12-26 18:09:23.003538,APP9,127.0751838025933,72.52647031263908,16.380933491041084,0.3341587698611494,0,0
2025-12-26 18:10:23.003538,SW9,47.58113694626827,83.72441782799837,33.235097742448204,0.3759870325425164,0,0
2025-12-26 18:11:23.003538,R3,82.25345067813045,77.44663379143616,31.62447741555232,0.6166986112624352,0,0
2025-12-26 18:12:23.003538,SW6,111.03494149796478,89.15092504927884,20.114670499076368,0.6406872145337651,0,0
2025-12-26 18:13:23.003538,APP4,69.79020214798774,67.87131346826641,16.218380190932777,0.35906332130522767,0,0
2025-12-26 18:14:23.003538,SW5,95.41318641900885,79.780230341486,23.822607257816237,0.6696641724961464,0,0
2025-12-26 18:15:23.003538,R2,78.66399234560636,80.0184223510909,30.290858767899138,0.40866823578888367,0,0
2025-12-26 18:16:23.003538,APP15,46.21634629778495,85.23385519004697,40.06950570470099,0.5430048239891802,0,0
2025-12-26 18:17:23.003538,R3,59.514272878806935,74.94659248674962,31.53011364277608,0.48347638448996005,0,0
2025-12-26 18:18:23.003538,SW10,77.56737086320771,57.407804554185205,15.35670817910419,0.18925382182403688,0,0
2025-12-26 18:19:23.003538,APP9,67.52270710880012,90.35516012581812,37.11931751588533,0.5699175377495218,0,0
2025-12-26 18:20:23.003538,DB5,52.834892459107884,108.62886945947987,26.819499895974253,0.3293595328252228,0,0
2025-12-26 18:21:23.003538,APP2,60.019891529830105,116.02891641145418,22.804335798876497,0.4419677692882706,0,0
2025-12-26 18:22:23.003538,APP9,56.55110550755266,63.570490321850194,37.945700087886564,0.7228585515015707,0,0
2025-12-26 18:23:23.003538,FW1,68.57025733916872,108.49471729831805,34.44062073163027,0.28633086851564304,0,0
2025-12-26 18:24:23.003538,APP14,501.43632416528015,260.2144587813117,102.328795291923,3.200018161196355,1,1
2025-12-26 18:25:23.003538,APP11,98.88919680991806,50.52029882588533,18.018263435593298,0.5122771007080537,0,0
2025-12-26 18:26:23.003538,R3,81.89181479502606,61.47476609600764,31.584307621088872,0.43172195324984797,0,0
2025-12-26 18:27:23.003538,APP8,83.13442736145461,96.01666784055023,22.65118876254445,0.41263960256884535,0,0
2025-12-26 18:28:23.003538,SW1,57.620087070723244,83.82719662960073,38.80121577794762,0.3048905427653539,0,0
2025-12-26 18:29:23.003538,APP8,64.9576448676351,68.58216219324132,45.63334090842597,0.5165444951831436,0,0
2025-12-26 18:30:23.003538,SW9,66.86645250529163,90.42509483122305,31.89018012653238,0.7005275459781737,0,0
2025-12-26 18:31:23.003538,FW2,16.505186396170913,73.7920044017306,7.5882480704340125,0.4127957331407692,0,0
2025-12-26 18:32:23.003538,APP6,59.523455059705334,107.38099183555445,23.181535516353055,0.495286711629169,0,0
2025-12-26 18:33:23.003538,SW9,48.14991515491978,79.6370511406986,26.55989458999844,0.5489830714684777,0,0
2025-12-26 18:34:23.003538,APP5,95.82562239834681,61.99903704319276,36.76963019427763,0.15590611004024035,0,0
2025-12-26 18:35:23.003538,APP1,105.07222958316234,72.79341766357614,25.90480753688278,0.4716722485768074,0,0
2025-12-26 18:36:23.003538,DB2,58.9794172782158,82.67632001189695,30.969419840678142,0.5242090175142715,0,0
2025-12-26 18:37:23.003538,SW1,87.6078795926478,72.537466816324,7.756003407384206,0.1521395529631575,0,0
2025-12-26 18:38:23.003538,SW4,101.07854897743059,68.77548655614667,25.52826235390384,0.24042444601036844,0,0
2025-12-26 18:39:23.003538,SW9,59.53583895731849,92.69469057707965,30.122444928067935,0.31327098394741715,0,0
2025-12-26 18:40:23.003538,APP6,146.50383026614415,242.0246997414376,64.88372006173807,1.7692644139624427,3,1
2025-12-26 18:41:23.003538,FW1,79.64925457512591,90.09005465789433,29.53167312235753,0.3106320224269798,0,0
2025-12-26 18:42:23.003538,APP8,81.72270350370971,48.68590750885236,24.434467982189304,0.3514574531013517,0,0
2025-12-26 18:43:23.003538,APP6,285.25428829687553,209.3800473816031,38.88470447439166,1.9255515315225669,3,1
2025-12-26 18:44:23.003538,SW3,74.95602837373794,86.98385924092348,29.71795109454016,0.543117928858565,0,0
2025-12-26 18:45:23.003538,DB1,616.7408100230318,276.7851074641726,61.024706303836595,2.4859880487089376,1,1
2025-12-26 18:46:23.003538,SW6,79.8950405320159,50.02581644082407,20.561992064877238,0.5162305283311702,0,0
2025-12-26 18:47:23.003538,APP13,75.08138047371752,74.6909377365356,22.470315589593476,0.6665622208878347,0,0
2025-12-26 18:48:23.003538,APP1,63.44361709424902,66.31458202039641,25.563332208898622,0.312599976841768,0,0
2025-12-26 18:49:23.003538,SW10,123.4017960040715,86.33803306906042,29.106200768503054,0.5528649640040436,0,0
2025-12-26 18:50:23.003538,DB5,131.83472268432047,47.261863493485336,27.645662719323497,0.6292645528737997,0,0
2025-12-26 18:51:23.003538,SW8,109.83059583764755,85.17372269220104,35.96854971903808,0.4997424804996486,0,0
2025-12-26 18:52:23.003538,DB1,110.62137282225598,89.30420702609158,42.11342858780393,0.6715068859183757,0,0
2025-12-26 18:53:23.003538,DB4,57.21141507049817,68.17404701506615,25.035540025904556,0.33428473304544337,0,0
2025-12-26 18:54:23.003538,APP15,76.32481461425505,89.49575911125899,28.668826465781194,0.4994329589336949,0,0
2025-12-26 18:55:23.003538,SW4,90.47960859698571,51.93173438802489,19.51753399088024,0.8145803679182324,0,0
2025-12-26 18:56:23.003538,SW1,103.94513974996002,72.32222424078043,46.191536691770985,0.5499316173035487,0,0
2025-12-26 18:57:23.003538,APP14,89.73882678177371,115.54774637909908,29.167378687722163,0.390950115532869,0,0
2025-12-26 18:58:23.003538,DB3,99.56763116982629,97.91929401264792,23.372271736523363,0.5172087827904848,0,0
2025-12-26 18:59:23.003538,SW10,63.56931085062031,72.7269670090368,20.526297098136894,0.14224717172568196,0,0
2025-12-26 19:00:23.003538,FW1,89.53094016925235,73.4870440803405,22.124347805684653,0.8498690940679774,0,0
2025-12-26 19:01:23.003538,APP1,57.08110952303343,111.96786645679612,44.07183255589835,0.702362264369329,0,0
2025-12-26 19:02:23.003538,SW10,77.29211696389375,90.10869391018731,23.470811538231573,0.2774746421713627,0,0
2025-12-26 19:03:23.003538,APP11,86.38113097087529,104.07948211434412,20.03577783910065,0.7246840424560265,0,0
2025-12-26 19:04:23.003538,APP7,4.4384664211830795,67.1715751689675,38.64870497696278,0.4474429863140283,0,0
2025-12-26 19:05:23.003538,APP1,79.59281394626032,80.1648999503621,12.723185044366234,0.8258803789872148,0,0
2025-12-26 19:06:23.003538,APP2,85.86908652646822,81.09307758939676,9.075982387481256,0.5900493130542738,0,0
2025-12-26 19:07:23.003538,APP6,72.454874339948,67.4425931643508,19.25861020384241,0.6205322806980768,0,0
2025-12-26 19:08:23.003538,SW3,75.10806148411055,90.51472450136133,36.594633572610775,0.3882627181484315,0,0
2025-12-26 19:09:23.003538,SW6,77.43963352454021,75.06142273242071,18.65083882160436,0.17633016310334532,0,0
2025-12-26 19:10:23.003538,SW1,74.63043626985146,92.93128135331226,19.604819680378384,0.6369957568598194,0,0
2025-12-26 19:11:23.003538,DB5,65.41960669629816,73.20878222537534,24.47112219488813,0.762585557566805,0,0
2025-12-26 19:12:23.003538,R3,54.27232254184449,73.40324365451282,30.536791169722854,0.5912346504597463,0,0
2025-12-26 19:13:23.003538,APP3,122.8197456709833,37.77923354971001,39.63776715453642,0.1731281562787758,0,0
2025-12-26 19:14:23.003538,SW7,78.17085549282079,68.64757085497001,31.614819074311136,0.6291360642759606,0,0
2025-12-26 19:15:23.003538,APP10,50.58910242293989,72.95465612447708,16.54973384685266,0.8052935767425768,0,0
2025-12-26 19:16:23.003538,APP2,75.44681081347056,93.57050394099909,39.59914873554078,0.4014855485796649,0,0
2025-12-26 19:17:23.003538,DB3,67.08873910782839,69.98683373458222,30.7790515685859,0.47144369746010784,0,0
2025-12-26 19:18:23.003538,DB4,83.41832218813182,54.640618802560866,31.719404213497963,0.34211739293241217,0,0
2025-12-26 19:19:23.003538,SW5,69.32812971708759,66.22178652170852,17.805586780053677,0.4765391208060095,0,0
2025-12-26 19:20:23.003538,SW2,91.14184001939549,71.93481466276411,33.23373640296518,0.5484454234839429,0,0
2025-12-26 19:21:23.003538,SW1,67.13580982191746,92.5631556499937,26.088386748098273,0.6629880030922429,0,0
2025-12-26 19:22:23.003538,SW2,117.05535487107232,72.09501594659159,7.6127219518584575,0.7822493135686431,0,0
2025-12-26 19:23:23.003538,FW2,97.20306651377494,82.16100702400784,13.306840096374458,0.3867859846357924,0,0
2025-12-26 19:24:23.003538,R3,81.43394456486996,81.85333392068152,32.73233808585927,0.4240373111228474,0,0
2025-12-26 19:25:23.003538,R2,69.37977654916025,76.86511246313808,17.72262398080352,0.5574402546851669,0,0
2025-12-26 19:26:23.003538,DB1,108.54707706730277,90.71396810870297,17.797231093525653,0.6656179494232874,0,0
2025-12-26 19:27:23.003538,APP6,92.09329316979444,74.185452978745,21.381527130394012,0.2719722065287492,0,0
2025-12-26 19:28:23.003538,R1,65.71258323764366,85.32429322216946,26.430935474085377,0.770553267443673,0,0
2025-12-26 19:29:23.003538,APP12,87.14888861790746,107.49560617042519,26.977572568461884,0.47828414223726234,0,0
2025-12-26 19:30:23.003538,FW3,74.24817217026313,65.68443797906507,13.750676272240693,0.3835000231439114,0,0
2025-12-26 19:31:23.003538,SW9,91.94112949448765,76.67910741190742,16.030077402571777,0.38516188330254386,0,0
2025-12-26 19:32:23.003538,APP5,107.58636973115907,92.14794526640193,24.48594917850108,0.6171128650935278,0,0
2025-12-26 19:33:23.003538,APP11,51.330386976502304,61.51220175208046,16.91140292159733,0.2706307196979038,0,0
2025-12-26 19:34:23.003538,APP8,92.0236959491728,94.64783512326397,35.253229980358554,0.7286086895015528,0,0
2025-12-26 19:35:23.003538,SW6,62.5268286977077,64.76380200047878,22.772892882090012,0.2707120418392632,0,0
2025-12-26 19:36:23.003538,SW6,321.75712872854274,191.4754508280792,189.26153666715086,0.39968112950305945,2,1
2025-12-26 19:37:23.003538,FW3,194.9876686640443,206.915706068816,78.00342636476375,3.957975509662426,3,1
2025-12-26 19:38:23.003538,R2,56.050143610958685,83.00292095088514,8.646397405058998,0.7068943502802204,0,0
2025-12-26 19:39:23.003538,SW2,78.91335217128656,67.72412202568006,12.368202080922224,0.7057208556726401,0,0
2025-12-26 19:40:23.003538,R1,52.86107455921021,58.78038783374694,18.160953078200233,0.4422630147331041,0,0
2025-12-26 19:41:23.003538,SW7,114.33675092707009,60.23512693631718,16.776041455551972,0.6313180133624862,0,0
2025-12-26 19:42:23.003538,SW8,76.05672186008971,56.39915294761299,17.396838014170118,0.5050719291701232,0,0
2025-12-26 19:43:23.003538,SW7,72.00127088333586,80.22692135328333,16.675131947805518,0.23510709161565901,0,0
2025-12-26 19:44:23.003538,SW6,90.68046203190617,100.0119827377764,39.66147971646558,0.469894974403154,0,0
2025-12-26 19:45:23.003538,FW2,58.60658933372678,46.20236831199733,25.064894065805273,0.48469364797000697,0,0
2025-12-26 19:46:23.003538,APP12,64.32231753451751,96.43072779781701,20.550683676551763,0.24157037131261494,0,0
2025-12-26 19:47:23.003538,APP7,49.40779077844674,76.25752571014382,31.103777576329847,0.30582419659357246,0,0
2025-12-26 19:48:23.003538,FW3,94.09184018321903,82.40825126722658,16.877661959458038,0.5499334189530868,0,0
2025-12-26 19:49:23.003538,APP7,67.73385258031838,95.41821187981017,20.24183452365774,0.5141336978828819,0,0
2025-12-26 19:50:23.003538,APP5,88.44518726205877,53.36789758501682,15.640500665143966,0.6144128016817553,0,0
2025-12-26 19:51:23.003538,APP5,39.37711350647068,67.90092133720121,27.276234599769946,0.3010707059262893,0,0
2025-12-26 19:52:23.003538,APP2,90.89485004303421,81.47563414568984,29.850218042519465,0.6221731238558639,0,0
2025-12-26 19:53:23.003538,APP3,57.489430004144474,53.558115771049664,30.36514385925693,0.1915969151065997,0,0
2025-12-26 19:54:23.003538,SW7,86.89468397939562,46.71027497164218,22.11729674647642,0.1746769858016453,0,0
2025-12-26 19:55:23.003538,APP9,47.6256658638988,78.84095040861594,34.91621056276125,0.3419591759344904,0,0
2025-12-26 19:56:23.003538,APP3,80.21805799337906,99.37340330548201,16.41968175192457,0.4978235061766179,0,0
2025-12-26 19:57:23.003538,APP1,70.74292013129295,41.27728096954013,22.321421146757995,0.6181105272065861,0,0
2025-12-26 19:58:23.003538,DB2,55.05617855480222,73.40906647420621,28.23541804470918,0.5174657912574556,0,0
2025-12-26 19:59:23.003538,R2,93.06131087132339,105.46385893701837,38.459960242754114,0.5253835932224961,0,0
2025-12-26 20:00:23.003538,DB5,63.835520700898925,71.93361510058944,20.1057834613471,0.4120228002497876,0,0
2025-12-26 20:01:23.003538,APP7,82.60700507341704,90.35330600216255,26.713853944454762,0.4637983266327331,0,0
2025-12-26 20:02:23.003538,APP12,53.27032416364269,53.40580387569122,30.564558438215638,0.5285180284089045,0,0
2025-12-26 20:03:23.003538,DB2,115.60313968109986,89.90503849401499,24.20399426375138,0.13726784938214986,0,0
2025-12-26 20:04:23.003538,DB5,81.71134806912612,59.285338930214664,30.60034917755415,0.4409947837117028,0,0
2025-12-26 20:05:23.003538,SW6,97.27336328669682,98.92838334559272,22.453567924206197,0.6831033962393522,0,0
2025-12-26 20:06:23.003538,APP6,61.99274113848548,107.82964033648256,47.73202559355465,0.5911682812712229,0,0
2025-12-26 20:07:23.003538,R2,111.0636687758221,37.73484122484496,26.990487196573287,0.6035804416012748,0,0
2025-12-26 20:08:23.003538,SW2,72.3919296985741,73.71850753322491,25.476398703951652,0.37477990043788634,0,0
2025-12-26 20:09:23.003538,FW1,253.22498731993005,343.6343865661631,116.6032595580252,1.0214218593831381,3,1
2025-12-26 20:10:23.003538,DB1,65.68076912724358,62.13847567997071,14.681086056875955,0.4037879220295507,0,0
2025-12-26 20:11:23.003538,APP7,299.5317346468496,299.6192049105705,62.33945535323885,1.5994772743262662,3,1
2025-12-26 20:12:23.003538,APP5,76.57704717630492,44.79569256125744,23.927491877433663,0.2647463307200938,0,0
2025-12-26 20:13:23.003538,DB4,73.1735376497488,102.58496188706795,26.361980265224773,0.510416204107307,0,0
2025-12-26 20:14:23.003538,APP3,71.20650834455124,79.97343973849968,20.51095510042193,0.7628719922406839,0,0
2025-12-26 20:15:23.003538,APP10,108.16894228829653,91.47382162837656,17.690977973913718,0.29548570321210255,0,0
2025-12-26 20:16:23.003538,APP1,52.16586904176823,79.6242348579275,23.290352953711665,0.4768421656640213,0,0
2025-12-26 20:17:23.003538,DB3,103.4700400309739,62.76078031151379,19.92198741429965,0.3279717966427626,0,0
2025-12-26 20:18:23.003538,APP8,72.46473984292705,102.64592769763539,16.39980466890705,0.6218517477890831,0,0
2025-12-26 20:19:23.003538,DB2,42.380645903917426,119.86492601117378,25.05710440491425,0.44284049220626176,0,0
2025-12-26 20:20:23.003538,SW4,65.30874421853008,63.931713828061184,40.50941644671411,0.6263546293966497,0,0
2025-12-26 20:21:23.003538,APP14,48.77404673806852,84.02844705296295,41.04212015903147,0.577897551161709,0,0
2025-12-26 20:22:23.003538,DB3,101.00914072020086,106.22569851413978,6.8018240962045375,0.7376166032990694,0,0
2025-12-26 20:23:23.003538,FW1,79.57322917629038,55.78115471161344,20.102455766430637,0.5954310558397428,0,0
2025-12-26 20:24:23.003538,APP15,86.5211453317963,90.5814268240314,23.012835947807716,0.6195828866663473,0,0
2025-12-26 20:25:23.003538,R1,89.89439693239157,58.737307691560986,27.73735983015827,0.5288648258057715,0,0
2025-12-26 20:26:23.003538,SW9,76.61284298315495,55.55949443586612,48.29762181694888,0.6822032732792529,0,0
2025-12-26 20:27:23.003538,DB3,90.10739970954789,95.43830847577043,21.145666749128488,0.44603610040970976,0,0
2025-12-26 20:28:23.003538,APP3,98.64180073801253,74.87681354732638,29.266513481188255,0.48578886755093703,0,0
2025-12-26 20:29:23.003538,R1,70.52300535466753,46.60061576105672,23.627352974036857,0.41755196737716427,0,0
2025-12-26 20:30:23.003538,APP11,86.42385700428456,84.2368471130272,25.85183919057369,0.5554996675455619,0,0
2025-12-26 20:31:23.003538,APP12,89.12369756157665,88.71276837241295,20.942494087374214,0.46975948377495325,0,0
2025-12-26 20:32:23.003538,SW5,82.52975537720395,65.10964168608766,8.665735178302818,0.5579239614494403,0,0
2025-12-26 20:33:23.003538,APP12,65.52994734421429,93.1235355376234,36.053460978906166,0.6414453017142956,0,0
2025-12-26 20:34:23.003538,SW4,106.16227083575765,75.6058665219076,29.31358935107499,0.4702686946216504,0,0
2025-12-26 20:35:23.003538,SW9,57.31205110087461,92.03921556043274,29.919624796149282,0.32954293953345437,0,0
2025-12-26 20:36:23.003538,SW8,94.97316870284268,53.53385421836674,12.986085662120121,0.04869672907834577,0,0
2025-12-26 20:37:23.003538,SW2,71.69275604400414,114.66208134470776,26.005527604612002,0.4696952905376832,0,0
2025-12-26 20:38:23.003538,R3,114.56133809888495,99.43463808442752,18.71297440346874,0.34052990952543183,0,0
2025-12-26 20:39:23.003538,SW2,94.47179506359613,47.3927848524564,40.016447651554074,0.46066694278251435,0,0
2025-12-26 20:40:23.003538,SW8,130.50736359484182,77.3331308420226,31.767329554369972,0.326428549119736,0,0
2025-12-26 20:41:23.003538,APP1,106.39390484110385,36.744710228182235,16.248831279718026,0.39183244860955013,0,0
2025-12-26 20:42:23.003538,DB3,125.51851800096026,58.42244400653919,24.74382829194393,0.3467028597147572,0,0
2025-12-26 20:43:23.003538,APP2,80.65622267732843,65.73553976568893,14.743846395681615,0.4119317348558169,0,0
2025-12-26 20:44:23.003538,R3,99.88982114169322,73.714964478735,41.29734034641017,0.25844142319508684,0,0
2025-12-26 20:45:23.003538,APP12,74.707582067881,91.47768080118928,27.254658809204294,0.23720649350354023,0,0
2025-12-26 20:46:23.003538,SW7,83.91633483687282,58.98363649745627,27.667006329054274,0.5040759260337005,0,0
2025-12-26 20:47:23.003538,APP2,58.253541415699544,63.94953235483818,5.99333872483588,0.6394252017286496,0,0
2025-12-26 20:48:23.003538,R2,68.35408766175291,63.55332879924231,45.69689692784044,0.6938500378055898,0,0
2025-12-26 20:49:23.003538,SW9,71.27907931528756,82.93107644021495,21.17401989825669,0.4003495705261986,0,0
2025-12-26 20:50:23.003538,APP9,102.24771831697147,43.151413675108515,52.22227905183675,0.6016534781018477,0,0
2025-12-26 20:51:23.003538,R1,87.20320722708216,94.00898720399081,16.621419945074365,0.31072261487644026,0,0
2025-12-26 20:52:23.003538,APP1,97.39443915043654,103.54701849383493,29.23899518116012,0.3825486166853839,0,0
2025-12-26 20:53:23.003538,SW9,79.88699490454226,90.88022790561224,13.89981031021371,0.36891366580758,0,0
2025-12-26 20:54:23.003538,APP1,120.89712456639697,110.7071175423942,32.403904402450564,0.5366232846096064,0,0
2025-12-26 20:55:23.003538,DB3,99.43686921751078,67.634487923547,10.446041499037273,0.3364130657125026,0,0
2025-12-26 20:56:23.003538,DB1,91.1120781106467,88.5392066624192,31.78858461181997,0.5284013967391366,0,0
2025-12-26 20:57:23.003538,SW2,104.19386193804152,43.99992730467101,17.304819970954263,0.4411756098763349,0,0
2025-12-26 20:58:23.003538,APP14,88.71011624032909,93.505666815782,15.568550602465393,0.16915724991314401,0,0
2025-12-26 20:59:23.003538,R2,84.02023414968173,76.9939974550521,28.956917373368086,0.33990539261842645,0,0
2025-12-26 21:00:23.003538,APP11,86.77671152195347,68.35580879815869,46.02914464499929,0.24577558058662202,0,0
2025-12-26 21:01:23.003538,FW2,77.31549741518671,57.73984072920449,16.15560412256412,0.6002086126883349,0,0
2025-12-26 21:02:23.003538,APP13,68.27849781463689,58.257314656832634,27.177158111237357,0.6359902572931105,0,0
2025-12-26 21:03:23.003538,SW7,104.7497250316343,52.16369576434089,30.325396463351257,0.11657155527368823,0,0
2025-12-26 21:04:23.003538,APP1,107.51716010277266,48.15565713924206,37.50410957826923,0.5967631657289372,0,0
2025-12-26 21:05:23.003538,SW8,95.33561044856675,93.00239930491846,25.519094193771064,0.7232707319730413,0,0
2025-12-26 21:06:23.003538,FW3,44.8693210830802,75.9471878454102,24.29742677320296,0.6240106475135305,0,0
2025-12-26 21:07:23.003538,APP14,57.98480469033121,91.12562861952179,42.506823698489654,0.44776207168501175,0,0
2025-12-26 21:08:23.003538,DB5,77.60606259424664,79.37645632506442,26.65546637341809,0.2231349966120013,0,0
2025-12-26 21:09:23.003538,APP11,53.92790130015747,52.79573790327719,14.478591661514441,0.4838705828164291,0,0
2025-12-26 21:10:23.003538,SW2,87.61365032398022,87.02073324511139,25.446027832726735,0.5183710041691373,0,0
2025-12-26 21:11:23.003538,APP11,48.87794548692315,83.15309374114744,32.87481406146307,0.35123581130598647,0,0
2025-12-26 21:12:23.003538,SW9,74.07493900363168,88.31568636981501,27.90465012646215,0.6966433637894401,0,0
2025-12-26 21:13:23.003538,DB1,68.24999729335003,55.52673679375291,44.28309918581196,0.6624232515049662,0,0
2025-12-26 21:14:23.003538,APP9,89.63442308212547,49.73787650057715,35.54618884135557,0.644233415436881,0,0
2025-12-26 21:15:23.003538,APP15,44.587013500040285,92.54880286057808,28.59352826607874,0.5302207883396963,0,0
2025-12-26 21:16:23.003538,FW2,76.09945662188615,101.65662958129614,32.12466677129422,0.5016462221336989,0,0
2025-12-26 21:17:23.003538,APP9,77.66425178981953,86.82055661635269,3.4281194809482116,0.5468609960243216,0,0
2025-12-26 21:18:23.003538,R3,69.94353779195288,55.36970392949051,29.50721099549144,0.5182163658906991,0,0
2025-12-26 21:19:23.003538,SW7,55.12145599879261,7.167379257117645,6.82034495318392,0.2197808194168383,0,0
2025-12-26 21:20:23.003538,R1,41.7355465303908,73.93949797232037,10.781701038166705,0.4090094187442528,0,0
2025-12-26 21:21:23.003538,SW3,72.46287847867374,93.03695520423855,16.858545436191974,0.8048595021310141,0,0
2025-12-26 21:22:23.003538,APP12,106.05560179387561,60.96304265309341,28.21852393516885,0.3500520552513454,0,0
2025-12-26 21:23:23.003538,SW4,77.38645182578423,89.58913409786679,20.89261602420835,0.5291398134262824,0,0
2025-12-26 21:24:23.003538,SW10,99.20768220436406,62.58702224535338,36.2001919934297,0.35685436429127937,0,0
2025-12-26 21:25:23.003538,R3,80.09808035128273,55.213070574425316,22.341955273760707,0.1958115837770244,0,0
2025-12-26 21:26:23.003538,DB3,48.92672893152543,64.25661150204066,23.259658086985738,0.7411828970009486,0,0
2025-12-26 21:27:23.003538,R2,84.6829541483407,95.32667883988572,24.682434361706648,0.29186237028563045,0,0
2025-12-26 21:28:23.003538,APP12,62.73128686670978,55.91494389752323,2.276258473154961,0.6973971873573785,0,0
2025-12-26 21:29:23.003538,SW8,82.55630721562589,100.07286045612591,16.267656417432143,0.21261595606835443,0,0
2025-12-26 21:30:23.003538,SW1,85.31187559906017,76.06678879838285,36.76888201123713,0.5897342124685455,0,0
2025-12-26 21:31:23.003538,APP1,120.1686607627966,76.90650933006285,25.538496690944612,0.5177534008117127,0,0
2025-12-26 21:32:23.003538,APP8,83.35478538521897,84.03619282179594,17.06137704777949,0.33904850238233764,0,0
2025-12-26 21:33:23.003538,APP8,70.22882643212921,88.68708671361745,12.52169198950142,0.6128070595862884,0,0
2025-12-26 21:34:23.003538,APP12,101.2811956840782,79.13363614306296,15.497726413465504,0.47902046110374263,0,0
2025-12-26 21:35:23.003538,APP7,44.861600178501334,76.86992512709519,23.97689066807423,0.6220411203246772,0,0
2025-12-26 21:36:23.003538,R3,94.29814799218227,41.61487999832297,25.318801948721894,0.644670679711998,0,0
2025-12-26 21:37:23.003538,SW3,50.10043119424136,71.90573077899046,32.90407316657932,0.6633936267816742,0,0
2025-12-26 21:38:23.003538,APP4,106.94540602114216,77.11173508465423,10.093357028396092,0.746106131830871,0,0
2025-12-26 21:39:23.003538,SW3,98.14147205806994,81.8571168818876,27.796514158166136,0.9542588065543655,0,0
2025-12-26 21:40:23.003538,APP7,81.92563174146238,42.89934746922772,26.446125871479612,0.2108162736966836,0,0
2025-12-26 21:41:23.003538,FW1,84.54426256647511,78.49653879931165,42.57372823701757,0.6519465981929434,0,0
2025-12-26 21:42:23.003538,R2,94.99824670563527,81.61982548599978,23.876918397842605,0.19449958594605388,0,0
2025-12-26 21:43:23.003538,SW5,90.98171094791164,65.67915971354097,39.375452116607725,0.5278828720271261,0,0
2025-12-26 21:44:23.003538,FW1,103.9532035131194,75.24699215584903,23.384653416764984,0.3033423128207916,0,0
2025-12-26 21:45:23.003538,APP13,96.1580270267262,75.60495007976337,31.58238740722182,0.14495084717980583,0,0
2025-12-26 21:46:23.003538,APP2,84.13892075437847,63.07046743349456,30.101942291547882,0.6070740595135662,0,0
2025-12-26 21:47:23.003538,APP8,99.50260458744765,116.51182767812844,23.59634717021218,0.18303889654496897,0,0
2025-12-26 21:48:23.003538,APP1,78.11059371254323,58.500534318424656,21.33458543259487,0.6443880382957959,0,0
2025-12-26 21:49:23.003538,SW6,84.8051450941187,66.48335485512479,25.196811841711256,0.38241058328528676,0,0
2025-12-26 21:50:23.003538,R2,71.37230830371298,65.54652988099262,25.551780706838905,0.3826484829092961,0,0
2025-12-26 21:51:23.003538,APP2,76.5898035974895,84.16244936044087,36.37303926106398,0.49516317314873953,0,0
2025-12-26 21:52:23.003538,APP10,44.435285729418965,57.812497194627234,29.474498562679827,0.3957131921452469,0,0
2025-12-26 21:53:23.003538,APP1,106.66513904064088,76.57749605813412,47.91530107539587,0.2919280423343184,0,0
2025-12-26 21:54:23.003538,APP5,87.68436237213442,62.190682462872935,20.854381042640235,0.5939641507728596,0,0
2025-12-26 21:55:23.003538,SW1,99.12021793657742,88.0437344820566,16.615447225257334,0.13332264338594624,0,0
2025-12-26 21:56:23.003538,DB4,297.9286378207715,299.6514502729301,163.40213067198567,3.7103601993831243,2,1
2025-12-26 21:57:23.003538,DB4,105.83795452649186,60.81291554445326,33.96492682032978,0.7558227484405006,0,0
2025-12-26 21:58:23.003538,APP10,77.97528689108705,61.42477332441156,18.075133828548434,0.5167210202772745,0,0
2025-12-26 21:59:23.003538,APP10,54.32705025546686,56.97530282064683,24.55280866673089,0.35519451382702893,0,0
2025-12-26 22:00:23.003538,APP13,87.34020118283652,105.26257404780745,11.367448745090252,0.5717959234860773,0,0
2025-12-26 22:01:23.003538,DB4,57.648924279815134,68.93178717669099,30.951552098874277,0.6520219757632042,0,0
2025-12-26 22:02:23.003538,APP1,56.5802321043815,97.44078895854247,14.868496540369826,0.728283893231645,0,0
2025-12-26 22:03:23.003538,DB2,131.55691399108485,70.64292965066505,13.59554128685258,0.3764401812471794,0,0
2025-12-26 22:04:23.003538,SW7,105.77350064129851,71.74609267647003,12.02100741748618,0.30168297870870975,0,0
2025-12-26 22:05:23.003538,FW3,362.41705477668745,192.6510669670988,82.61942756638041,1.8288711422173656,1,1
2025-12-26 22:06:23.003538,SW2,82.91167629223642,107.56639280022188,24.75177216432991,0.5692546499147334,0,0
2025-12-26 22:07:23.003538,DB2,80.00775689939253,99.41885355719809,37.65311725078054,0.5612787678947548,0,0
2025-12-26 22:08:23.003538,APP8,27.232960412709062,110.31156950395544,26.127365838287627,0.18889345177109312,0,0
2025-12-26 22:09:23.003538,SW3,149.43574777244828,177.43153942108415,68.69772273469901,2.5545016759079386,3,1
2025-12-26 22:10:23.003538,SW6,82.2487451171984,92.20708211345651,23.743125114954175,0.5336998212643077,0,0
2025-12-26 22:11:23.003538,SW1,77.13275125959824,68.38102741998597,24.595627670987227,0.5913581211029293,0,0
2025-12-26 22:12:23.003538,R2,76.02760286684749,61.783515077139846,13.37615085232295,0.6049116088505073,0,0
2025-12-26 22:13:23.003538,APP6,84.48231195457123,54.07101293544784,32.737580489025035,0.28413174824332765,0,0
2025-12-26 22:14:23.003538,APP15,441.0876990722281,363.2694635738457,196.1070182100164,1.203426147874254,2,1
2025-12-26 22:15:23.003538,APP6,83.44798860046514,82.75765075895248,28.73724143353607,0.6382752956441199,0,0
2025-12-26 22:16:23.003538,APP14,71.30488273688933,82.52862714618283,27.59853873656374,0.5991704506871138,0,0
2025-12-26 22:17:23.003538,SW8,98.85325512985233,78.06791700873819,29.69910014779648,0.5484759770931252,0,0
2025-12-26 22:18:23.003538,APP2,271.26477951311176,454.173651167996,80.41176641721168,2.149129572567561,3,1
2025-12-26 22:19:23.003538,SW9,82.55130809835653,97.4208694984131,31.51969841459293,0.20282392224403045,0,0
2025-12-26 22:20:23.003538,FW1,71.59429844254795,61.399342646128574,40.23825971915365,0.24386059832023715,0,0
2025-12-26 22:21:23.003538,R1,421.26346075520775,144.0726604509066,106.42887026073623,3.079337209714587,1,1
2025-12-26 22:22:23.003538,APP15,86.0417193196535,68.79210730113037,18.612880762271942,0.5976434323363321,0,0
2025-12-26 22:23:23.003538,APP8,90.33405870009976,74.92917743199669,32.49991176327204,0.6056009130384647,0,0
2025-12-26 22:24:23.003538,APP4,108.13088797452438,75.04116653238502,20.4920810697001,0.7286421033994493,0,0
2025-12-26 22:25:23.003538,R1,427.064991598246,286.39187545270863,155.16342950224708,1.8949417123699932,2,1
2025-12-26 22:26:23.003538,DB2,60.575433949790586,88.8117159889733,20.176924687597644,0.3084364954381536,0,0
2025-12-26 22:27:23.003538,APP5,58.83038796118596,77.5637195831155,12.933239302528413,0.7229046947266256,0,0
2025-12-26 22:28:23.003538,APP15,85.38409367104649,77.67038142343269,14.249005953100575,0.9676362545516404,0,0
2025-12-26 22:29:23.003538,R3,96.31873734581838,56.01783164565596,25.88752070568234,0.8095279133820752,0,0
2025-12-26 22:30:23.003538,APP4,106.93095777643697,109.53994409954802,31.337565043416877,0.40542870449823937,0,0
2025-12-26 22:31:23.003538,SW7,457.53726235857334,118.55610937805974,158.70805085846848,2.308453086815145,2,1
2025-12-26 22:32:23.003538,SW9,83.3185995914337,74.09508236841586,15.479451356935293,0.33226743436108874,0,0
2025-12-26 22:33:23.003538,SW7,72.01570071372511,81.40490353001391,11.852531606981644,0.49478123385351624,0,0
2025-12-26 22:34:23.003538,APP6,51.511477381541766,82.38371765326724,26.597093124714615,0.7066285367387444,0,0
2025-12-26 22:35:23.003538,APP13,53.80981204468619,50.20884004896841,24.116709620258337,0.1413991356673165,0,0
2025-12-26 22:36:23.003538,SW1,97.32822541564106,68.28571568752027,28.421024176733123,0.7905422385398542,0,0
2025-12-26 22:37:23.003538,APP12,62.076812142013964,69.79105620402537,17.10401507834367,0.4908718097087324,0,0
2025-12-26 22:38:23.003538,R3,105.9250615805167,85.84166129094938,13.807825186562638,0.46511796131316047,0,0
2025-12-26 22:39:23.003538,DB1,232.7035350103507,198.15291745158112,155.79191422104952,1.4116734851635704,2,1
2025-12-26 22:40:23.003538,APP9,124.37385538837833,85.27457471100364,30.953428557017745,0.6249979398827041,0,0
2025-12-26 22:41:23.003538,SW5,60.836777150186116,53.23512809188203,21.044790062139874,0.21772989985265473,0,0
2025-12-26 22:42:23.003538,SW3,58.325320554441106,81.80931720128252,42.08878692488801,0.24202209588899898,0,0
2025-12-26 22:43:23.003538,APP4,81.94334997439569,57.49872722559192,21.524721765100622,0.26664791820723766,0,0
2025-12-26 22:44:23.003538,SW9,80.87783846337554,58.502868306942176,37.75029476890644,0.4696011592605231,0,0
2025-12-26 22:45:23.003538,SW7,64.53614499232047,66.33857581749479,11.336645997148768,0.45267985027752805,0,0
2025-12-26 22:46:23.003538,APP3,75.09209194650917,84.41094453789329,32.62356445290412,0.5696181225169751,0,0
2025-12-26 22:47:23.003538,SW9,77.46139104231729,55.2125272952716,25.084468730585215,0.4491593638843437,0,0
2025-12-26 22:48:23.003538,DB2,99.55434408832016,79.94377858077054,36.36144208675496,0.4964012871529876,0,0
2025-12-26 22:49:23.003538,SW6,67.3589425552854,80.82835168863609,35.82269928037984,0.6789066432695654,0,0
2025-12-26 22:50:23.003538,APP4,63.7088035202337,73.35401181414835,21.087991834515094,0.5155287732279392,0,0
2025-12-26 22:51:23.003538,APP11,104.22981460785023,89.7988708038994,21.82577555606456,0.4042827047082334,0,0
2025-12-26 22:52:23.003538,APP1,112.55191409252026,97.38934052057292,26.374163868061515,0.1744391428654095,0,0
2025-12-26 22:53:23.003538,SW9,93.60005707180082,71.77656863397443,21.949400567985638,0.3030080759534456,0,0
2025-12-26 22:54:23.003538,APP3,145.0201273314722,284.07585339768696,64.63083617743396,3.189291515103876,3,1
2025-12-26 22:55:23.003538,APP9,71.22188893204097,88.33330174290518,39.10815913683438,0.6587243187567571,0,0
2025-12-26 22:56:23.003538,APP4,297.7177959794637,489.75147678346866,204.50552237808807,1.571084094254713,2,1
2025-12-26 22:57:23.003538,FW2,101.58038387493859,49.204084207596466,18.339824205502115,0.49754307404804965,0,0
2025-12-26 22:58:23.003538,FW3,67.91381168487798,74.83253909902677,30.179901635409344,0.7109494475755381,0,0
2025-12-26 22:59:23.003538,SW4,57.69360711352461,72.27841434956528,32.260032200682815,0.45458717072793653,0,0
2025-12-26 23:00:23.003538,APP10,123.3599335541581,113.15653945152187,9.88572466497746,0.46971721040412584,0,0
2025-12-26 23:01:23.003538,SW1,60.23786463889952,82.1413833463475,27.792193331156472,0.3018621986214449,0,0
2025-12-26 23:02:23.003538,APP4,259.89409664155926,138.99675149834005,173.97816851497998,2.8931200635945524,2,1
2025-12-26 23:03:23.003538,APP8,81.2607746337668,40.22209144783011,25.679339224399044,0.6507366177636552,0,0
2025-12-26 23:04:23.003538,APP6,58.22401170769098,81.85048752861645,16.88114728715153,0.9688747636505346,0,0
2025-12-26 23:05:23.003538,SW6,65.59933807814899,51.93528680791435,23.836009981823196,0.4008430032479726,0,0
2025-12-26 23:06:23.003538,APP10,80.42930452971159,56.347146392450234,4.85467909435588,0.8942444665335294,0,0
2025-12-26 23:07:23.003538,R3,42.55191170674456,97.95845757199518,16.05462590576431,0.6477947798203383,0,0
2025-12-26 23:08:23.003538,APP1,78.16128942133973,68.09363598728045,9.116127450021965,0.6542515377614015,0,0
2025-12-26 23:09:23.003538,SW9,79.61377189611098,84.86543939332287,39.683534999984886,0.32530372188703893,0,0
2025-12-26 23:10:23.003538,APP7,84.92019161028195,64.96150692142612,23.388288801541023,0.34467567008949107,0,0
2025-12-26 23:11:23.003538,APP13,108.35472003471088,66.8945439580682,26.101277556594862,0.4268120519093378,0,0
2025-12-26 23:12:23.003538,FW1,138.88773580378012,88.70010551881857,17.425886342830637,0.7317913402185979,0,0
2025-12-26 23:13:23.003538,APP3,82.96634703812158,85.13359751231695,16.65046564462488,0.6615061959599016,0,0
2025-12-26 23:14:23.003538,FW2,64.1747065776909,80.26832025938286,11.60734588710925,0.361545759332349,0,0
2025-12-26 23:15:23.003538,R1,50.077737707124946,49.953680375923724,27.03927478693286,0.424799989695273,0,0
2025-12-26 23:16:23.003538,R2,69.70881203223044,24.400202575686656,23.220946002231102,0.8587749009754666,0,0
2025-12-26 23:17:23.003538,APP8,94.00242505855842,73.42646465115949,29.782254759604353,0.5358634869391222,0,0
2025-12-26 23:18:23.003538,SW4,86.55411738225946,73.09114625671998,24.5376367265826,0.8401301801310845,0,0
2025-12-26 23:19:23.003538,SW4,76.2231922273106,59.98497381369277,16.980345380245772,0.3970205276895954,0,0
2025-12-26 23:20:23.003538,SW5,680.1707940007051,359.5046545864398,33.90915455855411,2.472430714590096,1,1
2025-12-26 23:21:23.003538,SW10,74.74722526616696,79.39940147188344,15.260897296186682,0.7523584188392733,0,0
2025-12-26 23:22:23.003538,APP14,74.4856814770049,80.16699039123495,33.09947955314527,0.26776124327840445,0,0
2025-12-26 23:23:23.003538,FW3,76.98795953995482,100.83915079769136,12.029528070767707,0.5520002265935455,0,0
2025-12-26 23:24:23.003538,R1,71.86216972595382,60.835594129988195,9.299885647378707,0.2837992847985122,0,0
2025-12-26 23:25:23.003538,APP10,85.2972669825322,76.7217832786904,36.256631243530435,0.5898331383592494,0,0
2025-12-26 23:26:23.003538,DB3,82.07044627973602,80.48058181020882,18.55056571744169,0.6011690656757395,0,0
2025-12-26 23:27:23.003538,DB4,72.66269947038833,77.5745959412967,33.65750961820598,0.3832176669456883,0,0
2025-12-26 23:28:23.003538,APP11,76.60727902187216,75.34380903258005,33.169961016861414,0.6717464372640146,0,0
2025-12-26 23:29:23.003538,APP14,57.757120891483815,71.69239305349213,27.106775919092286,0.6234651842358097,0,0
2025-12-26 23:30:23.003538,SW3,56.52644971137673,61.75984525713413,34.82742165104625,0.4098851550195184,0,0
2025-12-26 23:31:23.003538,APP8,69.82248387659513,81.26033684560568,32.9133918650605,0.39943421551071423,0,0
2025-12-26 23:32:23.003538,APP2,90.75684520200613,53.20998858770383,11.71880177452903,0.3193887878747916,0,0
2025-12-26 23:33:23.003538,APP4,82.18182354091725,64.11597310444587,-0.3748352395225396,0.20896855669356929,0,0
2025-12-26 23:34:23.003538,FW3,80.57103300596528,67.09829367828428,16.83190549928012,0.5213003806714411,0,0
2025-12-26 23:35:23.003538,APP3,83.0099627497494,63.12862008511604,13.216816350824384,0.6182751572156049,0,0
2025-12-26 23:36:23.003538,SW8,83.6879225017706,101.62645583975402,22.108786607680745,0.07248733782696126,0,0
2025-12-26 23:37:23.003538,APP1,102.60595628375938,86.35118990848167,24.127089129636044,0.7561495188924966,0,0
2025-12-26 23:38:23.003538,SW1,78.69977991299082,81.32792764272234,34.897595521279705,0.3928202366819029,0,0
2025-12-26 23:39:23.003538,APP11,51.37929584887998,78.17510059878508,22.74598818186515,0.45467493781823853,0,0
2025-12-26 23:40:23.003538,SW9,44.28258952086652,86.8008314931156,28.550870256303792,0.634294752649578,0,0
2025-12-26 23:41:23.003538,APP13,52.74468361305221,83.0630586341706,5.128875001095004,1.106427374911805,0,0
2025-12-26 23:42:23.003538,SW7,218.06568193913648,486.98501610070514,199.16408022494346,3.715480719426991,2,1
2025-12-26 23:43:23.003538,SW1,81.29281303612233,82.54923422508654,29.573632973327086,0.9779998894194035,0,0
2025-12-26 23:44:23.003538,DB3,78.65808060967419,77.42960813671333,29.250749408358246,0.5512954392934485,0,0
2025-12-26 23:45:23.003538,APP14,88.697651246384,110.6706176453921,11.511456709627355,0.6270562427196295,0,0
2025-12-26 23:46:23.003538,SW8,56.72265192122688,87.85686508991941,32.06213033946464,0.6388849722772147,0,0
2025-12-26 23:47:23.003538,APP12,91.65510597030735,71.89079173453362,16.548323626068058,0.45194288272616195,0,0
2025-12-26 23:48:23.003538,APP4,73.49124668043585,54.16494589642051,32.95044635366104,0.284798765184379,0,0
2025-12-26 23:49:23.003538,SW4,168.31108632357765,138.06984455303459,132.8943876154841,2.051915893173015,2,1
2025-12-26 23:50:23.003538,SW8,69.06700802073452,104.52326414455163,17.59822371881168,0.714023315548597,0,0
2025-12-26 23:51:23.003538,SW3,60.837442157725405,75.60269401419984,23.368752335212225,0.43032996959119796,0,0
2025-12-26 23:52:23.003538,R3,77.91418926089115,50.02268117803341,33.72014263212007,0.4190768972977678,0,0
2025-12-26 23:53:23.003538,SW5,80.348753744086,53.64559112344476,22.712885802066346,0.31717774522147546,0,0
2025-12-26 23:54:23.003538,SW9,56.76985329319338,80.4289378370288,38.95385485298313,0.30201352422614913,0,0
2025-12-26 23:55:23.003538,R1,73.94378226230623,105.04820853082302,14.552622834917115,0.40617710437485816,0,0
2025-12-26 23:56:23.003538,APP12,82.26338747518837,70.82205697115634,24.286698598808925,0.7165156921791178,0,0
2025-12-26 23:57:23.003538,R2,100.96597504490826,84.62080889207296,28.302139477837017,0.6161252842980511,0,0
2025-12-26 23:58:23.003538,APP4,36.076732953582564,79.6249709782875,27.630876820439912,0.6172409251166082,0,0
2025-12-26 23:59:23.003538,APP14,521.6096017132959,563.2093968717186,213.9257649066725,2.2615698259169306,2,1
2025-12-27 00:00:23.003538,APP12,83.79081388621411,63.47418718716241,39.43570250380087,0.29069266433089036,0,0
2025-12-27 00:01:23.003538,FW2,88.94582713668308,82.292793840792,13.720582984682705,0.4434127312470389,0,0
2025-12-27 00:02:23.003538,SW2,86.58730802202098,93.37910034632026,16.013487452791168,0.48340103894843645,0,0
2025-12-27 00:03:23.003538,APP15,80.81410002311102,54.63767779532967,25.289625097586402,0.364017517718334,0,0
2025-12-27 00:04:23.003538,APP12,54.589975655050324,57.283726437361835,31.158211352736522,0.6794504345273682,0,0
2025-12-27 00:05:23.003538,APP2,68.96841318926684,64.08342845225312,35.89428433833791,0.5049972608027101,0,0
2025-12-27 00:06:23.003538,APP3,81.94206468162466,41.850068305618926,17.562946192639302,0.31752279717888154,0,0
2025-12-27 00:07:23.003538,R3,77.90134480866824,81.5965657035662,19.450930120521775,0.2958993726786603,0,0
2025-12-27 00:08:23.003538,SW3,79.88487197959478,61.13379447015312,10.931658926519487,0.3278540944224153,0,0
2025-12-27 00:09:23.003538,SW2,401.20646418238994,272.50038353004294,298.8646816718526,2.172454005514655,2,1
2025-12-27 00:10:23.003538,APP13,91.03522713432514,88.55145871990631,38.059254709761795,0.6724064882086417,0,0
2025-12-27 00:11:23.003538,APP10,53.129575857445474,80.631325954164,24.18707147214841,0.786191026572592,0,0
2025-12-27 00:12:23.003538,FW1,62.362682100563205,86.97935444984157,23.644375798232076,0.6685573866741069,0,0
2025-12-27 00:13:23.003538,APP10,50.85887718786563,60.78464245929639,7.559675669313222,0.6409441193923486,0,0
2025-12-27 00:14:23.003538,DB5,62.802067079189925,85.2672650939065,24.450804559652735,0.5882120738867089,0,0
2025-12-27 00:15:23.003538,APP7,68.58083731924232,79.01100892228823,20.39453697879636,0.39272381568300546,0,0
2025-12-27 00:16:23.003538,SW1,374.87909657405754,233.76098614803232,72.48895516813882,2.092965065178759,1,1
2025-12-27 00:17:23.003538,DB3,78.02412155494467,90.42052749748208,14.241324774202031,0.6381508959162092,0,0
2025-12-27 00:18:23.003538,SW9,72.56796220640516,89.67276462951982,20.992587564796803,0.4966907536477235,0,0
2025-12-27 00:19:23.003538,SW4,61.47088384292495,66.96434729405856,16.814601607559815,0.47065026854944564,0,0
2025-12-27 00:20:23.003538,R2,109.49659864638505,72.96914306678389,10.848977226184324,0.17435782967245622,0,0
2025-12-27 00:21:23.003538,SW10,272.36225323864505,187.67090979042825,125.02428969525491,3.1043939688847892,2,1
2025-12-27 00:22:23.003538,APP1,370.1304227712695,452.5791899982528,55.7895496472061,0.26579218214480477,1,1
2025-12-27 00:23:23.003538,R2,75.47549427053755,85.52484904063975,20.67312465276523,0.49330834725492867,0,0
2025-12-27 00:24:23.003538,DB1,97.26296721089136,57.64488386381916,26.986626659939382,0.5761226960047496,0,0
2025-12-27 00:25:23.003538,APP14,39.16247207701298,91.07279368024979,32.08909740818545,0.6858009317913623,0,0
2025-12-27 00:26:23.003538,SW1,64.36891393840051,67.44213398857664,37.94512588457361,0.7228025756140737,0,0
2025-12-27 00:27:23.003538,APP13,75.01605240107905,51.08542971940159,37.85507440807378,0.5943472335334301,0,0
2025-12-27 00:28:23.003538,R1,92.09850296814366,89.61853494289984,38.60125272247462,0.7269318505446147,0,0
2025-12-27 00:29:23.003538,R2,65.28618516253881,93.58509159547997,6.524730975370051,0.5696771154453775,0,0
2025-12-27 00:30:23.003538,R1,64.62805662216141,77.24069347305472,50.27674716221865,0.5390121862801457,0,0
2025-12-27 00:31:23.003538,SW9,118.57304097630443,110.80214600297651,20.975948691334978,0.5050384865611413,0,0
2025-12-27 00:32:23.003538,SW3,103.44425466115564,28.52250881543045,9.951694009444898,0.49752066660869754,0,0
2025-12-27 00:33:23.003538,APP1,53.38086605651427,89.59215833920746,20.220917513163876,0.802403896551608,0,0
2025-12-27 00:34:23.003538,APP6,85.1720726077161,57.82145864306047,36.014136967801875,0.7550463830085733,0,0
2025-12-27 00:35:23.003538,APP3,99.47730386814074,75.90730179349022,24.09959762686568,0.5864233828799434,0,0
2025-12-27 00:36:23.003538,DB1,82.60804380105736,77.2708383502397,30.609105263957396,0.7355320182777672,0,0
2025-12-27 00:37:23.003538,SW8,68.21547178072818,73.77272492248375,25.082448055341555,0.38478262465332397,0,0
2025-12-27 00:38:23.003538,APP11,78.50076389936775,52.906907174531426,29.781167770541543,0.6212962510188376,0,0
2025-12-27 00:39:23.003538,APP8,88.5187132727533,70.6216127296593,26.867561454174844,0.7340337500524404,0,0
2025-12-27 00:40:23.003538,SW6,105.62858692121674,80.34886728913143,18.87848558711297,0.3809204993383375,0,0
2025-12-27 00:41:23.003538,FW3,59.88859772784633,65.36602088722285,21.18672877516263,0.5421887663064224,0,0
2025-12-27 00:42:23.003538,APP3,60.36447466599047,74.10153323342034,18.917866717721736,0.4721010707598212,0,0
2025-12-27 00:43:23.003538,APP4,73.27795815686733,85.60515103256157,38.44861461053494,0.563337367722966,0,0
2025-12-27 00:44:23.003538,APP12,99.18017021157166,86.73272225355338,24.881301793238922,0.6373631823758878,0,0
2025-12-27 00:45:23.003538,DB4,104.11074735476622,106.06602875222467,49.6642314989202,0.5263352650715404,0,0
2025-12-27 00:46:23.003538,FW3,53.04552018245056,102.66712560015561,31.359233876732517,0.375980933679364,0,0
2025-12-27 00:47:23.003538,R3,182.97327789931097,164.60860152024185,125.72896090186367,3.2148551909852365,2,1
2025-12-27 00:48:23.003538,R1,91.63456304954803,78.26955636633178,15.601637740786845,0.9032587691550984,0,0
2025-12-27 00:49:23.003538,APP10,103.94410146161708,78.3234064708826,30.858394162464357,0.5209555480987457,0,0
2025-12-27 00:50:23.003538,R3,64.84603032429132,96.0378228956714,12.130093639171584,0.9313535194101146,0,0
2025-12-27 00:51:23.003538,APP11,61.427752493034916,87.65190432297044,30.204234012331447,0.5907317287090551,0,0
2025-12-27 00:52:23.003538,SW1,99.5657258483663,90.7110529433949,26.792113179785947,0.8337656287020963,0,0
2025-12-27 00:53:23.003538,APP4,67.98477924300303,90.28888321948386,25.543897418828664,0.4894869147544182,0,0
2025-12-27 00:54:23.003538,DB4,73.57175723066315,63.58356257224467,30.36206912250633,0.702058950957536,0,0
2025-12-27 00:55:23.003538,APP9,82.74729732044793,52.16226027943995,6.658151734716547,0.5363369683981528,0,0
2025-12-27 00:56:23.003538,SW6,79.80053412185296,55.57434546263284,28.521804200384626,0.5000904011459287,0,0
2025-12-27 00:57:23.003538,APP7,16.612116897966388,47.39614135791645,26.874867069787584,0.9641673859824296,0,0
2025-12-27 00:58:23.003538,APP9,91.92198075552193,79.18829863754682,19.402429645860675,0.3321304089251624,0,0
2025-12-27 00:59:23.003538,APP1,92.88817015476988,55.26199969189447,14.847462812380334,0.9005774907527602,0,0
2025-12-27 01:00:23.003538,SW8,82.44429078939791,31.132192618220365,39.32138600948597,0.10497663199682283,0,0
2025-12-27 01:01:23.003538,APP15,67.58412550145339,81.89108990300797,29.28493354247283,0.16759461914306573,0,0
2025-12-27 01:02:23.003538,DB2,74.05561018223757,78.24228535868876,28.48436949116931,0.5658613847448416,0,0
2025-12-27 01:03:23.003538,SW4,100.92591426223585,89.27359750392588,8.323048941303025,0.38711251177611294,0,0
2025-12-27 01:04:23.003538,FW1,53.295431372863355,85.39698681494384,17.1613261458862,0.3127159086804697,0,0
2025-12-27 01:05:23.003538,SW1,90.34880421794321,60.13656329780394,21.39438430600056,0.7179295357587887,0,0
2025-12-27 01:06:23.003538,APP1,84.02518954144126,66.46206212561071,27.998772260215482,0.5227400801459774,0,0
2025-12-27 01:07:23.003538,APP10,62.00524348477581,81.92719453301645,28.994752826036155,0.8103109582199338,0,0
2025-12-27 01:08:23.003538,APP2,87.64430026961247,71.55306465634787,35.82130380750683,0.5011284096736884,0,0
2025-12-27 01:09:23.003538,FW2,49.62690207687538,93.13644181616714,6.777073236574992,0.6656699968936686,0,0
2025-12-27 01:10:23.003538,SW7,52.002070879972806,64.89080605005165,35.29740334034096,0.17483948092876728,0,0
2025-12-27 01:11:23.003538,APP5,90.90711432589612,50.85456076184373,9.099865480939968,0.4150560236323438,0,0
2025-12-27 01:12:23.003538,SW3,69.12516748464716,54.775513267427506,23.980873149469627,0.301043351360927,0,0
2025-12-27 01:13:23.003538,APP4,76.70320277224135,84.11046142562739,16.785331789553833,0.36915325125250764,0,0
2025-12-27 01:14:23.003538,DB4,92.31442676873972,75.57894574841067,31.823256049499342,0.10974978283296632,0,0
2025-12-27 01:15:23.003538,DB1,97.96814328562974,102.25045801057252,39.48403761119496,0.31678984952769396,0,0
2025-12-27 01:16:23.003538,APP10,54.14686321617819,49.52515465261897,26.987202027201477,0.4087473928326077,0,0
2025-12-27 01:17:23.003538,APP13,80.87979308702907,109.8907853410386,35.280303753365224,0.3542409865794409,0,0
2025-12-27 01:18:23.003538,DB5,81.29507640243257,88.57250730086793,37.20862096642523,0.26560954340700976,0,0
2025-12-27 01:19:23.003538,APP5,74.86982625125366,39.24126203059029,47.84242187192449,0.4978702944724841,0,0
2025-12-27 01:20:23.003538,R3,106.99163268301376,58.44612058565128,23.697919479865092,0.8411217315798784,0,0
2025-12-27 01:21:23.003538,APP15,130.06382536664316,90.5098132195225,37.131090117436386,0.38604545998500356,0,0
2025-12-27 01:22:23.003538,DB2,127.69406033529954,47.874150700255825,27.009717855426043,1.0045060161483639,0,0
2025-12-27 01:23:23.003538,FW1,88.86494856818722,119.51275777522687,14.980993702280172,0.18293594600902296,0,0
2025-12-27 01:24:23.003538,SW1,64.51283106837849,72.76605939504127,22.124087912542585,0.38818098773169174,0,0
2025-12-27 01:25:23.003538,SW8,49.303873608475655,55.32680842548508,29.48297751885079,0.5607213058070175,0,0
2025-12-27 01:26:23.003538,FW1,79.15897896062906,73.28101122959488,31.288084038249842,0.739369505122287,0,0
2025-12-27 01:27:23.003538,APP1,76.07650385472131,83.98832706357362,24.801632029310973,0.3511450321122812,0,0
2025-12-27 01:28:23.003538,APP4,56.49178614873879,73.2960781369199,21.34327479885563,0.23690734116283158,0,0
2025-12-27 01:29:23.003538,APP5,77.10796300943515,83.93328009478263,18.655188037363732,0.5638763068048864,0,0
2025-12-27 01:30:23.003538,APP8,23.671695910642384,38.38684029055006,35.18957543680793,0.43407743833671303,0,0
2025-12-27 01:31:23.003538,APP12,89.17918064359804,74.93544760552557,33.78474634328896,0.6770858437240066,0,0
2025-12-27 01:32:23.003538,SW6,63.18668031259072,76.68317927091488,36.96205048331866,0.3864851451919652,0,0
2025-12-27 01:33:23.003538,APP7,87.97945294011538,55.00784033740345,33.79571737806258,0.4867340309723902,0,0
2025-12-27 01:34:23.003538,APP9,58.03005745323298,76.6114000380044,7.316980281168426,0.4597499036226723,0,0
2025-12-27 01:35:23.003538,SW6,265.86991058544106,245.49586919237575,163.25134569540444,3.542982325567106,2,1
2025-12-27 01:36:23.003538,R3,141.74625303434334,75.82596872108962,19.62026262878897,0.7730814875643498,0,0
2025-12-27 01:37:23.003538,APP14,85.95733472389881,93.88918073941767,27.267017039835956,0.5996348525441721,0,0
2025-12-27 01:38:23.003538,SW7,91.83736540871521,61.81940227270807,12.008900685601755,0.3409438016878766,0,0
2025-12-27 01:39:23.003538,APP14,76.91513999769579,84.94286688550827,38.82777104243216,0.43565874269420346,0,0
2025-12-27 01:40:23.003538,DB5,104.49216721968784,322.26313610739226,253.98178531635565,2.9290043679247324,2,1
2025-12-27 01:41:23.003538,DB3,79.32145692791326,65.95428333431516,40.661421102352264,0.6817057981235104,0,0
2025-12-27 01:42:23.003538,APP9,106.04300476428548,60.55575809370933,29.268696394663095,0.4649459980345229,0,0
2025-12-27 01:43:23.003538,APP14,83.53879871121882,111.32900644093543,37.03002353405188,0.28670934713428775,0,0
2025-12-27 01:44:23.003538,FW3,95.88308303902433,95.52516394797144,40.72410350107917,0.3878254242937521,0,0
2025-12-27 01:45:23.003538,APP2,76.1885155772147,67.54632452064611,11.102538276391677,0.5503872853147365,0,0
2025-12-27 01:46:23.003538,R2,83.39290203556284,78.39358589308225,23.518897249787866,0.47501522819460396,0,0
2025-12-27 01:47:23.003538,DB4,90.96951188656884,93.6029520473573,27.027745588066914,0.6306336411911055,0,0
2025-12-27 01:48:23.003538,SW6,53.73603223874447,55.05440221564888,23.3845274367196,0.32678498278418855,0,0
2025-12-27 01:49:23.003538,APP6,90.59190176559899,94.84183761222499,4.47464673671686,0.6032137047538868,0,0
2025-12-27 01:50:23.003538,R3,75.80683373847286,73.30759320918015,16.71653872756829,1.1837123528827362,0,0
2025-12-27 01:51:23.003538,FW2,86.79490184548985,65.45540267465117,26.73871073332055,0.5579920229324595,0,0
2025-12-27 01:52:23.003538,APP6,109.16862057435628,64.12239853021639,24.484987884419397,0.6564709339335083,0,0
2025-12-27 01:53:23.003538,SW6,95.0499428921832,96.84499149136322,17.09090244899327,0.35605385689228275,0,0
2025-12-27 01:54:23.003538,R2,38.56463048984945,70.77984564964028,30.70335614462474,0.35032019560476935,0,0
2025-12-27 01:55:23.003538,SW7,101.19803665979995,76.91219162671965,13.631781820369596,0.406483540461079,0,0
2025-12-27 01:56:23.003538,SW6,117.31341698522206,47.353903756911436,15.014523609347156,0.3534950545876131,0,0
2025-12-27 01:57:23.003538,SW5,67.47124331612845,70.94075127744144,27.125378244274266,0.4757492193535086,0,0
2025-12-27 01:58:23.003538,DB2,85.10913296786629,53.789470194173546,39.53722047345896,0.8252350193767499,0,0
2025-12-27 01:59:23.003538,APP13,38.64266893882611,52.124918516308554,28.764787781776306,0.6504851569184383,0,0
2025-12-27 02:00:23.003538,DB3,101.97947930033763,94.97588118978184,29.896137117074623,0.22070500024509188,0,0
2025-12-27 02:01:23.003538,APP3,71.21880275669952,72.39267448096044,20.358825298106414,0.5965390152289022,0,0
2025-12-27 02:02:23.003538,R2,89.38036185354653,63.216674869354414,18.320084966025256,0.3279245477976781,0,0
2025-12-27 02:03:23.003538,APP12,78.6372188248461,50.03989852337794,37.80340071466705,0.17202076194301724,0,0
2025-12-27 02:04:23.003538,R1,88.13318869505822,67.12381902772614,20.62238598082322,0.6256971445220729,0,0
2025-12-27 02:05:23.003538,SW6,52.328546304442554,65.78018728285939,42.35083259610518,0.3582581046997918,0,0
2025-12-27 02:06:23.003538,APP7,67.87107955073249,66.39164560023818,34.877198471156035,0.7186731819022951,0,0
2025-12-27 02:07:23.003538,APP9,90.47752175568861,49.83957129367478,15.80679694119056,0.4843256005858587,0,0
2025-12-27 02:08:23.003538,APP12,80.31808279440857,98.5018832488483,25.553275380420004,0.28818055671237275,0,0
2025-12-27 02:09:23.003538,R2,91.27804151212827,60.54934910811339,28.58544057238953,0.3408857290238484,0,0
2025-12-27 02:10:23.003538,FW2,66.89702522022596,79.09903920681647,2.7248561962977504,0.34981429950478227,0,0
2025-12-27 02:11:23.003538,APP10,65.0138832722478,102.3214594411115,28.509767507425117,0.5288710840100593,0,0
2025-12-27 02:12:23.003538,DB2,78.92333763160475,87.42739304498647,15.739140947739752,0.5805494063339715,0,0
2025-12-27 02:13:23.003538,APP4,99.86721479332702,54.267985737230774,20.45235543161953,0.2959627334110905,0,0
2025-12-27 02:14:23.003538,FW2,113.8713968755276,60.9187189408821,26.167013766354778,0.45131791616761574,0,0
2025-12-27 02:15:23.003538,APP1,153.136091152066,200.86557120803366,318.4828430167852,2.0727479062846283,2,1
2025-12-27 02:16:23.003538,SW3,83.58072917368237,82.94433705047956,25.565552327291364,0.2081006593961302,0,0
2025-12-27 02:17:23.003538,APP14,245.5726062507621,514.2620772044176,228.85675555252826,1.2468411750302941,2,1
2025-12-27 02:18:23.003538,SW1,100.43939451236776,97.29068335889139,41.4991854020322,0.441728093869544,0,0
2025-12-27 02:19:23.003538,APP7,95.84213187402081,87.02003184496209,18.315372591885232,0.5777294476562359,0,0
2025-12-27 02:20:23.003538,SW10,115.48987957488677,78.41347621925291,29.586704368520106,0.4603437842018095,0,0
2025-12-27 02:21:23.003538,FW1,82.90196635777842,76.39712392350872,26.147376672285308,0.5312885285097646,0,0
2025-12-27 02:22:23.003538,SW10,100.89247425946355,93.35413301059597,38.52575148803123,0.6416139959640295,0,0
2025-12-27 02:23:23.003538,APP10,31.912034982635177,51.62189192090801,26.259409759546095,0.27376890475472904,0,0
2025-12-27 02:24:23.003538,SW3,70.0589116899992,71.70431178748507,20.766499051646505,0.583651043513203,0,0
2025-12-27 02:25:23.003538,APP14,83.40619441281103,115.10494230129419,11.42878442770744,0.7760669302197817,0,0
2025-12-27 02:26:23.003538,SW6,104.77975335905593,79.96310700483683,29.628688192884375,0.12322296855653558,0,0
2025-12-27 02:27:23.003538,APP7,109.1340707814031,90.72799341155579,29.683827799012494,0.7061604942431926,0,0
2025-12-27 02:28:23.003538,SW3,87.37480386507923,64.38677932473965,9.961835876820409,0.1575730754097695,0,0
2025-12-27 02:29:23.003538,SW5,52.09301404849185,95.24173833670287,34.31796835825873,0.7082922702796218,0,0
2025-12-27 02:30:23.003538,APP13,134.58480415075073,67.86436478031355,31.05531103862507,0.3621816193773587,0,0
2025-12-27 02:31:23.003538,APP11,66.49725556771484,87.62585098837158,39.35229141259924,0.1684389915948835,0,0
2025-12-27 02:32:23.003538,APP13,63.60416112076425,73.54750375898772,23.88881872071739,0.5435560256792209,0,0
2025-12-27 02:33:23.003538,APP5,50.627701695400404,60.16444815656819,13.593730524122558,0.4404176052059148,0,0
2025-12-27 02:34:23.003538,APP15,91.50345281376524,91.8852688977691,34.15523625109891,0.39324275735059283,0,0
2025-12-27 02:35:23.003538,FW2,94.85663486420668,97.39423883072472,24.635671227230983,0.3169279903241943,0,0
2025-12-27 02:36:23.003538,APP2,85.44920639711187,77.50247143287956,19.778427914453143,0.48189543854633393,0,0
2025-12-27 02:37:23.003538,FW1,92.13359312531348,87.43454314376406,40.864166172881895,0.4851668515366807,0,0
2025-12-27 02:38:23.003538,APP2,58.21985898237621,93.65873124038991,33.91623630541627,0.41566656963605914,0,0
2025-12-27 02:39:23.003538,APP2,101.21393196863808,64.50314491861353,18.825328237363685,0.38687674395058136,0,0
2025-12-27 02:40:23.003538,R2,40.754924402402544,63.48026399608869,29.171660394366764,0.48509393414246715,0,0
2025-12-27 02:41:23.003538,SW8,87.79352864728682,93.63498022383769,26.880708283198143,0.3564398334333454,0,0
2025-12-27 02:42:23.003538,SW1,59.41880917495895,73.78466779798016,12.715779113382409,0.29566164845286574,0,0
2025-12-27 02:43:23.003538,DB2,87.56964355568024,58.707839301946635,15.96436464849894,0.44711026614051,0,0
2025-12-27 02:44:23.003538,SW7,68.43781659537882,97.79586314050427,29.060694046507898,0.3742499019148085,0,0
2025-12-27 02:45:23.003538,SW7,73.83355858918425,84.01388814756262,6.995428764745352,0.5820490342386997,0,0
2025-12-27 02:46:23.003538,R2,87.4881564850794,84.5894141025927,34.470534450959306,0.7679610212523053,0,0
2025-12-27 02:47:23.003538,SW8,78.04311866860108,77.76381792412792,12.165030996497999,0.33643616605385174,0,0
2025-12-27 02:48:23.003538,FW2,81.69304972535465,59.162944086324345,22.976733013885468,0.23657063099210907,0,0
2025-12-27 02:49:23.003538,SW5,318.8628398798302,479.6096671769046,259.5661417922863,1.530025636683652,2,1
2025-12-27 02:50:23.003538,APP12,81.23772193027865,75.8834974044972,20.826196508852476,0.7323347096733466,0,0
2025-12-27 02:51:23.003538,SW8,71.02298719050573,49.97194404489193,10.02884702898428,0.149883162967418,0,0
2025-12-27 02:52:23.003538,SW1,86.73910332096581,76.86423097730969,34.99020353969936,0.8427968622867372,0,0
2025-12-27 02:53:23.003538,APP9,72.016022782341,70.46266920839575,22.382222441019195,0.458949801553678,0,0
2025-12-27 02:54:23.003538,SW6,79.44330798963773,50.52270762434555,24.99985625037019,0.5619444863045929,0,0
2025-12-27 02:55:23.003538,SW8,80.94217220591452,53.55065720973495,15.210296539282588,0.5853627826378922,0,0
2025-12-27 02:56:23.003538,FW1,99.77628535464696,89.19499697167974,24.807225049585607,0.44095029729170276,0,0
2025-12-27 02:57:23.003538,APP6,64.97085693263317,90.33209655451613,21.386050867319078,0.5668281880398502,0,0
2025-12-27 02:58:23.003538,FW3,62.87788161607605,77.53450132058816,26.9952744522439,0.3555908514259918,0,0
2025-12-27 02:59:23.003538,DB2,92.88150300308551,76.7593831665667,28.07031342155361,0.5874458981339665,0,0
2025-12-27 03:00:23.003538,DB4,105.03711645807357,53.35570702001296,31.395390681130205,0.9937839690110455,0,0
2025-12-27 03:01:23.003538,SW3,105.09211637160848,74.19606705478823,30.123209163010355,0.28304387905616113,0,0
2025-12-27 03:02:23.003538,DB3,38.75867036515644,86.82239091499581,21.213882267759004,0.5558165251177172,0,0
2025-12-27 03:03:23.003538,FW1,78.84007681582808,64.50064687706875,25.411737773183425,0.608295525134281,0,0
2025-12-27 03:04:23.003538,DB1,63.870441651570054,57.51997197216022,34.85435738471798,0.6027131954923886,0,0
2025-12-27 03:05:23.003538,SW10,85.97090660789645,95.62623829377604,30.831840878298433,0.28708009553957625,0,0
2025-12-27 03:06:23.003538,APP4,70.69014227372362,105.11377105098526,31.102362703738137,0.6648766855265732,0,0
2025-12-27 03:07:23.003538,FW2,66.87109493143532,91.7547184577692,18.87792804720247,0.4477001113936561,0,0
2025-12-27 03:08:23.003538,APP1,69.50735430087828,82.03290572230607,30.09939276032287,0.6299256506887859,0,0
2025-12-27 03:09:23.003538,APP9,63.385070028353695,35.834683993414544,38.67025081240095,0.6487257663442911,0,0
2025-12-27 03:10:23.003538,APP2,125.11984400261231,56.692659526310294,19.792622324915847,0.3323131201715336,0,0
2025-12-27 03:11:23.003538,APP12,91.40004827937878,80.92305505576968,31.690825503685815,0.48710814286829596,0,0
2025-12-27 03:12:23.003538,SW5,79.77360065656998,88.64882721251956,14.142096866446733,0.5845454227445491,0,0
2025-12-27 03:13:23.003538,APP4,64.7969621743324,43.55647130023151,34.88122070950776,0.5199113388525546,0,0
2025-12-27 03:14:23.003538,DB4,74.90242457278232,60.512307746588405,21.885033925161103,0.38501174434935165,0,0
2025-12-27 03:15:23.003538,APP15,74.91693846270518,85.80369969808629,15.268229748509183,0.6713784663189633,0,0
2025-12-27 03:16:23.003538,APP10,98.60477486077053,78.89347506375458,25.471717345718222,0.31436731803588114,0,0
2025-12-27 03:17:23.003538,SW7,98.37275419212432,89.86804031402124,22.286147304034078,0.39348232080480594,0,0
2025-12-27 03:18:23.003538,R2,85.28221524727033,89.98024961237516,36.617459097320136,0.6211937296672814,0,0
2025-12-27 03:19:23.003538,SW2,518.0174611263657,143.09637343671952,50.36500966478233,2.385346934766632,1,1
2025-12-27 03:20:23.003538,SW5,67.84698440712371,53.270747126940606,22.397751083218797,0.7943992472248527,0,0
2025-12-27 03:21:23.003538,DB3,65.09018431372496,100.18645313580942,35.486664399350445,0.29021930934257956,0,0
2025-12-27 03:22:23.003538,R1,61.78081654504044,65.65710606757858,29.40842698306615,0.9544887286218977,0,0
2025-12-27 03:23:23.003538,R2,100.39062558192558,68.72607972216545,21.992834417706938,0.7183305410200455,0,0
2025-12-27 03:24:23.003538,APP8,85.92638351655278,49.21565619361719,29.854651476775867,0.5344326389679988,0,0
2025-12-27 03:25:23.003538,SW7,88.67554695892139,59.42206689509146,26.957169566884364,0.9786112662298663,0,0
2025-12-27 03:26:23.003538,R3,82.60473966568524,70.18934128837601,18.37467566359212,0.30289009382690646,0,0
2025-12-27 03:27:23.003538,APP11,59.416072542535204,61.65387294179974,17.520218075153572,0.4498446679456763,0,0
2025-12-27 03:28:23.003538,SW9,55.498035075970535,97.48116349335123,22.38399331415177,0.2993667774122264,0,0
2025-12-27 03:29:23.003538,APP5,103.71241019548383,64.54867625428804,24.31907523559276,0.5584173579672354,0,0
2025-12-27 03:30:23.003538,SW9,73.86878454627968,91.90528538777144,9.951991243916416,0.8916048981442319,0,0
2025-12-27 03:31:23.003538,APP4,465.0434608430266,256.31253619329374,227.7236197187867,1.3042835077036719,2,1
2025-12-27 03:32:23.003538,APP13,100.70733248571955,111.95875834842214,20.988660315641503,0.7179208826656263,0,0
2025-12-27 03:33:23.003538,APP1,68.91584589246406,72.83556006572984,47.795613519222705,0.5888661768406147,0,0
2025-12-27 03:34:23.003538,SW10,64.45122433399611,76.94975380495906,23.650855764725055,0.5828804154529732,0,0
2025-12-27 03:35:23.003538,SW7,108.11782966865454,55.68095766157824,35.961987417519325,0.7507418904269114,0,0
2025-12-27 03:36:23.003538,R2,94.07793580255321,93.42163779508887,20.16000618508326,0.7724461653405283,0,0
2025-12-27 03:37:23.003538,R2,54.83031633294149,87.48261731826102,20.892560857669668,0.3845947762176424,0,0
2025-12-27 03:38:23.003538,APP11,81.29845084117382,77.77487432684192,32.714734090703764,0.9114776597218995,0,0
2025-12-27 03:39:23.003538,APP11,102.98958468263254,94.30354079309853,16.48818288386473,0.45578057446409637,0,0
2025-12-27 03:40:23.003538,DB1,71.18996592772014,45.70302657025581,25.485325489762886,0.7288857671435622,0,0
2025-12-27 03:41:23.003538,APP8,93.14887020287225,68.99247634770863,16.124537957358,0.47144409722664204,0,0
2025-12-27 03:42:23.003538,DB1,76.93225398906438,79.08497232958123,26.88500205422291,0.3553151688701258,0,0
2025-12-27 03:43:23.003538,DB2,103.52707121046666,5.923866076597008,36.14942071342236,0.43867673257907386,0,0
2025-12-27 03:44:23.003538,APP1,70.78761561721176,50.84940510778162,19.60332694467261,0.8893737872700129,0,0
2025-12-27 03:45:23.003538,DB5,74.3898098745005,67.62230086557344,35.62723722094692,0.7300794227867561,0,0
2025-12-27 03:46:23.003538,APP7,64.23953799172325,80.39995887789243,32.21038594434472,0.7001062555886172,0,0
2025-12-27 03:47:23.003538,APP14,100.82814081758988,68.55280672313673,9.872451762739269,0.3771638238349313,0,0
2025-12-27 03:48:23.003538,SW7,55.30347058833952,97.45552885243576,11.570694445659607,0.2862658528986328,0,0
2025-12-27 03:49:23.003538,SW4,91.15331972453983,71.50360745869264,41.559830355698544,0.4206755509500528,0,0
2025-12-27 03:50:23.003538,FW2,70.81070540074812,81.16469655074965,15.740493075939892,0.2764032556032483,0,0
2025-12-27 03:51:23.003538,APP2,80.78258201450005,79.43824175230156,14.337487519159652,0.47504480234245733,0,0
2025-12-27 03:52:23.003538,APP12,60.44478333993153,47.730646934123456,25.763757267430186,0.9572980331811687,0,0
2025-12-27 03:53:23.003538,FW3,77.81553087105621,65.97595326660026,12.989079868437269,0.8970548054030988,0,0
2025-12-27 03:54:23.003538,DB1,92.68290630448634,70.70711517908599,30.275940033821872,0.5107944587493326,0,0
2025-12-27 03:55:23.003538,FW1,41.21713979280801,88.71575165860108,10.231571635693822,0.6721588270124127,0,0
2025-12-27 03:56:23.003538,APP8,75.62662814793426,41.95780975497699,38.46407147328031,0.28952141200273845,0,0
2025-12-27 03:57:23.003538,APP15,77.87495761186051,106.85524742203467,44.744617579383636,0.44827877961418794,0,0
2025-12-27 03:58:23.003538,APP4,97.41395662088689,77.3205774732366,30.80658796683732,0.4305808016953484,0,0
2025-12-27 03:59:23.003538,APP14,83.10500278330179,111.87894925693456,32.066738433698134,0.48419476693608265,0,0
2025-12-27 04:00:23.003538,APP14,69.92723447528181,68.58105081314342,30.688083807290056,0.3370128517886595,0,0
2025-12-27 04:01:23.003538,APP5,75.4158932808033,131.45999341768672,30.567779374158963,0.37389353226833266,0,0
2025-12-27 04:02:23.003538,R1,84.1312029147288,97.15357613262105,13.16083082141522,0.565804461023896,0,0
2025-12-27 04:03:23.003538,SW4,54.37388806480388,76.84396088994974,6.496649158079492,1.0149481487551073,0,0
2025-12-27 04:04:23.003538,R3,92.51352694936114,89.52421791478322,16.55642488422145,0.5576999436408809,0,0
2025-12-27 04:05:23.003538,DB4,99.59323476455052,97.61684687657882,32.10078905097998,0.4792558431171493,0,0
2025-12-27 04:06:23.003538,APP3,96.90354446242596,76.7348322618218,32.542947100823746,0.1080028090545545,0,0
2025-12-27 04:07:23.003538,SW3,96.19851446119243,107.35144881909908,29.948054104743875,0.5619211995362317,0,0
2025-12-27 04:08:23.003538,APP2,65.40149030040156,83.07310734650694,5.539863754107802,0.6440585993283213,0,0
2025-12-27 04:09:23.003538,SW2,94.75301093615187,63.57627520012828,27.37941237190217,0.5739284451823753,0,0
2025-12-27 04:10:23.003538,SW9,78.56584140040485,91.07969621468816,33.73997395885665,0.8834370021432736,0,0
2025-12-27 04:11:23.003538,DB1,48.719506009708745,84.33737614820018,38.20374238382324,0.499756011582812,0,0
2025-12-27 04:12:23.003538,R2,82.08250118435964,66.6360659367567,21.447030429537538,0.3098559435350059,0,0
2025-12-27 04:13:23.003538,FW2,622.3140349156911,273.0737890935926,143.0469290204938,3.783539039945069,2,1
2025-12-27 04:14:23.003538,APP8,62.93463303796635,84.74816847554777,10.777299857621006,0.30309811979466406,0,0
2025-12-27 04:15:23.003538,APP4,73.27368328598823,76.51713679980261,12.736748111273384,0.32285146078963534,0,0
2025-12-27 04:16:23.003538,DB3,110.10725447012385,91.25014583241746,23.495948092739138,0.9455495877138983,0,0
2025-12-27 04:17:23.003538,SW5,68.42062309296226,91.50916927005716,32.614439256643884,0.2267391610099902,0,0
2025-12-27 04:18:23.003538,R2,58.61143872263652,112.22940399514309,16.3684272461446,0.3747217849326755,0,0
2025-12-27 04:19:23.003538,APP11,76.1035510982466,87.76317617331068,32.04007592292535,0.8550424571140334,0,0
2025-12-27 04:20:23.003538,APP12,82.9316265328956,83.74482798552313,32.859535385291714,0.09865044790722938,0,0
2025-12-27 04:21:23.003538,SW10,108.31642877869385,50.568579441048236,24.858909412979113,0.4442460979929495,0,0
2025-12-27 04:22:23.003538,SW5,110.56879922118632,60.79168843159299,30.29591543417669,0.5456278752267527,0,0
2025-12-27 04:23:23.003538,SW10,114.49685386723993,103.16474728614325,26.723554820428106,0.5842554143875435,0,0
2025-12-27 04:24:23.003538,APP4,77.7945593243873,99.14691183587797,20.412021007956216,0.4659801259873729,0,0
2025-12-27 04:25:23.003538,APP11,354.60131955004397,89.04815839025756,94.55892995400616,4.151586439607206,1,1
2025-12-27 04:26:23.003538,APP5,78.780988785774,80.92361042252016,21.682882208927733,0.5895856481166208,0,0
2025-12-27 04:27:23.003538,DB5,103.37591072517377,105.11236908662468,26.430612682608558,0.750852105490706,0,0
2025-12-27 04:28:23.003538,SW8,67.01018930038134,92.28532264560702,26.68569948710229,0.40249326518635625,0,0
2025-12-27 04:29:23.003538,DB5,90.17563656869319,63.784954071035095,24.776969184901354,0.6203660616747954,0,0
2025-12-27 04:30:23.003538,SW3,103.0344411532982,65.59814306110317,36.31644337625468,0.6392610002312226,0,0
2025-12-27 04:31:23.003538,FW2,65.09004474344286,53.37732469748655,38.31655727895793,0.8602731782820039,0,0
2025-12-27 04:32:23.003538,SW7,97.26569494809351,72.86094377796766,9.02429446901662,0.7807875781447318,0,0
2025-12-27 04:33:23.003538,APP8,127.56150894385416,62.29154791251248,41.38368414857946,0.8123305441546477,0,0
2025-12-27 04:34:23.003538,SW4,93.46584738558984,96.57142859482256,23.208314075902088,0.5799387262250857,0,0
2025-12-27 04:35:23.003538,APP13,79.3611489426211,77.09959065437546,25.725724521574165,0.41157192009568005,0,0
2025-12-27 04:36:23.003538,DB4,78.86534267284357,112.08578369450976,37.412869919106555,0.3830917636359832,0,0
2025-12-27 04:37:23.003538,SW9,93.97130981066087,74.07730772006224,31.78733349822434,0.5874690064208936,0,0
2025-12-27 04:38:23.003538,APP15,102.44885497713648,98.54765110393448,27.994819499736263,0.5388445422329883,0,0
2025-12-27 04:39:23.003538,APP8,114.62833971942757,79.25655262546762,17.147443952685798,0.3845299451842032,0,0
2025-12-27 04:40:23.003538,DB4,50.42972457282437,74.974409792613,32.36079600647135,0.41456719186975033,0,0
2025-12-27 04:41:23.003538,SW7,85.61752402698284,79.2902157170349,23.07104644098954,0.7891918392430881,0,0
2025-12-27 04:42:23.003538,DB1,88.58327667647694,78.28601208721408,43.451793213836964,0.6609778155072442,0,0
2025-12-27 04:43:23.003538,APP11,91.1751039036716,96.91916387691282,10.138161810844945,0.6041151062412351,0,0
2025-12-27 04:44:23.003538,SW6,86.25606857333139,76.39874676339386,20.400304674898866,0.43518961476220314,0,0
2025-12-27 04:45:23.003538,SW7,84.71037215220723,65.10361542320338,39.002954730070556,0.7403031812338869,0,0
2025-12-27 04:46:23.003538,R2,81.57679490275358,69.13969615998899,26.057727603889827,0.38617844483386876,0,0
2025-12-27 04:47:23.003538,APP2,69.25390324864331,67.79406418337733,33.024247264853464,0.352213079901664,0,0
2025-12-27 04:48:23.003538,FW3,82.6039425230666,96.42730147601932,20.62741322516368,0.34900883134364036,0,0
2025-12-27 04:49:23.003538,FW3,572.0958704874439,145.1114055939841,100.84510022582079,3.5257484733855455,1,1
2025-12-27 04:50:23.003538,SW3,71.26841944220759,76.99222506817884,30.04284969416132,0.3538344969004579,0,0
2025-12-27 04:51:23.003538,SW1,86.56983290724027,68.41708072183474,18.02252315469096,0.35202279233451306,0,0
2025-12-27 04:52:23.003538,SW6,631.7830224025104,104.13503667551788,175.7851818393974,2.3018680490515813,2,1
2025-12-27 04:53:23.003538,SW6,71.77382441007074,72.70027482900602,4.314752361576261,0.723548614467174,0,0
2025-12-27 04:54:23.003538,SW4,108.68964645035976,95.87927524925581,23.608904367089554,0.7234309802884491,0,0
2025-12-27 04:55:23.003538,APP10,389.354095379696,417.79423319323513,42.75340701063033,3.1550907729779176,1,1
2025-12-27 04:56:23.003538,APP1,35.57599655465289,75.92925954541806,20.385425250069236,0.29266812945743814,0,0
2025-12-27 04:57:23.003538,APP9,106.66564242838658,48.9712106920052,33.6007759007269,0.4723211947172765,0,0
2025-12-27 04:58:23.003538,DB3,120.17530131807419,73.80930676141956,35.0504970759727,0.8374653023789775,0,0
2025-12-27 04:59:23.003538,SW5,91.83450789619482,46.54599869794596,23.735240010735872,0.7541588801333772,0,0
2025-12-27 05:00:23.003538,FW2,100.6370949692993,63.555341025421626,2.7582010469452953,1.0863723766103077,0,0
2025-12-27 05:01:23.003538,SW5,68.14452325675107,86.09242737146998,13.428072404101677,0.42795788027248,0,0
2025-12-27 05:02:23.003538,APP14,84.02649059191579,92.94968961272646,31.914155373739455,0.46470509150023015,0,0
2025-12-27 05:03:23.003538,SW7,56.49612284004119,101.87116031929119,25.488949875525872,0.545253502635884,0,0
2025-12-27 05:04:23.003538,APP8,69.33139304779384,128.6177233599986,33.558959312625106,0.29420655933682227,0,0
2025-12-27 05:05:23.003538,SW9,74.48927762459157,56.5738462802676,14.69314532310703,0.19689295448447452,0,0
2025-12-27 05:06:23.003538,APP14,73.63133287199123,81.05310770923234,28.582577238851016,0.8195421126288265,0,0
2025-12-27 05:07:23.003538,SW9,35.71433306912944,107.49422449297847,30.512597802296263,0.4022157946240415,0,0
2025-12-27 05:08:23.003538,DB1,66.22175741646308,96.38740519243424,11.656605870800515,0.4049765929874297,0,0
2025-12-27 05:09:23.003538,APP13,97.4826702490516,54.021077454848246,35.465426694283344,0.24982988717566995,0,0
2025-12-27 05:10:23.003538,FW2,78.56644764177594,71.36825789804301,32.7695156286127,0.40776581108354687,0,0
2025-12-27 05:11:23.003538,FW2,86.09827418650409,66.24333733175209,32.1579484668898,0.5599418110965529,0,0
2025-12-27 05:12:23.003538,SW4,590.5065796998449,230.23481827516434,110.56764179359328,2.392687039287083,1,1
2025-12-27 05:13:23.003538,R2,84.11378211926225,57.35610163369242,36.64342233486359,0.4127500299719234,0,0
2025-12-27 05:14:23.003538,SW6,79.96289617661556,73.91066837730784,21.774407541649886,0.35102834208746625,0,0
2025-12-27 05:15:23.003538,SW2,712.7345288837986,260.8792931875772,128.26028729124576,3.0047916870119633,2,1
2025-12-27 05:16:23.003538,SW4,95.35247812981156,66.95775289533641,17.691109952247793,0.5859963088685382,0,0
2025-12-27 05:17:23.003538,SW9,106.69341035480639,80.45489343846006,35.33743354770799,0.07496731645868199,0,0
2025-12-27 05:18:23.003538,APP13,69.41490185447155,47.02925989537684,4.982238950228272,0.3423961810091034,0,0
2025-12-27 05:19:23.003538,APP6,76.91008923555349,77.89420128330572,43.78626701850179,0.5622938184943573,0,0
2025-12-27 05:20:23.003538,FW2,64.55593700151631,81.40694345582682,14.314298149553888,0.5495871358317196,0,0
2025-12-27 05:21:23.003538,APP1,536.0140363246925,303.91414835166614,190.91094752037662,2.7927503559268603,2,1
2025-12-27 05:22:23.003538,SW7,69.46595619664694,100.33135070772735,17.51901591772388,0.35215643646079253,0,0
2025-12-27 05:23:23.003538,R3,95.92864801774566,74.40364469039119,23.83733545048591,0.9898432778172693,0,0
2025-12-27 05:24:23.003538,APP11,88.94373022632625,79.2468349234796,26.76924618540272,0.6595257957936457,0,0
2025-12-27 05:25:23.003538,DB1,60.36906632654522,111.2257658315249,8.619851322655471,0.8463337497935934,0,0
2025-12-27 05:26:23.003538,APP13,92.38668304074275,72.07649649340962,23.893570739366872,0.7641435860283172,0,0
2025-12-27 05:27:23.003538,DB1,79.16481984705085,86.94743688893018,30.43793289152323,0.00615519432299938,0,0
2025-12-27 05:28:23.003538,APP13,95.90538511656048,78.4042184162948,24.07591551920103,0.473544239730313,0,0
2025-12-27 05:29:23.003538,APP5,82.71519651123273,104.12148111326597,21.78338637754889,0.3466696027093864,0,0
2025-12-27 05:30:23.003538,APP5,61.94025113256157,88.29135318559172,32.668672416769745,0.5385811109222579,0,0
2025-12-27 05:31:23.003538,SW8,103.10964678843838,59.700741066036116,14.321960439540193,0.6328850510924852,0,0
2025-12-27 05:32:23.003538,DB4,79.4350447674673,83.10178119730101,42.11532967522972,0.49612812382822374,0,0
2025-12-27 05:33:23.003538,R2,83.79800633487667,81.20865931858272,18.57615029431755,0.49204780160057693,0,0
2025-12-27 05:34:23.003538,APP2,100.75443169539219,65.3704469327738,19.391271878167935,0.3460541020255739,0,0
2025-12-27 05:35:23.003538,SW2,82.37014417460402,106.25777430049894,32.216535716157615,0.5515204633542073,0,0
2025-12-27 05:36:23.003538,SW7,113.28218480119556,74.40035849376038,28.378909408765885,0.4640695564128052,0,0
2025-12-27 05:37:23.003538,DB5,66.6602391774543,98.1034105267589,23.000560992444314,0.6839093784957414,0,0
2025-12-27 05:38:23.003538,APP12,87.08784983602006,62.368177640134206,31.732204857792908,0.3342136828134029,0,0
2025-12-27 05:39:23.003538,SW9,54.5424637580688,91.627668923084,10.930880195231648,0.46996367928085114,0,0
2025-12-27 05:40:23.003538,APP5,75.02865320020932,64.22526990618421,13.238327992903635,0.218853496019684,0,0
2025-12-27 05:41:23.003538,APP1,83.02727450846304,70.36965602861724,32.68462338048616,0.5819486776934703,0,0
2025-12-27 05:42:23.003538,APP10,64.61049027074435,40.92632747544881,39.38828606719474,0.7336997761319415,0,0
2025-12-27 05:43:23.003538,FW2,70.44987726757802,70.3152780017599,33.71309140176284,0.503008711673174,0,0
2025-12-27 05:44:23.003538,SW7,70.04784261046288,81.08427798603111,20.111333172272037,0.5682321106726126,0,0
2025-12-27 05:45:23.003538,APP8,95.08605417093248,44.018560295311694,20.66071857948729,0.6242180260849555,0,0
2025-12-27 05:46:23.003538,SW5,57.59781198590444,53.58748890201517,47.63847488804643,0.07244929169711262,0,0
2025-12-27 05:47:23.003538,SW2,103.74112983493673,86.39228591352308,0.3128277693667698,0.5024386146925272,0,0
2025-12-27 05:48:23.003538,DB5,53.60081089021527,94.36581759784775,35.68704601394394,0.8096913356677962,0,0
2025-12-27 05:49:23.003538,SW6,103.97724732996338,70.50718366397157,23.743159201554334,0.6344954727117931,0,0
2025-12-27 05:50:23.003538,SW8,89.80836401828404,74.60648562232328,10.604244871515506,0.23917482555907454,0,0
2025-12-27 05:51:23.003538,DB4,208.62237194747416,195.3472569952413,140.8685111132909,2.824887170150378,2,1
2025-12-27 05:52:23.003538,APP12,85.84436257545313,98.87480931570553,4.695191223999181,0.6840405464468963,0,0
2025-12-27 05:53:23.003538,APP15,167.58267197429916,156.4572529784071,59.550314231890546,2.016449133480169,3,1
2025-12-27 05:54:23.003538,FW1,96.42957337259804,54.0670645505981,17.789411753507352,0.5047248862293465,0,0
2025-12-27 05:55:23.003538,APP5,81.58924693221428,50.58403264255567,6.287356192119077,0.8117856703757917,0,0
2025-12-27 05:56:23.003538,APP12,320.305054737313,372.22181261870094,6.89018659875331,3.140513519118165,1,1
2025-12-27 05:57:23.003538,APP13,82.77227032917517,38.91522682642957,34.556427349153324,0.5569647718012295,0,0
2025-12-27 05:58:23.003538,R3,116.85981472627634,48.63666897759366,19.107588579495467,0.4195576167523451,0,0
2025-12-27 05:59:23.003538,DB2,61.375125875314076,116.68832555509141,36.74095444842822,0.2723159487662283,0,0
2025-12-27 06:00:23.003538,DB4,64.2921033106579,86.59957211851031,27.86338891389737,0.5828515384965587,0,0
2025-12-27 06:01:23.003538,SW7,257.4096541370367,382.3748294423085,80.46752993001029,3.5851346722480724,3,1
2025-12-27 06:02:23.003538,APP10,81.07656700185701,59.96661314763653,15.335241746494196,0.03792740934334665,0,0
2025-12-27 06:03:23.003538,DB4,83.9601099713349,70.79878598419566,17.79504799618453,0.3257678297138972,0,0
2025-12-27 06:04:23.003538,SW6,83.04636314431251,71.6290165660846,14.770202447152469,0.3101861814318762,0,0
2025-12-27 06:05:23.003538,APP13,90.99524813303293,87.51288693157679,18.268219003629945,0.43214941566426435,0,0
2025-12-27 06:06:23.003538,FW1,71.67033787262484,90.26036260377614,37.596676567145735,0.19248490690127473,0,0
2025-12-27 06:07:23.003538,DB1,66.92382423694707,103.26654553407714,37.861716835788755,0.365799239555042,0,0
2025-12-27 06:08:23.003538,FW3,54.9654454135803,68.80497074609572,35.43617559865169,0.3435576516664084,0,0
2025-12-27 06:09:23.003538,FW1,98.15141314422263,101.5466748054521,23.880079369966854,0.5608770479630705,0,0
2025-12-27 06:10:23.003538,DB5,82.27164608668429,60.745333816316155,30.82256387170895,0.8731569949853308,0,0
2025-12-27 06:11:23.003538,SW2,254.35687989353085,290.5349868513382,229.0462964090667,2.427824336977501,2,1
2025-12-27 06:12:23.003538,DB2,178.77266504299553,278.4936250525706,198.65054049106746,1.70423579367867,2,1
2025-12-27 06:13:23.003538,FW3,128.86877164036088,82.20813734537775,24.77335651954773,0.7521849816541419,0,0
2025-12-27 06:14:23.003538,DB1,40.68807236884307,66.00710465004941,28.930334479116805,0.4399560469027308,0,0
2025-12-27 06:15:23.003538,APP1,34.52821667225906,94.96233980501563,22.81044357107847,0.4267371946531488,0,0
2025-12-27 06:16:23.003538,APP8,98.51460580827907,77.66772993544204,13.145706324853364,0.49549900365881117,0,0
2025-12-27 06:17:23.003538,DB1,75.66478284733668,91.55215881173747,-3.2483162164977557,0.5688200585452702,0,0
2025-12-27 06:18:23.003538,SW7,101.24440127186736,69.96048042883955,29.27904871647949,0.028264855618233442,0,0
2025-12-27 06:19:23.003538,DB1,120.4321038289913,61.329491969794375,28.456904216146143,0.38643173801544367,0,0
2025-12-27 06:20:23.003538,R2,269.93000786274547,392.04918162937884,207.31892292848792,3.418484758119014,2,1
2025-12-27 06:21:23.003538,SW4,58.909386117938155,103.14859566091451,12.364779569728954,0.6880524140788,0,0
2025-12-27 06:22:23.003538,SW5,65.47627443366346,109.0450301681221,24.881056715871946,0.8177570735520587,0,0
2025-12-27 06:23:23.003538,SW5,76.67435300886603,101.65786036638207,47.4009668530424,0.9638179821261583,0,0
2025-12-27 06:24:23.003538,APP3,90.63778458614422,71.97215382142305,36.968672188367,0.7344397970612402,0,0
2025-12-27 06:25:23.003538,FW2,96.72928912068483,62.95847985259999,40.67066601786989,0.6554617365828231,0,0
2025-12-27 06:26:23.003538,APP1,41.9069594388333,102.66729318132245,28.58106186591582,0.010161714962391488,0,0
2025-12-27 06:27:23.003538,SW3,68.28831324801551,92.00004557249355,36.2116386162428,0.5475239040255732,0,0
2025-12-27 06:28:23.003538,APP7,94.59890806368847,85.1697194846286,25.400375327261674,0.4205787363235413,0,0
2025-12-27 06:29:23.003538,DB5,99.54575439694239,82.08271723547884,18.849977532531483,1.0490516089701742,0,0
2025-12-27 06:30:23.003538,APP10,99.46150919126032,78.09784883131066,39.432362652042656,0.26679515955839694,0,0
2025-12-27 06:31:23.003538,DB1,109.2318182430649,95.44921476322945,33.34118124352897,0.4972874102930967,0,0
2025-12-27 06:32:23.003538,APP1,81.91532772208758,58.41527866462039,31.332906386987435,0.6876376189977392,0,0
2025-12-27 06:33:23.003538,SW8,77.8597075758551,68.84612376310909,24.146594828430985,0.7308549708641103,0,0
2025-12-27 06:34:23.003538,APP2,68.21588878827816,52.15855704234212,23.27745481015907,0.5359009087164137,0,0
2025-12-27 06:35:23.003538,APP8,107.80020445491758,75.84147482680933,32.35236624748496,0.5250297327076986,0,0
2025-12-27 06:36:23.003538,SW1,34.24121613510544,45.983350177215215,12.008726947277497,0.5848189572056455,0,0
2025-12-27 06:37:23.003538,FW2,45.812852274899,64.22492807316208,21.685787151806647,0.5668968105202546,0,0
2025-12-27 06:38:23.003538,FW1,94.41824972933392,73.85201566814901,35.57362475993088,0.06238184757092663,0,0
2025-12-27 06:39:23.003538,APP11,116.88991186458878,153.31266976412522,12.361237571056954,2.279459620302551,3,1
2025-12-27 06:40:23.003538,SW7,87.077078605528,90.54014313535215,13.521930746767055,0.7313436073191641,0,0
2025-12-27 06:41:23.003538,SW9,68.44293178202084,72.83000930193445,18.716029830295366,0.549068467086085,0,0
2025-12-27 06:42:23.003538,APP7,72.23548621494575,69.99424708239341,11.438665056851613,0.47151624604360026,0,0
2025-12-27 06:43:23.003538,DB2,88.347564139844,394.0927271559831,113.12187818656025,1.3306067493729454,3,1
2025-12-27 06:44:23.003538,APP3,74.08536994608129,79.17800628188408,21.503869939955177,0.34551244736338127,0,0
2025-12-27 06:45:23.003538,SW8,33.568646420790095,80.44747569803943,-1.8805407756831052,0.26491078801164947,0,0
2025-12-27 06:46:23.003538,DB5,64.81414474285268,63.33563833789982,15.334110667637143,0.543974658042741,0,0
2025-12-27 06:47:23.003538,APP6,58.27681527060657,86.67783463776732,34.66017664803089,0.4754361916160387,0,0
2025-12-27 06:48:23.003538,APP11,79.07268533036073,97.89361479984035,14.680722460897105,0.4338233004611219,0,0
2025-12-27 06:49:23.003538,APP15,109.5552990901864,79.03608128999467,13.525664605109952,0.6722352772325898,0,0
2025-12-27 06:50:23.003538,DB2,73.51695566860081,68.32515935346032,33.59252793510574,0.5620001008072728,0,0
2025-12-27 06:51:23.003538,R1,83.47715569572031,96.87454984251212,39.614106978490554,0.2721555754490168,0,0
2025-12-27 06:52:23.003538,APP6,49.93827150680001,40.44946938129255,31.295577493878834,0.41223480867566625,0,0
2025-12-27 06:53:23.003538,APP14,81.3366116110101,72.21204031867387,34.16198952987986,0.05860042929098702,0,0
2025-12-27 06:54:23.003538,APP12,80.65596768536477,91.30523780599582,26.23463157145562,0.42703445505266374,0,0
2025-12-27 06:55:23.003538,DB1,68.0495343309344,97.60817603986202,50.266059185682494,0.3588024533387373,0,0
2025-12-27 06:56:23.003538,SW5,154.46767644862445,360.3625142670774,154.85098700722355,1.7464614655669755,2,1
2025-12-27 06:57:23.003538,APP7,146.4733423594548,271.9089193479972,146.37676370809857,3.2110286535386297,2,1
2025-12-27 06:58:23.003538,DB4,72.88625243469926,79.52347127715302,29.333843233340467,0.3128442777657876,0,0
2025-12-27 06:59:23.003538,APP9,80.96880783473227,82.99158491020809,19.775753426613562,0.5004170385294427,0,0
2025-12-27 07:00:23.003538,APP1,75.94617686929008,72.7694905025476,28.014594674763607,0.7257919919445848,0,0
2025-12-27 07:01:23.003538,DB4,96.52658798425799,78.39358681725852,28.04574296427813,0.30539464106471903,0,0
2025-12-27 07:02:23.003538,APP2,47.049096922446545,99.49176527037656,21.83615565078339,0.4666899757614464,0,0
2025-12-27 07:03:23.003538,APP12,93.34344685175907,50.124420157682856,25.17615936467121,0.5236157703064014,0,0
2025-12-27 07:04:23.003538,R3,77.22487275395822,67.3082672230125,26.360236235726838,0.5672357457459732,0,0
2025-12-27 07:05:23.003538,DB4,85.097458130949,96.25419271684065,15.940446683297477,0.4232958460645832,0,0
2025-12-27 07:06:23.003538,APP2,101.1696384161722,67.06847918958731,31.87158847877101,0.3948757931202626,0,0
2025-12-27 07:07:23.003538,APP10,59.64322392120557,83.54891451665985,29.48245758044962,0.40191892495759757,0,0
2025-12-27 07:08:23.003538,APP5,81.02088417100033,60.72634226831321,26.32837450010643,0.3910541766055666,0,0
2025-12-27 07:09:23.003538,FW2,90.6211940208504,61.59009729856508,16.938514330676746,0.4746030978360614,0,0
2025-12-27 07:10:23.003538,APP5,87.37838396273253,70.59101029177538,29.0722352462635,0.3482893857916428,0,0
2025-12-27 07:11:23.003538,APP12,74.65561243984037,73.46100812235916,18.65777861323626,0.2983528523126272,0,0
2025-12-27 07:12:23.003538,SW7,92.8543469651263,52.51673511678354,41.13072809340474,0.6861921913082698,0,0
2025-12-27 07:13:23.003538,APP6,69.92227163038297,99.25416385876977,23.05398196434128,0.5466228568015573,0,0
2025-12-27 07:14:23.003538,DB1,71.69439746034843,86.95795283575097,18.96957497687646,0.11303005304717822,0,0
2025-12-27 07:15:23.003538,APP5,68.0789828100836,58.14772424643732,40.241797995519505,0.34290287265487207,0,0
2025-12-27 07:16:23.003538,APP14,64.6962144134333,80.0037565716507,42.34552679291755,0.4766120878808508,0,0
2025-12-27 07:17:23.003538,APP10,69.48002042159388,94.18662211110279,26.596759715535356,0.6112368384520614,0,0
2025-12-27 07:18:23.003538,APP15,81.48738024293235,82.35199030637807,29.583222362781243,0.46684133376921844,0,0
2025-12-27 07:19:23.003538,DB2,86.64463309594649,68.55312838892846,17.08346963141398,0.5906055855999217,0,0
2025-12-27 07:20:23.003538,APP15,77.68218235758874,80.58329894542949,24.415640986858556,0.4665920809569997,0,0
2025-12-27 07:21:23.003538,FW3,73.49832242583656,74.45613224614571,28.86931630508689,0.5926414986990712,0,0
2025-12-27 07:22:23.003538,SW1,77.46011167506877,100.60698879363842,30.928270857037948,0.5928363906243268,0,0
2025-12-27 07:23:23.003538,APP12,70.01637299023865,94.35654840444921,28.473397326107325,0.19487715127225785,0,0
2025-12-27 07:24:23.003538,APP12,97.35678380378864,86.15052949455897,19.395940261036174,0.9125047230926542,0,0
2025-12-27 07:25:23.003538,DB5,65.82832840756178,71.28107363957308,21.033397943868998,0.4601250381556231,0,0
2025-12-27 07:26:23.003538,R3,75.81105487567221,79.71491094517638,20.041035827420856,0.8354499902787083,0,0
2025-12-27 07:27:23.003538,FW2,82.99689799608444,97.59314709635827,12.751000773894175,0.16286297152140938,0,0
2025-12-27 07:28:23.003538,SW8,70.33448172277818,72.16748912190597,28.536073323022038,0.14527619545768872,0,0
2025-12-27 07:29:23.003538,APP15,70.41537633565686,100.56089840417617,18.641576234619556,0.7086304071404808,0,0
2025-12-27 07:30:23.003538,SW2,65.2329392706336,63.78963426173006,37.00309075050744,0.9223547393986214,0,0
2025-12-27 07:31:23.003538,APP9,74.29274498327636,117.47732444061391,26.669644928762104,0.5095168241795723,0,0
2025-12-27 07:32:23.003538,FW3,89.81716970137614,102.47170281955404,34.25700851926753,0.34009406250023444,0,0
2025-12-27 07:33:23.003538,APP14,94.88685050844293,57.11528294823555,4.656325431851972,0.23992362283942897,0,0
2025-12-27 07:34:23.003538,SW8,82.52034676123833,66.16317739584255,22.871871189121165,0.6447067423698369,0,0
2025-12-27 07:35:23.003538,APP13,80.52476553462219,91.29310131967199,10.106674989538966,0.48071252425135697,0,0
2025-12-27 07:36:23.003538,R2,71.00145363068164,89.71229616811448,21.9093883895118,0.6121879500803085,0,0
2025-12-27 07:37:23.003538,R1,114.07115252809396,96.63775924353561,11.816385979358216,0.944748745136984,0,0
2025-12-27 07:38:23.003538,DB2,78.0802899222112,72.66595888060104,32.683468074541224,0.7829657057387649,0,0
2025-12-27 07:39:23.003538,FW3,74.32686890286094,59.4448831998937,17.371791073469787,0.45782787366436534,0,0
2025-12-27 07:40:23.003538,DB2,49.10979409844839,76.00761884990115,31.55510270801097,0.5867458935170222,0,0
2025-12-27 07:41:23.003538,APP6,85.04758947229892,72.86984238433422,34.02480164057143,0.5072991318344626,0,0
2025-12-27 07:42:23.003538,FW1,66.65311368014787,91.15058750971704,18.547893119736813,0.729017968264157,0,0
2025-12-27 07:43:23.003538,APP12,75.98976615006397,67.30429636101447,16.089870855937797,0.20512785100868397,0,0
2025-12-27 07:44:23.003538,SW2,72.53046369770598,73.54570246873728,35.80424338150314,0.8263934110137586,0,0
2025-12-27 07:45:23.003538,R1,105.82496460720591,89.34170261708114,21.64531433233279,0.6168858928542423,0,0
2025-12-27 07:46:23.003538,SW10,57.560562335785235,89.74879245570087,2.6855745895389624,0.3845755300017589,0,0
2025-12-27 07:47:23.003538,APP3,90.44451320349428,72.13801846565794,24.50835032912557,0.2235385330178643,0,0
2025-12-27 07:48:23.003538,DB1,73.33948864544344,50.55834527669165,38.02413848985293,0.21235487082620752,0,0
2025-12-27 07:49:23.003538,SW3,90.19485644652647,93.13635507936158,17.994936463464793,0.8559939625262383,0,0
2025-12-27 07:50:23.003538,SW2,81.56216078958803,66.03373640998387,23.9515731701211,0.6870786707405693,0,0
2025-12-27 07:51:23.003538,R1,103.74522849026292,72.07469168111453,31.511326126223917,0.6426743723735768,0,0
2025-12-27 07:52:23.003538,SW7,106.64698368861512,79.57723891757308,25.195822314862674,0.2874770613790791,0,0
2025-12-27 07:53:23.003538,R2,83.25648697309755,55.93262754470834,42.98302943436673,0.5691545739124916,0,0
2025-12-27 07:54:23.003538,FW1,80.34550306184993,95.12606144318232,5.011706310779978,0.48035793232218393,0,0
2025-12-27 07:55:23.003538,APP7,84.58100136256493,78.56135090757182,31.887787860227302,0.6137357836060432,0,0
2025-12-27 07:56:23.003538,APP4,58.09907942720659,80.82671530074876,10.386467530821001,0.11870071701406071,0,0
2025-12-27 07:57:23.003538,R2,93.27266212636432,96.14122208513601,33.05576119248107,0.5463402042735441,0,0
2025-12-27 07:58:23.003538,APP1,74.90970067850762,73.8003649803539,30.281095698238722,0.5495565474277102,0,0
2025-12-27 07:59:23.003538,SW6,73.96654231230289,72.32983406662488,17.774409575131273,0.4893636931484818,0,0
2025-12-27 08:00:23.003538,SW7,61.921686343973924,81.1005653790291,40.60010778972809,0.4845133989043515,0,0
2025-12-27 08:01:23.003538,APP5,96.8855572832817,78.98744301921914,28.35798844737285,0.17246144289511744,0,0
2025-12-27 08:02:23.003538,DB3,84.33748506671691,55.556353597371114,13.942574763382837,0.7744179821727806,0,0
2025-12-27 08:03:23.003538,FW2,309.9946379744263,146.0311574553753,124.22718605359968,2.8324970261920592,2,1
2025-12-27 08:04:23.003538,APP3,103.22484473040817,85.54298223968149,12.976940859308275,0.839921369681949,0,0
2025-12-27 08:05:23.003538,SW10,42.17914913208041,88.7137323928088,24.07516260407962,0.7420493594306286,0,0
2025-12-27 08:06:23.003538,SW6,69.32351073252582,86.75850962590333,15.547083841481928,0.4924293283750808,0,0
2025-12-27 08:07:23.003538,APP6,77.40513411852864,96.76041617063434,35.333718226970504,0.8550752168679343,0,0
2025-12-27 08:08:23.003538,APP8,102.65220633231661,57.72949578706401,24.513496366433433,0.32039570221998104,0,0
2025-12-27 08:09:23.003538,R2,89.24510750559199,47.420927593477785,29.32718292390455,0.5169682465053653,0,0
2025-12-27 08:10:23.003538,APP12,103.78070658611963,55.08499567256135,6.21916005226235,0.35459342798190663,0,0
2025-12-27 08:11:23.003538,DB4,79.20882652913633,60.25647232327283,21.04659157712103,0.5926111281516209,0,0
2025-12-27 08:12:23.003538,FW2,105.96419576711152,107.88912517727198,20.848525185869732,0.7195475322903885,0,0
2025-12-27 08:13:23.003538,APP11,105.30717045599715,68.40593457644364,40.06496703921401,0.48075857854790904,0,0
2025-12-27 08:14:23.003538,APP13,80.29617914365845,81.82187504912147,29.549237752685958,0.5835462576618914,0,0
2025-12-27 08:15:23.003538,R1,102.38223544862493,64.65104389459594,26.798839664454558,0.4927415964161379,0,0
2025-12-27 08:16:23.003538,DB3,84.48066631084195,57.23158016367435,30.45947861316555,0.572774749570607,0,0
2025-12-27 08:17:23.003538,APP9,58.178689968600196,77.41218159508874,38.69593738392814,0.5102444393169492,0,0
2025-12-27 08:18:23.003538,FW2,72.44753813948863,56.080358557700364,28.10889840187458,0.4322219117604815,0,0
2025-12-27 08:19:23.003538,APP3,71.63047027361337,82.6386326261884,27.97294208233756,0.30113299555927,0,0
2025-12-27 08:20:23.003538,DB4,76.13259432878294,75.58111146160239,30.753007369623845,0.30805607678486097,0,0
2025-12-27 08:21:23.003538,DB3,71.7839522517697,72.66705510227868,23.255254708058583,0.7264904310940679,0,0
2025-12-27 08:22:23.003538,SW2,101.1428236896587,92.8829080835468,26.204528208063074,0.38798211671738475,0,0
2025-12-27 08:23:23.003538,APP4,54.43361270504914,82.90813623272109,31.87900477257397,0.38978139448800475,0,0
2025-12-27 08:24:23.003538,APP11,59.130948983443005,35.73014670110304,-2.890159541464911,0.036757503022395055,0,0
2025-12-27 08:25:23.003538,APP10,357.27131030163184,205.3431933213554,92.03680772699019,1.4978377004236498,1,1
2025-12-27 08:26:23.003538,APP13,439.20884232961237,333.4702961910392,63.459807720842846,2.611080253579754,1,1
2025-12-27 08:27:23.003538,SW5,72.02164657112775,69.72151753131638,18.341441989266173,0.8144662521905222,0,0
2025-12-27 08:28:23.003538,APP2,25.902186021500533,94.1594317128573,23.331742971491927,0.26854557928941414,0,0
2025-12-27 08:29:23.003538,SW3,87.43536908571264,49.243721829144036,24.24696650938317,0.6983408565147421,0,0
2025-12-27 08:30:23.003538,FW3,517.8912385937402,363.6925036290515,57.597514297511346,3.045740256871581,1,1
2025-12-27 08:31:23.003538,APP8,84.0294409364254,42.64119295853174,27.690415994791024,0.6299010721068002,0,0
2025-12-27 08:32:23.003538,DB5,70.10247767033279,78.45862322462992,29.55351493140201,0.3850377942611977,0,0
2025-12-27 08:33:23.003538,APP13,78.12206791074432,63.46371139746215,14.301722975912936,0.41448639583238645,0,0
2025-12-27 08:34:23.003538,SW7,95.1430882565524,64.42460072359668,18.35177899163694,0.41130178039664267,0,0
2025-12-27 08:35:23.003538,DB1,72.7600761819788,96.57985267356676,16.571680675812292,0.494013877179585,0,0
2025-12-27 08:36:23.003538,SW4,63.176729645360936,68.87037140350603,11.513870282684739,0.45212668241342835,0,0
2025-12-27 08:37:23.003538,FW1,176.35391280125856,166.39183584873922,253.46909980083703,2.1121670807330717,2,1
2025-12-27 08:38:23.003538,SW6,78.41346304381128,175.95905905683972,179.5468491829748,3.6868286980990037,2,1
2025-12-27 08:39:23.003538,APP8,121.77793700891036,66.25715339056943,21.010440409308405,0.32953866646957997,0,0
2025-12-27 08:40:23.003538,SW1,93.09089048734255,76.99997009731436,25.941629325449377,0.8290338596991043,0,0
2025-12-27 08:41:23.003538,DB5,74.4646706723538,61.15993812396508,11.409412366277934,0.527540018901666,0,0
2025-12-27 08:42:23.003538,SW5,53.463924357619256,50.662628742880514,54.86461714010504,0.4185576714994651,0,0
2025-12-27 08:43:23.003538,FW1,86.62353864960342,72.693042104994,18.9546861019136,0.4634825660856894,0,0
2025-12-27 08:44:23.003538,SW8,89.79383706880135,82.22623466303602,34.84531942963121,0.6137965882299958,0,0
2025-12-27 08:45:23.003538,APP8,92.27853443676777,79.3086543913515,29.877408402101704,0.6518277092033224,0,0
2025-12-27 08:46:23.003538,APP13,67.9841149405422,49.021431590342175,28.832344401576666,0.09239696064159142,0,0
2025-12-27 08:47:23.003538,SW6,105.33335726545289,80.49544843242263,36.56560462376481,0.733042277145708,0,0
2025-12-27 08:48:23.003538,DB3,129.49081066382513,193.50123441297234,106.17973420767915,1.2510486692786231,3,1
2025-12-27 08:49:23.003538,APP7,81.56379340399904,64.82276697050958,26.34191163740324,0.7905355531130362,0,0
2025-12-27 08:50:23.003538,APP4,105.02262985070529,77.69259740869225,9.006453653588347,0.869024125632101,0,0
2025-12-27 08:51:23.003538,APP3,91.87596291976413,78.75230628715383,38.0221032453381,0.49715177175783865,0,0
2025-12-27 08:52:23.003538,SW8,49.58006865548798,125.60352662294287,25.471407092962764,0.7966562850297132,0,0
2025-12-27 08:53:23.003538,APP3,74.63804197142947,84.69722774241797,22.103807936218228,0.7048091771235895,0,0
2025-12-27 08:54:23.003538,R3,86.30615440769115,66.19624899756576,23.873049328295124,0.46850058536831024,0,0
2025-12-27 08:55:23.003538,SW1,71.60671063002233,72.23740570228574,9.388279295592554,0.3907815038671867,0,0
2025-12-27 08:56:23.003538,DB2,89.89123457886802,72.07210426647278,38.0241998672681,0.6565837762147878,0,0
2025-12-27 08:57:23.003538,APP6,63.83693040004145,59.71812916766608,29.649427093124416,0.7160930413714751,0,0
2025-12-27 08:58:23.003538,FW1,61.75249656538385,79.33841531679423,12.634041085068246,0.6833087454987572,0,0
2025-12-27 08:59:23.003538,DB4,101.85219336214897,65.6600480690025,32.087602448881135,0.2194802983349476,0,0
2025-12-27 09:00:23.003538,APP7,120.07876387979627,87.34879291673673,18.125251527888242,0.6126424385203557,0,0
2025-12-27 09:01:23.003538,SW10,94.40144853848864,70.4608133341901,27.430019236352052,0.3147918719406029,0,0
2025-12-27 09:02:23.003538,DB1,89.70933898546441,88.60812243772294,23.845332724483832,0.34570490692648126,0,0
2025-12-27 09:03:23.003538,APP7,80.54611644010009,98.6290643721546,21.907092336521742,0.528462962739935,0,0
2025-12-27 09:04:23.003538,FW2,115.72361161346919,63.058671816613185,22.656483705038323,0.45327170755801444,0,0
2025-12-27 09:05:23.003538,DB5,81.44972615345034,86.85805972334272,13.403490932367749,0.6903027143318057,0,0
2025-12-27 09:06:23.003538,APP4,89.67539887080791,72.71358098662532,29.206526303173685,0.33255028182229895,0,0
2025-12-27 09:07:23.003538,SW9,455.3397132632148,263.99139662345203,221.85148667813016,3.171529261242525,2,1
2025-12-27 09:08:23.003538,DB1,55.47802668996672,94.61210591910047,30.338376302278192,0.7656490347656307,0,0
2025-12-27 09:09:23.003538,SW9,88.05494057981363,87.64750959035098,19.537755342155062,0.48900043116326575,0,0
2025-12-27 09:10:23.003538,SW9,67.3888484353418,76.19823682912661,22.705988021569926,0.5552350903808733,0,0
2025-12-27 09:11:23.003538,APP5,68.01865484018386,54.38853670619794,29.140049427625712,0.5134942533766321,0,0
2025-12-27 09:12:23.003538,APP11,75.94721460870468,43.021062315986285,44.31168428750034,0.3582715046834066,0,0
2025-12-27 09:13:23.003538,FW1,89.15503905177464,71.37631220344427,18.27950385115468,0.10379372518684271,0,0
2025-12-27 09:14:23.003538,APP1,96.129034577661,70.4036336563253,23.9834645876134,0.5178872749007479,0,0
2025-12-27 09:15:23.003538,APP11,65.74618393572491,72.20479769430546,23.640007599656272,0.2751382015069084,0,0
2025-12-27 09:16:23.003538,SW5,71.8661955432028,76.58674518227953,26.976547750385965,0.6219283710580944,0,0
2025-12-27 09:17:23.003538,SW9,77.34255657148165,78.19403418665186,36.75958909112711,0.4653487367212385,0,0
2025-12-27 09:18:23.003538,APP3,79.63691037974228,77.41753962514606,16.89033526306072,0.10043811083293802,0,0
2025-12-27 09:19:23.003538,FW1,57.5408319147991,93.13017307322774,5.5376134816055185,0.5593033593036028,0,0
2025-12-27 09:20:23.003538,APP6,131.94582663154097,315.02256363301547,134.68692947287062,2.2086728211075375,2,1
2025-12-27 09:21:23.003538,APP13,103.06656370395467,37.88431434808501,14.882213756472284,0.5777222190789535,0,0
2025-12-27 09:22:23.003538,R2,90.00340191982559,119.88978795022187,43.32599358646622,0.478390287312957,0,0
2025-12-27 09:23:23.003538,SW9,195.03949785334564,163.3188526381835,226.3153125709582,3.730805263054707,2,1
2025-12-27 09:24:23.003538,APP9,88.02443764043154,81.44540855775142,30.326741551856443,0.8051743722742746,0,0
2025-12-27 09:25:23.003538,SW5,55.84012951472789,73.5875235546811,38.26247275453871,0.09566020832790395,0,0
2025-12-27 09:26:23.003538,R3,65.23724417080584,62.907897431554844,18.997771191501286,0.321431970766681,0,0
2025-12-27 09:27:23.003538,APP14,99.03135481412663,88.53865648742698,26.56824213449606,0.4398997685289489,0,0
2025-12-27 09:28:23.003538,APP3,68.14966109987779,82.2210133325777,17.25251351788949,0.7078921749593946,0,0
2025-12-27 09:29:23.003538,R3,82.90453497699045,82.65068371674954,16.140245771507157,0.30031927710770273,0,0
2025-12-27 09:30:23.003538,APP5,78.85668238429805,105.99076424079256,26.796768173699263,0.3768246937101372,0,0
2025-12-27 09:31:23.003538,SW7,76.8339905732268,46.31436003704873,38.071341519275045,0.5773307470221256,0,0
2025-12-27 09:32:23.003538,R2,306.88690152241435,352.1806750705078,154.9993149413579,2.1340547187580965,2,1
2025-12-27 09:33:23.003538,FW1,79.15448061687675,83.9315662613288,34.52622658303079,0.5436669914445311,0,0
2025-12-27 09:34:23.003538,APP10,90.0438183567419,94.84433328388886,38.57866925235844,0.8458418719269121,0,0
2025-12-27 09:35:23.003538,SW7,351.88037324571786,253.4952496440033,215.50522499913797,1.833528949875323,2,1
2025-12-27 09:36:23.003538,SW1,126.7358663638039,104.45105351299509,7.462457306360847,0.24081684951270205,0,0
2025-12-27 09:37:23.003538,R3,81.69998627745727,79.27423083629019,13.034467525164528,0.3617421739730772,0,0
2025-12-27 09:38:23.003538,APP8,105.27298650468205,93.80014927490917,17.098374847368966,0.5848384823934476,0,0
2025-12-27 09:39:23.003538,APP2,109.6870414294275,81.91845669507687,14.227710378420166,0.5790046382302729,0,0
2025-12-27 09:40:23.003538,SW9,66.90662105703389,67.63605171846811,31.366892910569554,0.7049167051646931,0,0
2025-12-27 09:41:23.003538,APP3,62.65626926047781,84.15322372506593,23.80166111539772,0.5293844714540763,0,0
2025-12-27 09:42:23.003538,SW6,132.82350846729582,85.54833095628533,35.5911496879652,0.525851208035852,0,0
2025-12-27 09:43:23.003538,DB5,46.55058197078211,38.26171199471743,18.94133739344133,0.16453755164594974,0,0
2025-12-27 09:44:23.003538,DB2,78.54346910889791,58.69005142866246,13.237553955399887,0.14041540315909762,0,0
2025-12-27 09:45:23.003538,DB5,66.62948201986671,73.51629479135009,20.30980915005247,0.6325385002612636,0,0
2025-12-27 09:46:23.003538,SW9,662.3114449449677,258.4881078949611,82.93954493686266,1.09113547572697,1,1
2025-12-27 09:47:23.003538,APP5,78.22623031100625,93.18584020374081,22.931659678405282,0.3844169827993297,0,0
2025-12-27 09:48:23.003538,APP9,76.4839335526741,73.98263781024154,33.06249210819105,0.5733353413867889,0,0
2025-12-27 09:49:23.003538,R3,58.07500560646373,78.70921895753138,21.206324434411084,0.3380035214352748,0,0
2025-12-27 09:50:23.003538,FW3,44.1856844203122,56.20462781586144,8.056281759809803,0.223060412905337,0,0
2025-12-27 09:51:23.003538,R3,132.3578020978088,78.2168143262129,20.724142485151535,0.49044094889827533,0,0
2025-12-27 09:52:23.003538,APP14,94.77552710201996,127.24219155511531,25.334765557443877,0.25816573338922943,0,0
2025-12-27 09:53:23.003538,APP14,138.6642910766812,61.286846591439,23.933933273196665,0.4944722775781078,0,0
2025-12-27 09:54:23.003538,FW3,64.61972830006019,86.87887386799666,29.991512882640777,0.35410492315687075,0,0
2025-12-27 09:55:23.003538,APP7,87.98934453799119,50.12788189844828,16.994052303993396,0.5779682171786582,0,0
2025-12-27 09:56:23.003538,SW4,657.0785762011387,168.31557304248298,199.12829919488624,5.2934299075463525,2,1
2025-12-27 09:57:23.003538,SW5,92.1633736360829,80.82325322567586,19.794656717592307,0.6682576809164293,0,0
2025-12-27 09:58:23.003538,SW4,65.50006315671772,84.44906446692596,28.039296922118464,0.21398011943390488,0,0
2025-12-27 09:59:23.003538,SW6,128.17075650613666,77.34533123697759,10.632759998367348,0.7269196318426513,0,0
2025-12-27 10:00:23.003538,APP9,93.27854688858471,62.79642635264641,15.273132039931431,0.6704786288836562,0,0
2025-12-27 10:01:23.003538,SW2,116.01102184982233,66.8571067419179,28.24837943481072,0.44658528322511304,0,0
2025-12-27 10:02:23.003538,APP5,57.04363831966927,78.93107176433104,19.556793159515827,0.3958641246675198,0,0
2025-12-27 10:03:23.003538,APP5,88.18025721732984,86.75042546152466,28.130321051494064,0.6396664781232807,0,0
2025-12-27 10:04:23.003538,DB5,99.65773640184088,31.849150126257328,19.444067923855634,0.2667866058674101,0,0
2025-12-27 10:05:23.003538,DB2,38.07065108890019,64.6809358863949,19.267502042879332,0.6363281422414429,0,0
2025-12-27 10:06:23.003538,R3,77.06297592459958,68.93385579011232,23.478144407810934,0.10471861923131304,0,0
2025-12-27 10:07:23.003538,APP14,107.8009182702396,62.93178828234261,20.0356705954773,0.6859917555744293,0,0
2025-12-27 10:08:23.003538,APP15,51.998040740160334,93.2882620548406,32.060682351486165,0.22969821278074798,0,0
2025-12-27 10:09:23.003538,APP14,66.12879562694172,77.97746151593823,2.1465072059207735,0.28224322198358054,0,0
2025-12-27 10:10:23.003538,SW8,96.68371717061392,95.51933930136636,35.11379421138194,0.3651489433980608,0,0
2025-12-27 10:11:23.003538,APP11,50.31607626153406,79.92709208890162,22.099108131450695,0.6050299476166111,0,0
2025-12-27 10:12:23.003538,SW3,58.28246439308052,89.32539870695311,27.742079891731304,0.4294676338326437,0,0
2025-12-27 10:13:23.003538,SW1,77.09815168468705,93.07240819738698,18.86993567971414,0.5878926483821494,0,0
2025-12-27 10:14:23.003538,R2,79.73926227745386,82.17110068017942,20.155684571460025,0.29113980024043995,0,0
2025-12-27 10:15:23.003538,APP6,71.29495189629642,71.58195034829741,20.6055244434342,0.3708305491056777,0,0
2025-12-27 10:16:23.003538,DB4,80.35049930240456,94.25316644859991,25.06705257297496,0.6308191641317099,0,0
2025-12-27 10:17:23.003538,R3,73.24064731644825,79.49929955075427,10.874874877366025,0.5008864169247149,0,0
2025-12-27 10:18:23.003538,APP1,97.20471388942278,72.09850207879194,27.20186795716286,0.407826649589098,0,0
2025-12-27 10:19:23.003538,FW3,66.41264262222576,55.18131161345768,25.665085925927222,0.4604174773492854,0,0
2025-12-27 10:20:23.003538,DB3,83.75444463593107,88.3075161132921,27.623016217465214,0.45830323779515175,0,0
2025-12-27 10:21:23.003538,SW9,66.50362947561922,88.62393559469918,17.895373810722667,0.5970245111565584,0,0
2025-12-27 10:22:23.003538,SW7,94.61779026964079,78.5097776659035,32.71810114211849,0.5982537179422298,0,0
2025-12-27 10:23:23.003538,SW2,85.040665259744,79.29278891723212,20.16350344125441,0.257216674833105,0,0
2025-12-27 10:24:23.003538,FW3,144.47549190993874,67.02664701508287,26.734806756647263,0.3508268507600969,0,0
2025-12-27 10:25:23.003538,APP4,85.31935494794303,64.93653878487741,39.84250216155277,0.10512817692325177,0,0
2025-12-27 10:26:23.003538,APP4,74.58546824124655,64.02525192666266,24.491224844978678,0.5709987974215655,0,0
2025-12-27 10:27:23.003538,FW3,27.705345239196852,105.50966633664493,25.73702218717366,0.572807443557905,0,0
2025-12-27 10:28:23.003538,APP13,134.73130250190252,120.91151942156225,108.69815846220482,3.24178621370466,3,1
2025-12-27 10:29:23.003538,APP10,102.44236753341875,77.27307042445632,24.389330789602884,0.6503284298125973,0,0
2025-12-27 10:30:23.003538,R1,83.58028830302432,74.45730853818623,18.750024057295878,0.3904135401304203,0,0
2025-12-27 10:31:23.003538,APP5,77.64992238279511,69.23442500036965,24.1146266038082,0.6946633696282932,0,0
2025-12-27 10:32:23.003538,SW1,73.27292853079607,58.38944814989438,26.34001155505835,0.18712380704178938,0,0
2025-12-27 10:33:23.003538,SW4,339.67933313630186,145.78603901272743,346.27002647380203,5.193247010954291,2,1
2025-12-27 10:34:23.003538,FW1,63.035412899241535,121.06214527656883,33.935903572611394,0.27520670842107264,0,0
2025-12-27 10:35:23.003538,APP4,64.08812723084722,59.7539581559219,17.529978628366884,0.4239787087136785,0,0
2025-12-27 10:36:23.003538,APP2,104.96623836218359,81.13555528852129,32.3019085396094,0.7244912918664552,0,0
2025-12-27 10:37:23.003538,APP12,99.12104625273625,69.5658791826577,36.126082073081236,0.7230035140869867,0,0
2025-12-27 10:38:23.003538,APP14,112.42758610622505,47.08288747795973,33.151646691057486,0.4851944144370679,0,0
2025-12-27 10:39:23.003538,APP15,58.15188837740901,71.33610615386712,19.102153804949793,0.18236905257211528,0,0
2025-12-27 10:40:23.003538,DB5,59.885186951619914,90.18034787615473,13.144465869832029,0.5767530719654139,0,0
2025-12-27 10:41:23.003538,APP5,58.985082612753075,45.77360394344316,8.612790884988723,0.8412161036124497,0,0
2025-12-27 10:42:23.003538,SW9,60.57628255465765,94.51297434297152,26.58710364108756,0.582341962919584,0,0
2025-12-27 10:43:23.003538,APP4,57.42411515885524,99.73393784348862,32.6434955934217,0.5243019356472927,0,0
2025-12-27 10:44:23.003538,SW9,86.03363000409936,84.18942634918615,22.307114992427014,0.6462551897663089,0,0
2025-12-27 10:45:23.003538,DB4,83.30734689944128,62.485477236650006,36.65319856292369,0.43851199301565513,0,0
2025-12-27 10:46:23.003538,DB1,75.35799816657087,65.0400591011913,17.447881227083016,0.49608236394169486,0,0
2025-12-27 10:47:23.003538,DB5,113.67030121780725,72.46521385275996,34.35181159119088,0.31886556220799533,0,0
2025-12-27 10:48:23.003538,DB3,85.32512591461976,90.18426216478407,27.348563118823375,0.5372833923850453,0,0
2025-12-27 10:49:23.003538,APP9,95.65555629676957,77.58431434295284,23.379659350254418,0.7572123581523853,0,0
2025-12-27 10:50:23.003538,APP15,72.42589833774814,43.84744841819436,14.89246020366922,0.6114732754571075,0,0
2025-12-27 10:51:23.003538,APP1,547.4555394187578,148.36296567449526,207.8320803273212,3.889940130119685,2,1
2025-12-27 10:52:23.003538,SW2,65.06022542627626,79.31656734400879,11.708563734813115,0.26445055180372323,0,0
2025-12-27 10:53:23.003538,SW4,500.7171374318376,184.44998124275406,185.26969060696433,3.8894045563901134,2,1
2025-12-27 10:54:23.003538,SW4,77.2519250417071,79.06798244475591,17.724577169270724,0.7234380877315671,0,0
2025-12-27 10:55:23.003538,APP6,37.43643069311386,104.55240504048754,18.278507955438457,0.41308055708258073,0,0
2025-12-27 10:56:23.003538,FW1,398.54460593887677,213.64586937524444,88.67884776011527,0.6799685946644718,1,1
2025-12-27 10:57:23.003538,APP12,104.980677867427,77.94864102952836,35.38387504137074,0.3803421703879022,0,0
2025-12-27 10:58:23.003538,SW4,93.49084873811915,66.03090931642164,22.099969924248157,0.4489073076692595,0,0
2025-12-27 10:59:23.003538,APP4,66.35278369748379,106.31564889804588,11.847458886523778,0.5203731872978286,0,0
2025-12-27 11:00:23.003538,R2,88.99821776700281,95.98868134085438,20.159622550355227,0.6235033945410011,0,0
2025-12-27 11:01:23.003538,SW4,63.71106068487342,88.89931970326047,19.08965421035816,0.32816997857677377,0,0
2025-12-27 11:02:23.003538,APP3,61.12286080554766,90.87383976518234,26.69412812320988,0.6290641302424674,0,0
2025-12-27 11:03:23.003538,FW2,74.79151402008657,54.51694608422537,30.16941118860202,0.7004605205725137,0,0
2025-12-27 11:04:23.003538,DB2,66.0650353900413,60.999787607253275,23.150076467698053,0.5150218224419312,0,0
2025-12-27 11:05:23.003538,R2,86.46725412217728,67.14511077333734,21.807941742893927,0.46004338066226325,0,0
2025-12-27 11:06:23.003538,APP3,72.96688159866807,72.73929894680312,23.777007016062132,0.3233611392835025,0,0
2025-12-27 11:07:23.003538,APP11,94.46126701122297,71.83262568237271,25.139873838440128,0.4520107147640704,0,0
2025-12-27 11:08:23.003538,APP2,223.2315024157383,115.62976408801475,48.2746562981797,2.964415288127244,3,1
2025-12-27 11:09:23.003538,APP14,77.49296136473858,88.37857780157819,14.481138730369846,0.6399031826219277,0,0
2025-12-27 11:10:23.003538,SW10,106.01576683611786,78.98519352170285,22.621070957830643,0.5387064489238726,0,0
2025-12-27 11:11:23.003538,SW8,89.3208629988128,65.0915189606218,27.219020521098173,0.4915724396805376,0,0
2025-12-27 11:12:23.003538,FW2,102.69497652055027,72.37996223768292,34.45045903412946,0.5519409133829377,0,0
2025-12-27 11:13:23.003538,APP5,60.16402463974748,50.538782381857146,39.421532430857035,0.5061904306925296,0,0
2025-12-27 11:14:23.003538,SW6,70.67901846953399,57.076416399011336,35.22460129992773,0.45451133573293867,0,0
2025-12-27 11:15:23.003538,APP12,72.8617824456413,75.99310714651233,30.579730695083505,0.25485008923429725,0,0
2025-12-27 11:16:23.003538,SW7,46.582796484458,86.45236588202532,21.641966595322522,0.32307212068163027,0,0
2025-12-27 11:17:23.003538,FW1,321.7836530351244,115.39712670403748,50.447830418780285,0.6673989409050302,1,1
2025-12-27 11:18:23.003538,APP12,88.6883223974294,69.29697686437193,21.585389128747494,0.8517346409854898,0,0
2025-12-27 11:19:23.003538,DB4,68.87117632449147,72.69465946819419,12.538161541135613,0.16901489660159186,0,0
2025-12-27 11:20:23.003538,APP11,119.40034887687177,43.246562854950874,38.57335322173605,0.5207248843639248,0,0
2025-12-27 11:21:23.003538,APP8,97.9344041780158,62.8751125756888,20.88047875259382,0.3619185248117765,0,0
2025-12-27 11:22:23.003538,SW4,59.58029656759746,71.41517222003387,22.29588139721394,0.4771874318311319,0,0
2025-12-27 11:23:23.003538,SW2,104.98046744549711,44.54883319774446,21.963530578516746,0.2599666309494967,0,0
2025-12-27 11:24:23.003538,APP13,79.15821103900957,83.56181592285643,23.844914927704217,0.16835569700571007,0,0
2025-12-27 11:25:23.003538,APP3,91.44357128432443,58.87690594230372,5.844910979307638,0.772471890604518,0,0
2025-12-27 11:26:23.003538,DB5,64.17829509584706,114.01684546325035,19.29989202890162,0.45080901210832597,0,0
2025-12-27 11:27:23.003538,DB2,92.55396706408287,39.888993415077884,27.42984465375581,0.6155878680780399,0,0
2025-12-27 11:28:23.003538,APP14,90.58132448357287,61.811834943926456,24.87588045734351,0.22110763018027269,0,0
2025-12-27 11:29:23.003538,DB4,41.91221069954891,78.93703096316095,17.998672840257107,0.16783854989420655,0,0
2025-12-27 11:30:23.003538,APP12,74.72187601159482,73.69333064488463,15.85475627486171,0.4274111640978815,0,0
2025-12-27 11:31:23.003538,APP2,68.68086371921177,32.462822486939345,22.93182738189909,0.4787577959463911,0,0
2025-12-27 11:32:23.003538,SW8,106.74645889359648,99.1773498148777,9.38602019364631,0.40233660556014245,0,0
2025-12-27 11:33:23.003538,FW2,70.87312413391402,56.98759261546698,34.460332602699125,0.3730839093656948,0,0
2025-12-27 11:34:23.003538,APP7,470.9060165806254,210.98989529787332,57.11456201299167,2.7275540008317503,1,1
2025-12-27 11:35:23.003538,SW6,63.41201089737564,83.97915248509915,16.8302535270161,0.6919321942051655,0,0
2025-12-27 11:36:23.003538,APP11,49.79332624728829,67.0564156937856,31.8403596126462,0.47980810801294094,0,0
2025-12-27 11:37:23.003538,R3,58.823499154138574,61.35065417135917,24.70043694682552,0.48287825140247853,0,0
2025-12-27 11:38:23.003538,FW3,90.76692833122394,80.11494821997177,21.784263076069628,0.23498806704644615,0,0
2025-12-27 11:39:23.003538,SW10,48.868673473872676,73.65523428049073,30.027165192330482,0.7527997867323039,0,0
2025-12-27 11:40:23.003538,SW3,61.746768932079966,87.53085118948891,3.184106530960733,0.6518110172782011,0,0
2025-12-27 11:41:23.003538,SW2,73.78094979284857,83.50349761662304,12.03015014790257,0.8339671308911505,0,0
2025-12-27 11:42:23.003538,APP10,106.35853713037196,73.61675670193708,25.820243194823664,0.3508798743062693,0,0
2025-12-27 11:43:23.003538,R1,67.82132012569889,43.31835283935907,13.308164941964467,0.35474471780590733,0,0
2025-12-27 11:44:23.003538,SW6,72.59582040631405,26.097532113368167,5.957266114052796,0.48361620346885137,0,0
2025-12-27 11:45:23.003538,APP12,236.59309077798682,337.3814753372061,244.53881050430817,0.9784777746059601,2,1
2025-12-27 11:46:23.003538,APP14,62.84278551917376,110.11687515014069,31.352814407434,0.6076866623903251,0,0
2025-12-27 11:47:23.003538,SW10,63.18976022158272,55.764503314839615,21.6875233452719,0.41210204537867706,0,0
2025-12-27 11:48:23.003538,R2,61.40792725831834,61.155805456347935,23.225789242318218,0.3228670300217115,0,0
2025-12-27 11:49:23.003538,SW1,82.3704484044691,58.27408511874731,22.552688443298834,0.8435529378654198,0,0
2025-12-27 11:50:23.003538,FW1,72.43021918223732,59.847875882322924,20.421672013264313,0.5027649119948243,0,0
2025-12-27 11:51:23.003538,R3,80.99429451337478,61.17874718328029,29.132379009267616,0.5726577868981448,0,0
2025-12-27 11:52:23.003538,SW6,219.45040888791695,111.48462952539037,162.3942460346218,1.3986695603858332,2,1
2025-12-27 11:53:23.003538,APP9,78.52611083421672,90.80808535977728,12.32147220747622,0.5292870630917981,0,0
2025-12-27 11:54:23.003538,DB4,483.98579828669284,393.8328898597132,212.16083162584323,2.519863957051994,2,1
2025-12-27 11:55:23.003538,SW3,35.13801309718304,84.4466262413591,14.154830716170695,0.32010716948565465,0,0
2025-12-27 11:56:23.003538,DB5,92.641913989649,96.75738091289952,27.472649388723383,0.43405999618142355,0,0
2025-12-27 11:57:23.003538,SW8,72.5119634305705,78.64720283619603,12.134610135439416,0.2940501575543348,0,0
2025-12-27 11:58:23.003538,DB4,79.77936843556138,93.77263554847381,29.614857397756033,0.45278717271975305,0,0
2025-12-27 11:59:23.003538,SW5,72.7992709635981,93.40555258513382,35.49966849141768,0.45967760490830883,0,0
2025-12-27 12:00:23.003538,APP6,82.17525738994968,86.84016872258529,33.456908256165335,0.6197528915069148,0,0
2025-12-27 12:01:23.003538,APP5,73.8394841030031,76.72722016861474,15.894490124730766,0.06687711836579896,0,0
2025-12-27 12:02:23.003538,SW10,111.08140662301018,72.4949944667178,19.081183742724278,0.2666944753347306,0,0
2025-12-27 12:03:23.003538,APP8,84.28167930467599,92.85566947273793,18.68957840486903,0.21263958215734496,0,0
2025-12-27 12:04:23.003538,SW9,109.06914557719135,64.64704427738427,15.497450695468684,0.371796539762523,0,0
2025-12-27 12:05:23.003538,APP10,93.26381232238558,35.67793151065776,26.958106841571936,0.5963203209364143,0,0
2025-12-27 12:06:23.003538,R1,75.82746521471871,94.62280978285182,29.641481722975765,0.43019706090800924,0,0
2025-12-27 12:07:23.003538,R2,99.2691147646573,99.95305725072893,43.9883311316378,0.0271243613325729,0,0
2025-12-27 12:08:23.003538,SW8,71.19832907698083,80.14912314699313,31.25869108139401,0.8550416948467634,0,0
2025-12-27 12:09:23.003538,DB5,50.14854183104096,66.88856330864112,27.607101523418407,0.7294022779585316,0,0
2025-12-27 12:10:23.003538,APP4,106.92345327417229,107.50466992461287,33.872156926253126,0.8225138362475107,0,0
2025-12-27 12:11:23.003538,DB2,113.97446184962814,86.88233454232515,28.639522859240024,0.6139219900796178,0,0
2025-12-27 12:12:23.003538,APP6,94.00657151788316,22.315340342286888,30.869158732121864,0.42385297447539716,0,0
2025-12-27 12:13:23.003538,APP5,73.49950940090258,98.12323449294936,22.08388185070064,0.20835202640345246,0,0
2025-12-27 12:14:23.003538,APP6,18.658778673628653,51.098171851011415,38.29647093671852,0.4631919507474286,0,0
2025-12-27 12:15:23.003538,SW3,668.5187196506665,245.8133209515831,53.63573732879845,2.1188891250972395,1,1
2025-12-27 12:16:23.003538,FW1,55.263197387502764,77.17896294380697,23.5915712653941,0.44679117254959255,0,0
2025-12-27 12:17:23.003538,DB3,93.84095024044188,33.63998190180255,22.177476904298942,0.3695736967618245,0,0
2025-12-27 12:18:23.003538,SW6,61.04699504100292,74.34687404412524,15.388423232901642,0.1039271768592373,0,0
2025-12-27 12:19:23.003538,SW9,57.127668881601764,62.95859833438619,52.91666569495435,0.7098258220854935,0,0
2025-12-27 12:20:23.003538,APP15,38.59343111796713,72.7354227913127,26.04387146770779,0.4388502491736212,0,0
2025-12-27 12:21:23.003538,APP13,100.08810130332037,83.49294829481201,23.641506276358243,0.3949073086702795,0,0
2025-12-27 12:22:23.003538,APP7,104.83119999597832,56.74804808525242,18.763143368175754,0.5313661885921154,0,0
2025-12-27 12:23:23.003538,APP10,75.49039607375988,76.06802333138873,24.89065582156608,0.23893612407008297,0,0
2025-12-27 12:24:23.003538,FW1,97.28689207518133,96.83630851531534,12.607563968279162,0.3938612468221897,0,0
2025-12-27 12:25:23.003538,APP5,90.94141689796288,53.06200610793995,55.09786274437424,0.21632954648619318,0,0
2025-12-27 12:26:23.003538,SW3,70.34206393488178,82.66407092513738,30.603121810344426,0.7164658723006694,0,0
2025-12-27 12:27:23.003538,APP8,69.55480134873112,69.40229393307733,20.151949512053985,0.5472387079200296,0,0
2025-12-27 12:28:23.003538,APP13,71.7178957301093,103.48801352683357,14.918853592543295,0.15830288841474904,0,0
2025-12-27 12:29:23.003538,APP10,81.57810867120882,91.38493807415732,27.054188158687683,0.4734261108753746,0,0
2025-12-27 12:30:23.003538,APP6,645.216551109001,408.5438221454443,308.24787209607643,2.7486480974833642,2,1
2025-12-27 12:31:23.003538,FW2,82.83087722388832,73.82395309558169,33.84482741857636,0.6775774846651554,0,0
2025-12-27 12:32:23.003538,APP1,221.97897412087374,450.4991422947262,62.99860588736237,1.9343265090504593,3,1
2025-12-27 12:33:23.003538,SW4,97.35891547713591,88.62310775248251,33.594050263666674,0.5316709953302802,0,0
2025-12-27 12:34:23.003538,APP9,49.704337387273945,85.30808916987004,18.297545306470568,0.9597767464286201,0,0
2025-12-27 12:35:23.003538,APP7,37.593651252173046,74.01225018306718,36.10248480281348,0.5099081210875319,0,0
2025-12-27 12:36:23.003538,DB4,96.19737902751517,82.67788838534253,22.189342390000807,0.35874856469505134,0,0
2025-12-27 12:37:23.003538,SW9,92.25391265574251,107.76705427281638,15.947749412192682,0.7675885582105136,0,0
2025-12-27 12:38:23.003538,SW1,77.50487402880697,56.45899814165321,25.34533262856091,0.6796613123727471,0,0
2025-12-27 12:39:23.003538,DB3,96.72380377453146,69.41535616220135,20.60123683015661,0.5819771479275677,0,0
2025-12-27 12:40:23.003538,SW8,54.817368128107375,74.55850537650883,37.590230019730086,0.4734616736453135,0,0
2025-12-27 12:41:23.003538,APP2,80.53966868789195,128.46206780551412,33.533010119616144,0.21822909078548236,0,0
2025-12-27 12:42:23.003538,FW1,119.38066617763809,60.719110069187984,24.43060627814771,0.19912825340512363,0,0
2025-12-27 12:43:23.003538,APP6,97.92985310709939,69.10727986430999,34.94768117715098,0.5270457216203343,0,0
2025-12-27 12:44:23.003538,SW7,110.91015673863521,58.02894501893681,20.46295279595961,0.7115885165590365,0,0
2025-12-27 12:45:23.003538,R1,70.72028708242551,79.58420253535192,24.720142686711796,0.6303487747456862,0,0
2025-12-27 12:46:23.003538,APP4,67.54415967721201,97.93390867649272,41.00136984564031,0.5726683868544387,0,0
2025-12-27 12:47:23.003538,APP15,92.18634430498324,37.261711194504606,37.38648259433463,0.6664338128167427,0,0
2025-12-27 12:48:23.003538,R1,106.48926421637518,66.30971944939179,17.4252534651348,0.7042667188151768,0,0
2025-12-27 12:49:23.003538,APP2,593.0295453659384,518.2829983859255,136.14725591357,2.519903519294493,2,1
2025-12-27 12:50:23.003538,SW7,93.35742941330156,90.8681660644028,34.75382716053764,0.6314940959703169,0,0
2025-12-27 12:51:23.003538,APP8,82.91227654533773,61.2219274589067,17.862429535112028,0.5570019779484788,0,0
2025-12-27 12:52:23.003538,APP9,65.05872091060563,56.62999173268808,50.44639596679259,0.23014190398588258,0,0
2025-12-27 12:53:23.003538,APP4,123.93698305943647,106.05690191833851,44.279205076947264,0.24527882061459094,0,0
2025-12-27 12:54:23.003538,SW7,79.93905078802754,86.53577914847207,27.139976753770597,0.1989474376468145,0,0
2025-12-27 12:55:23.003538,SW9,118.89140642524859,74.04196977424971,17.27524265765219,0.25910163864579405,0,0
2025-12-27 12:56:23.003538,SW9,73.28967394951482,88.11522151888714,23.004967188674726,0.19613631558334665,0,0
2025-12-27 12:57:23.003538,APP5,54.34293749996105,70.37000167687465,7.5032623054085335,0.31982790892094415,0,0
2025-12-27 12:58:23.003538,APP1,83.38146046381118,89.99769541971024,37.099792282376455,0.807882724695201,0,0
2025-12-27 12:59:23.003538,DB5,93.68494713032706,85.44696163059474,30.52005791474855,0.5142956018057215,0,0
2025-12-27 13:00:23.003538,APP7,101.12654291384453,77.10834425827551,14.106040531374944,0.6193218966746643,0,0
2025-12-27 13:01:23.003538,SW6,60.674510282435314,52.2875247399447,25.238523356626253,0.3691191307808952,0,0
2025-12-27 13:02:23.003538,APP12,545.1784521952526,126.39487180968193,52.33719099678653,3.1312948413322275,1,1
2025-12-27 13:03:23.003538,SW4,75.33905645542548,70.05966147218574,36.0737177401177,0.5085709450835241,0,0
2025-12-27 13:04:23.003538,APP7,100.59634696595019,76.31678464555438,19.71155087203659,0.1165129969530403,0,0
2025-12-27 13:05:23.003538,FW3,75.41401071606235,68.19632309080072,38.55484472740563,0.24530605746743533,0,0
2025-12-27 13:06:23.003538,APP13,64.65921752264978,59.67107577860916,24.842643309286217,0.2365425307902666,0,0
2025-12-27 13:07:23.003538,APP6,92.25810151973913,73.4058660657586,29.77753035732455,0.8408644854830067,0,0
2025-12-27 13:08:23.003538,R3,52.21013748063923,88.77786624532281,23.40588107456142,0.3991969592564658,0,0
2025-12-27 13:09:23.003538,SW10,99.5609393582585,60.00437559826729,11.09106787642138,0.4095151106057725,0,0
2025-12-27 13:10:23.003538,SW3,77.16698298067313,90.73992781969761,25.430419542926582,0.20643847655654346,0,0
2025-12-27 13:11:23.003538,SW6,54.69812346472921,42.85928324896492,21.4698594590933,0.545134386797375,0,0
2025-12-27 13:12:23.003538,DB2,87.46389981049892,68.38676826096214,31.620234463021244,0.8991348373927088,0,0
2025-12-27 13:13:23.003538,R1,62.1560896566528,84.01397572840236,34.99447264706672,0.22563771385628967,0,0
2025-12-27 13:14:23.003538,SW2,78.93855431959689,59.95626075764933,31.243570742828567,0.3360267589119693,0,0
2025-12-27 13:15:23.003538,SW7,92.0611442468262,106.48407841093969,25.06528185627029,0.23354872216033407,0,0
2025-12-27 13:16:23.003538,R2,83.29993425015728,30.77595912555001,33.059434023239106,1.0011167726670613,0,0
2025-12-27 13:17:23.003538,R2,103.27714476436525,56.284043384051394,24.867027847405637,0.7148438082285388,0,0
2025-12-27 13:18:23.003538,SW5,62.62885022472796,105.41501460101654,43.51343873134172,0.6101683185724665,0,0
2025-12-27 13:19:23.003538,R1,80.16972601258331,59.80057358579466,18.03235170149842,0.3374506893385873,0,0
2025-12-27 13:20:23.003538,APP9,67.0122332292348,63.40600602118516,12.27302324332167,0.16322890006736424,0,0
2025-12-27 13:21:23.003538,DB1,88.81532040506707,74.55815814565808,32.40376372605438,0.4638677631974437,0,0
2025-12-27 13:22:23.003538,SW4,74.33147176954091,93.17025217093989,20.01757403761977,0.8236302871882138,0,0
2025-12-27 13:23:23.003538,DB4,62.5571396605919,67.3669756604692,11.480003524749119,0.5569629587104636,0,0
2025-12-27 13:24:23.003538,DB1,71.38045471237412,69.1128586464609,38.96084861775504,0.46359902862423824,0,0
2025-12-27 13:25:23.003538,APP7,76.72818652398524,67.69966756953369,31.732320446956415,0.1502541942139216,0,0
2025-12-27 13:26:23.003538,APP12,193.577508799587,130.55848286642834,82.66718455800523,1.177930092267995,3,1
2025-12-27 13:27:23.003538,SW6,86.61245993005303,72.36470544056968,37.719120529924155,0.5745457828231927,0,0
2025-12-27 13:28:23.003538,R2,90.23788273119936,114.93902788240706,20.532094585521243,0.5148690823270621,0,0
2025-12-27 13:29:23.003538,SW5,78.67638113759435,99.62894082346668,16.886020105754014,0.3455600128549774,0,0
2025-12-27 13:30:23.003538,SW6,552.2035056319213,315.7232615294905,243.61818354005874,2.726454938053162,2,1
2025-12-27 13:31:23.003538,APP11,116.99382974742429,64.27190311411147,28.599314064374802,0.5346716155401542,0,0
2025-12-27 13:32:23.003538,APP6,67.94496110972837,77.0650520583219,39.41982301523404,0.4678600788871774,0,0
2025-12-27 13:33:23.003538,APP14,72.05074133917215,56.83073134831862,31.662139667115817,0.35120503143481485,0,0
2025-12-27 13:34:23.003538,APP4,93.95194195443884,82.52318367766206,27.000083082668894,0.6347851332167043,0,0
2025-12-27 13:35:23.003538,R1,82.77624673779829,68.29233757934855,21.20792416108009,0.338249058161495,0,0
2025-12-27 13:36:23.003538,APP5,66.94224120873929,45.02897784513678,24.374346434599673,0.3673227049937666,0,0
2025-12-27 13:37:23.003538,SW6,87.86170762958494,84.15551651592808,11.60528001837686,0.4172745570531819,0,0
2025-12-27 13:38:23.003538,APP1,94.87256174166374,78.42978426575161,25.428683338909,0.6504666817535518,0,0
2025-12-27 13:39:23.003538,SW3,63.80409462758334,78.14244891029792,29.73569308903898,0.6021917096462859,0,0
2025-12-27 13:40:23.003538,SW5,81.88044545136438,56.17483606074994,24.124580052893588,0.8348757980741865,0,0
2025-12-27 13:41:23.003538,SW9,101.53169737655905,79.54366772245959,38.41605716237506,0.4097479566910074,0,0
2025-12-27 13:42:23.003538,APP3,79.76929994007807,40.388347406378394,38.30449076804849,0.9025415291945746,0,0
2025-12-27 13:43:23.003538,DB3,81.73362274145279,103.63336934711674,17.823413070227815,0.5754658368589614,0,0
2025-12-27 13:44:23.003538,R3,67.03386571164557,38.54421598405697,11.68435592698839,0.5290817238429159,0,0
2025-12-27 13:45:23.003538,APP4,67.69039748787246,65.7605716553512,15.073366127133376,0.2048971486382432,0,0
2025-12-27 13:46:23.003538,APP10,49.46992208319372,67.32174823039396,27.799384445492677,0.68408560279446,0,0
2025-12-27 13:47:23.003538,FW3,67.08608102268913,62.80941892819452,20.3419509121477,0.31106489331469145,0,0
2025-12-27 13:48:23.003538,DB5,71.6355201496357,84.0190947192407,25.463756441011267,0.33426927176831683,0,0
2025-12-27 13:49:23.003538,SW3,96.23670811617029,91.83459217304099,36.41776210036448,0.9097656566500432,0,0
2025-12-27 13:50:23.003538,FW1,116.97493005710496,405.02265482070175,97.1780261051567,0.7940299157404851,3,1
2025-12-27 13:51:23.003538,APP15,52.78575908861849,68.83546646112066,30.53752892823414,0.47340671791807926,0,0
2025-12-27 13:52:23.003538,FW1,87.74229361362228,55.92180990235793,30.825775431113826,0.47521136038085127,0,0
2025-12-27 13:53:23.003538,DB5,67.06981635596543,93.67697441977352,19.816519363384867,0.6461831057164623,0,0
2025-12-27 13:54:23.003538,R1,81.57033550059195,69.50236583321494,11.051626333262297,0.60130287887751,0,0
2025-12-27 13:55:23.003538,DB3,721.8928508608575,168.32050988554917,50.695251564563875,2.730656449465701,1,1
2025-12-27 13:56:23.003538,APP4,39.93465591608419,71.86687444927688,27.26860038498157,0.44704796456135254,0,0
2025-12-27 13:57:23.003538,APP12,55.499775179303555,82.26040663002648,5.007845352652751,0.702595245588433,0,0
2025-12-27 13:58:23.003538,SW3,73.00416278261983,467.14548735012215,56.690669990626944,3.5871309507813476,3,1
2025-12-27 13:59:23.003538,R1,88.80347343963332,79.23963220400094,21.215882600158334,0.4440065928363738,0,0
2025-12-27 14:00:23.003538,APP4,69.86150862899682,66.41078984160728,29.256178184207972,0.8665286324700305,0,0
2025-12-27 14:01:23.003538,SW7,91.01168551328888,85.88019303414352,22.43807805143368,0.3974235347357879,0,0
2025-12-27 14:02:23.003538,SW7,56.418157501894,55.12300262457099,25.38516463502894,0.7782653402462505,0,0
2025-12-27 14:03:23.003538,SW10,128.03287351778474,76.75198576935998,36.98994398476975,0.7225683579451665,0,0
2025-12-27 14:04:23.003538,SW6,70.62414552032712,59.61383316238361,23.701403609500893,0.5742054127478874,0,0
2025-12-27 14:05:23.003538,SW3,81.16003466094216,70.55466727426247,14.33230915992371,0.8103869273122615,0,0
2025-12-27 14:06:23.003538,DB1,78.00466311083785,69.34393260881684,35.802703447634215,0.6023020144551021,0,0
2025-12-27 14:07:23.003538,SW8,582.2754428895045,141.31994065032194,167.54329430885082,3.1503909631372684,2,1
2025-12-27 14:08:23.003538,APP9,68.58149314235025,46.074537115228324,20.504171682064936,0.3386822062414573,0,0
2025-12-27 14:09:23.003538,APP10,80.79210101141243,85.29347926801137,21.57894166335236,0.6841857197566358,0,0
2025-12-27 14:10:23.003538,APP10,95.61699495076323,89.85971994990001,24.763211262070705,0.5148498097486578,0,0
2025-12-27 14:11:23.003538,R3,62.530772536219345,99.42520154297165,25.484251206713854,0.5411114377589366,0,0
2025-12-27 14:12:23.003538,DB1,75.09751342833351,74.85646372567317,36.80799071748721,0.46687439086339544,0,0
2025-12-27 14:13:23.003538,R3,89.25259771445337,74.22264367170986,19.127275572767616,0.33647830179383187,0,0
2025-12-27 14:14:23.003538,APP8,84.07275214283595,84.2369084166097,24.687698749589682,0.5275329307378732,0,0
2025-12-27 14:15:23.003538,APP8,87.88926089822756,18.548372540411883,14.197185956453911,0.47158752854802494,0,0
2025-12-27 14:16:23.003538,FW2,125.94291238841996,79.66510759489077,21.99706575606799,0.344367201411687,0,0
2025-12-27 14:17:23.003538,DB3,75.79412107922715,100.9846941710745,24.48767374501183,0.4305417536777897,0,0
2025-12-27 14:18:23.003538,APP11,106.33396297221866,84.47870788262621,27.827537869380027,0.7683223791273888,0,0
2025-12-27 14:19:23.003538,R2,570.6357114852615,280.193794680579,31.496387658585597,1.3184342914084985,1,1
2025-12-27 14:20:23.003538,APP15,81.97816471813285,59.94160645371137,-2.5341166991391333,0.5687073797076155,0,0
2025-12-27 14:21:23.003538,APP4,66.56832976100355,52.49160581945156,43.15763677920499,0.7930756304023204,0,0
2025-12-27 14:22:23.003538,SW5,88.2731198511207,67.3337965702117,34.42605195984606,0.4932894441378727,0,0
2025-12-27 14:23:23.003538,R3,94.23792682413134,79.5580954099558,26.970582365890326,0.6398873551681212,0,0
2025-12-27 14:24:23.003538,DB2,86.36621099255379,68.74890330621756,9.43181380310354,0.829123559877053,0,0
2025-12-27 14:25:23.003538,R3,89.84153347380554,60.75423992946803,29.359249015345327,0.5653618906189487,0,0
2025-12-27 14:26:23.003538,SW10,77.12005783927265,109.6613744213436,32.6412275337247,0.8031104387104063,0,0
2025-12-27 14:27:23.003538,R3,85.15438947873756,82.3236179937368,29.371984316827938,0.2286702384856914,0,0
2025-12-27 14:28:23.003538,SW6,245.3988663084366,567.6358314011308,74.9965374037653,2.5859697202969323,3,1
2025-12-27 14:29:23.003538,DB2,86.5653577237161,85.05250013188459,33.40378986011436,0.46634925222981843,0,0
2025-12-27 14:30:23.003538,SW7,100.51845188019854,53.431098524058555,25.157987155426643,0.28985465517819753,0,0
2025-12-27 14:31:23.003538,APP3,39.94852324622039,78.98519396409122,31.75150361432585,0.31654375086531883,0,0
2025-12-27 14:32:23.003538,R3,73.95901715731645,51.31332807636473,21.043413784206695,0.8733491005511316,0,0
2025-12-27 14:33:23.003538,APP4,77.26337660800311,50.277924947068605,32.15158246545013,0.3638185155541004,0,0
2025-12-27 14:34:23.003538,SW5,99.99802741819809,63.95509831815366,31.49123656880644,0.46477692950495664,0,0
2025-12-27 14:35:23.003538,SW9,98.11368809451614,68.82446566737251,10.444423822454535,0.4472999182757713,0,0
2025-12-27 14:36:23.003538,APP2,96.50358741610655,132.8571833146906,15.052663993262746,0.2064601000899412,0,0
2025-12-27 14:37:23.003538,APP5,68.65828449121878,72.20532074564109,18.042928273224963,0.8266869345196711,0,0
2025-12-27 14:38:23.003538,DB3,68.75934970823113,105.82087785876533,30.761732733787937,0.17587329245471062,0,0
2025-12-27 14:39:23.003538,APP4,65.69334872671854,83.81927001797412,18.853101674775452,0.46852894150739116,0,0
2025-12-27 14:40:23.003538,DB2,63.37979125976767,82.77120614695573,30.60532414418386,0.02570257946930954,0,0
2025-12-27 14:41:23.003538,FW1,542.7921151181108,286.18997364346194,112.36312436718374,3.44438306702728,1,1
2025-12-27 14:42:23.003538,SW2,52.741634534672784,57.53146461108463,26.13098044566526,0.3638310625773068,0,0
2025-12-27 14:43:23.003538,APP13,275.57334217011385,507.90862259194597,41.22418190530854,1.940349389946041,3,1
2025-12-27 14:44:23.003538,APP13,96.57282845597544,66.90549581663782,32.12022114294977,0.6972941421857406,0,0
2025-12-27 14:45:23.003538,APP14,84.6070676185071,101.6586134993349,15.801335864489399,0.6703811895722138,0,0
2025-12-27 14:46:23.003538,FW2,69.77370212919645,60.749502845175094,14.2755357282144,0.6856168235361442,0,0
2025-12-27 14:47:23.003538,APP15,89.62300550779048,92.45543893315704,30.864383219915503,0.4368897228351518,0,0
2025-12-27 14:48:23.003538,DB5,111.7275574932749,69.853138420818,17.778210714915776,0.5135891605512665,0,0
2025-12-27 14:49:23.003538,SW7,124.3550832941863,50.38587031978142,31.44549999265684,0.6028157210449723,0,0
2025-12-27 14:50:23.003538,SW9,81.02427354019935,90.4488292494628,37.13820534305967,0.08752991190634657,0,0
2025-12-27 14:51:23.003538,SW5,60.82831771441481,73.06384541795056,22.055553561810363,0.5995109050177478,0,0
2025-12-27 14:52:23.003538,SW2,90.74625856354422,56.636168901019964,34.097556473917216,0.39796812617214355,0,0
2025-12-27 14:53:23.003538,APP5,89.57632395983215,102.06206967985742,25.52881318420196,0.5997496175458845,0,0
2025-12-27 14:54:23.003538,SW4,75.88454869405341,57.1466239718276,34.45958526560072,0.38118018538638443,0,0
2025-12-27 14:55:23.003538,APP15,57.31727073127183,95.89719181242612,38.72340647003935,0.5500783280857438,0,0
2025-12-27 14:56:23.003538,R2,75.71211991407122,44.29896894268643,17.077490239237587,0.5032266621094549,0,0
2025-12-27 14:57:23.003538,SW8,88.07817534273005,59.04544753070802,38.55720050119814,0.6554606066453577,0,0
2025-12-27 14:58:23.003538,R1,74.05829124948502,81.08679843516285,13.98409693465262,0.9336712571366823,0,0
2025-12-27 14:59:23.003538,SW2,103.74072078143416,62.88676127141393,17.41908110540444,0.6601155524298212,0,0
2025-12-27 15:00:23.003538,R1,91.0878443888671,46.286674301852216,32.66554772459903,0.6718182601489417,0,0
2025-12-27 15:01:23.003538,FW3,49.235796123758824,37.26165982158666,27.72082308081911,0.5255371525095339,0,0
2025-12-27 15:02:23.003538,APP7,90.16468584720619,70.99056830966408,24.813465626030116,0.41540071983752985,0,0
2025-12-27 15:03:23.003538,APP12,87.89251444552669,90.01645185118431,16.5237816757493,0.4154916191664427,0,0
2025-12-27 15:04:23.003538,SW1,64.27907013918686,73.76550307444329,33.61403341135416,0.7500140100417214,0,0
2025-12-27 15:05:23.003538,SW3,90.59015239068965,98.53833625010525,38.36913014614544,0.45516536854156114,0,0
2025-12-27 15:06:23.003538,DB4,53.813476967979724,95.35993289076441,29.07765834653711,0.8734101184347947,0,0
2025-12-27 15:07:23.003538,DB5,97.12471001743451,61.793307567943835,17.65204028076344,0.5050493640594066,0,0
2025-12-27 15:08:23.003538,R3,97.98335188708063,90.55185338743524,30.137600382396375,0.6239416019158198,0,0
2025-12-27 15:09:23.003538,SW10,82.44877666471191,65.74808256653786,28.81605103134827,0.5029544553120614,0,0
2025-12-27 15:10:23.003538,APP3,70.84287401751328,103.7933854612836,18.443499449276892,0.4910212180267828,0,0
2025-12-27 15:11:23.003538,SW10,62.25079531533728,103.6500610928613,41.95887959263666,0.3837633377445607,0,0
2025-12-27 15:12:23.003538,APP9,333.15357733612404,122.95902425596773,39.75738954876679,2.5367646657576803,1,1
2025-12-27 15:13:23.003538,FW3,93.09205986048872,51.781287732002895,18.96011689338863,0.3409012618960602,0,0
2025-12-27 15:14:23.003538,APP3,73.96392793495338,108.2478210509326,16.547811048784865,0.4790926253416362,0,0
2025-12-27 15:15:23.003538,R3,66.12085682602886,82.20844394046263,19.29588003089687,0.665197956533365,0,0
2025-12-27 15:16:23.003538,APP12,81.32806412014033,37.83576088254276,38.66917863321581,0.34829357744030925,0,0
2025-12-27 15:17:23.003538,APP11,61.53598527919876,75.1743374290479,25.159094793806172,0.4542440592667814,0,0
2025-12-27 15:18:23.003538,APP12,86.56204078986907,78.2632598048561,14.6495515947982,0.39294937016767945,0,0
2025-12-27 15:19:23.003538,SW5,75.98785591407835,107.55301677143922,26.62698773667827,0.7081301843689148,0,0
2025-12-27 15:20:23.003538,DB4,64.72671287894832,112.86310206737583,22.689124342624876,0.7618544643048608,0,0
2025-12-27 15:21:23.003538,APP10,102.91577236776406,104.68278039986401,36.79814489781373,0.5775486150782863,0,0
2025-12-27 15:22:23.003538,SW5,86.0075488807256,106.45427514062257,21.47182594178862,0.6799171237035133,0,0
2025-12-27 15:23:23.003538,SW6,31.26782729341584,80.99811253812543,20.74152269274388,0.22315940931339334,0,0
2025-12-27 15:24:23.003538,APP15,54.31640256288569,55.598417665055315,41.400545802034884,0.7742291504045602,0,0
2025-12-27 15:25:23.003538,APP3,88.03864221828307,87.20607146876466,28.2816977508291,0.604845315853299,0,0
2025-12-27 15:26:23.003538,DB5,57.80505325430679,71.29322325654744,35.26924685592967,0.43641958153908045,0,0
2025-12-27 15:27:23.003538,DB5,92.06442865825129,62.76271205856283,32.5030436294729,0.5310745034891763,0,0
2025-12-27 15:28:23.003538,R1,73.9486701741998,65.80792029629524,47.3667808149514,0.664753538799985,0,0
2025-12-27 15:29:23.003538,SW3,80.92832623162019,69.1006083913905,30.03411070790014,0.2526563148680765,0,0
2025-12-27 15:30:23.003538,SW7,80.04528393930853,100.67146222955706,32.62702432908078,0.19301067241250114,0,0
2025-12-27 15:31:23.003538,APP8,82.90987996355908,76.06656635454098,19.192415719371013,0.34663599743684126,0,0
2025-12-27 15:32:23.003538,DB1,59.997622199733726,100.70298498587341,31.011729286202545,0.4941143089067961,0,0
2025-12-27 15:33:23.003538,APP7,112.3293741182709,78.90995194100446,13.688141379099728,0.8048405689221344,0,0
2025-12-27 15:34:23.003538,APP9,56.318549577499994,78.85709499675215,31.07858153024037,0.8858358151901067,0,0
2025-12-27 15:35:23.003538,DB5,345.6456110607911,112.76943839675894,28.832822076516848,1.0368655119037373,1,1
2025-12-27 15:36:23.003538,FW1,64.89575005852713,39.01264951867881,20.851002049105986,0.26904431682845,0,0
2025-12-27 15:37:23.003538,R2,54.93115070324008,83.24311415395508,19.15497164206966,0.8714695163827373,0,0
2025-12-27 15:38:23.003538,SW6,70.10733172054762,69.20438767544661,35.30988064435873,0.09404273217447956,0,0
2025-12-27 15:39:23.003538,FW3,84.36597870735336,59.61018597733366,41.95843844379609,0.6571833828014444,0,0
2025-12-27 15:40:23.003538,SW7,79.24868391960769,89.54241404087668,22.24578726788285,0.6216339411802784,0,0
2025-12-27 15:41:23.003538,APP8,96.70935373188472,113.41690925546094,45.3069400820016,0.33481469514786066,0,0
2025-12-27 15:42:23.003538,SW2,83.26018332707659,82.54390742506659,28.68855698610432,0.47467688790173196,0,0
2025-12-27 15:43:23.003538,SW9,115.35063540064152,99.70014896587266,17.879672086772196,0.9620019827957469,0,0
2025-12-27 15:44:23.003538,APP9,121.35129729486697,65.44825388590903,30.999504700438383,0.5362065491177536,0,0
2025-12-27 15:45:23.003538,APP4,86.57068860663125,52.97375821221533,34.80740383088629,0.868396673318083,0,0
2025-12-27 15:46:23.003538,APP5,77.21153982703055,78.22784140827082,7.776838988823588,0.31464350097627447,0,0
2025-12-27 15:47:23.003538,APP7,70.60816125918191,57.36398729993478,29.355346699779,0.4927439991397411,0,0
2025-12-27 15:48:23.003538,APP9,60.30608858756422,51.189238540588164,22.07782261729127,0.6767199402723846,0,0
2025-12-27 15:49:23.003538,R1,444.0808126039975,283.836326885395,28.371614893339896,1.1805384015079485,1,1
2025-12-27 15:50:23.003538,APP4,114.8625086121818,81.19839202559726,19.17094265576685,0.4542341844502312,0,0
2025-12-27 15:51:23.003538,SW1,58.28193941705249,71.71753819825123,34.79136278179584,0.45833778935227404,0,0
2025-12-27 15:52:23.003538,APP9,96.6656611093866,64.1438368402098,43.27657674953171,0.5961912275773003,0,0
2025-12-27 15:53:23.003538,APP2,108.00940324939513,95.16675794089304,23.17006204002914,0.5158757282412443,0,0
2025-12-27 15:54:23.003538,SW2,59.80007634909557,59.82515037716678,8.620626426521707,0.676501446011841,0,0
2025-12-27 15:55:23.003538,R3,99.655674189446,77.29897020718442,33.316269046397835,0.36761052293047425,0,0
2025-12-27 15:56:23.003538,R1,108.5704771307192,54.71649635875539,23.70065170396501,0.26856325461267827,0,0
2025-12-27 15:57:23.003538,APP13,103.7987880299515,58.20614880536405,37.21003662739428,0.32369874484182803,0,0
2025-12-27 15:58:23.003538,APP3,33.112012149096785,65.95109761615247,12.198208015095338,0.5928474681759681,0,0
2025-12-27 15:59:23.003538,SW4,644.7361674187097,378.54226675067224,21.141104748937032,3.512705789241102,1,1
2025-12-27 16:00:23.003538,R2,106.6758707660335,80.28386255863734,24.056803022386237,0.934479741027345,0,0
2025-12-27 16:01:23.003538,FW3,46.94218614940991,39.68014676113556,15.787435303018443,0.33169862871415623,0,0
2025-12-27 16:02:23.003538,DB2,389.2895336486595,176.86955520860198,80.71579769717047,2.679620976438391,1,1
2025-12-27 16:03:23.003538,SW6,97.49877439379472,80.89641871045039,19.708349922275882,0.29116987701015284,0,0
2025-12-27 16:04:23.003538,SW9,59.92653268588897,62.71069168654395,23.74914619648823,0.3536597980598638,0,0
2025-12-27 16:05:23.003538,APP8,99.36564241960784,76.10162207534528,14.317773011625112,0.8290700155290168,0,0
2025-12-27 16:06:23.003538,DB3,53.60551688184836,85.79574598089198,40.36329109941725,0.6357595216287679,0,0
2025-12-27 16:07:23.003538,APP12,78.04673714312169,76.9350058714837,23.515777446046094,0.5736684811940254,0,0
2025-12-27 16:08:23.003538,APP6,42.94558180178326,67.85054724858989,33.1670218212342,0.6509944110423689,0,0
2025-12-27 16:09:23.003538,SW10,62.40290593638283,87.74197184671621,10.636229457265491,0.2068141757366832,0,0
2025-12-27 16:10:23.003538,DB4,104.28603500277409,90.11085163642113,43.88631174955566,0.4520376035691893,0,0
2025-12-27 16:11:23.003538,APP2,85.48044968951326,65.40598647618444,26.287788901984403,0.896412619806966,0,0
2025-12-27 16:12:23.003538,FW2,89.13818917354148,85.74800891374151,39.82636619030691,0.2508921171240894,0,0
2025-12-27 16:13:23.003538,DB5,570.5700229134222,147.08880490004577,89.70330370283442,4.057553932086633,1,1
2025-12-27 16:14:23.003538,SW7,86.27297128147525,93.60210298199868,26.92994198121137,0.3719675484757701,0,0
2025-12-27 16:15:23.003538,SW10,452.11898960296054,215.292121455457,197.56338932183115,2.8381596731403165,2,1
2025-12-27 16:16:23.003538,FW2,114.64712775484155,83.15274894285835,40.08559887287004,0.4735824490157484,0,0
2025-12-27 16:17:23.003538,SW10,91.64012594472374,100.86675269367768,4.885905286315079,0.25945903473705634,0,0
2025-12-27 16:18:23.003538,APP4,95.67458839805207,73.92678697676946,20.0494240563116,0.4505942216203583,0,0
2025-12-27 16:19:23.003538,SW4,64.79492053617967,106.02845707794503,29.539788770061154,0.6585404640801308,0,0
2025-12-27 16:20:23.003538,APP15,120.66798474907402,74.12778357726995,22.58684296184354,0.49421628680644564,0,0
2025-12-27 16:21:23.003538,R1,40.97919088328172,87.1897681848226,15.848029291974616,0.5382729092548239,0,0
2025-12-27 16:22:23.003538,APP10,80.44415623112452,76.80690161593715,23.47567674276807,0.14189575103212287,0,0
2025-12-27 16:23:23.003538,APP3,107.57605632965645,87.9559363464886,22.36004219949189,0.7603380587360448,0,0
2025-12-27 16:24:23.003538,DB1,82.35424955098617,62.1973144872728,34.68904386966454,0.6723983015157194,0,0
2025-12-27 16:25:23.003538,APP2,80.58375124667837,86.88108365321692,38.18980536192501,0.5938963566557327,0,0
2025-12-27 16:26:23.003538,SW9,65.0671353351385,88.44418873838626,20.40442456631589,0.26283658295184964,0,0
2025-12-27 16:27:23.003538,APP5,79.02803642362218,95.66369487548594,27.011360895509327,0.5886383588579899,0,0
2025-12-27 16:28:23.003538,R2,66.35107986889247,85.75891395432845,13.227520845098093,0.47825367737720975,0,0
2025-12-27 16:29:23.003538,APP6,71.63470570941995,104.25403435400548,16.177127420228647,0.2970374435708528,0,0
2025-12-27 16:30:23.003538,APP7,104.56293369146107,80.66446663113038,24.695791758586036,0.4525796838080246,0,0
2025-12-27 16:31:23.003538,APP6,95.09523327037242,127.23389373725423,30.36433594216314,0.47860299809147056,0,0
2025-12-27 16:32:23.003538,R3,99.0793402586942,112.28706141259681,23.981838706647583,0.3494362408362707,0,0
2025-12-27 16:33:23.003538,FW2,81.71664292294284,66.85664892423422,26.11916617605965,0.4267180494313166,0,0
2025-12-27 16:34:23.003538,APP8,59.56441764024477,72.81784184988557,6.873104904333378,0.2701070089785532,0,0
2025-12-27 16:35:23.003538,SW2,79.21332513657767,77.58064292928384,27.495970007101818,0.6540094690650993,0,0
2025-12-27 16:36:23.003538,FW3,72.18387044513786,69.0144368705481,10.948702256212492,0.5446018622010279,0,0
2025-12-27 16:37:23.003538,SW2,219.96983701121474,205.99768117862948,119.40696351099393,2.5678861361611602,3,1
2025-12-27 16:38:23.003538,SW4,85.54147011566012,102.40262470321173,14.750176415089914,0.48169641405839814,0,0
2025-12-27 16:39:23.003538,APP11,69.20465977874846,85.96965391720943,-0.31508190810265546,0.5745114893082539,0,0
2025-12-27 16:40:23.003538,APP1,108.97563399584422,70.5255793817074,28.12046141453649,0.3693118802318505,0,0
2025-12-27 16:41:23.003538,APP7,69.75424323592573,111.87691924738179,16.299047141581145,0.5958962333837519,0,0
2025-12-27 16:42:23.003538,APP4,51.93245255666642,82.78221127166887,14.163263142324436,0.2231843191933232,0,0
2025-12-27 16:43:23.003538,DB1,99.17328395400953,62.36274456763738,29.22684413751333,0.34643349488872643,0,0
2025-12-27 16:44:23.003538,SW3,51.67515427873902,60.90264342119124,21.386081139536387,0.5587072039262025,0,0
2025-12-27 16:45:23.003538,FW3,84.49267825800221,70.49620822172794,7.748934391565683,0.5849028584579596,0,0
2025-12-27 16:46:23.003538,DB2,80.51774005884619,72.85100766948582,15.017812279527972,0.6147115073596768,0,0
2025-12-27 16:47:23.003538,APP8,87.82818449164286,61.7024011360696,25.561213201571817,0.5746423922196569,0,0
2025-12-27 16:48:23.003538,SW2,271.87629743314005,399.58029015023163,64.66214625253,2.7547943588875072,3,1
2025-12-27 16:49:23.003538,APP4,80.76554075082461,90.09249109145833,39.303714784789214,0.351276995565275,0,0
2025-12-27 16:50:23.003538,SW4,112.86093550542998,59.457980777141294,25.24608558313275,0.25436099798275624,0,0
2025-12-27 16:51:23.003538,DB4,224.327566450603,197.38615080158866,87.24643919160948,2.9724134629722783,3,1
2025-12-27 16:52:23.003538,SW9,77.31583814010438,68.56157709336372,32.83541135650959,0.4605346938597743,0,0
2025-12-27 16:53:23.003538,SW9,91.84326453304861,55.84910173840451,24.14826472852729,0.37170763204635654,0,0
2025-12-27 16:54:23.003538,APP5,80.91217034909235,82.74348224173723,16.31705635994173,0.40852489238274886,0,0
2025-12-27 16:55:23.003538,SW9,66.11814752388977,63.60461523526274,24.254224599293227,0.6025113226994507,0,0
2025-12-27 16:56:23.003538,DB1,89.73897703580376,77.99930200722797,27.864120398290837,0.20748521823317562,0,0
2025-12-27 16:57:23.003538,SW5,94.84247370046309,65.5069517864809,11.830175494643676,0.6887468657561816,0,0
2025-12-27 16:58:23.003538,SW6,111.98483629239976,68.92648922626746,44.091756221535036,0.3055762694951273,0,0
2025-12-27 16:59:23.003538,DB1,94.85408053201718,72.40292636354437,38.54434661940779,0.1007002912648729,0,0
2025-12-27 17:00:23.003538,FW1,65.80372275104723,61.48170674617731,7.6236872877800685,0.6793832529189345,0,0
2025-12-27 17:01:23.003538,APP5,71.92442123137985,67.31213324124829,17.43454764468727,0.45862333690611096,0,0
2025-12-27 17:02:23.003538,APP11,94.48704678478283,92.59836302223444,32.50419803726545,0.9848110710752311,0,0
2025-12-27 17:03:23.003538,DB5,73.21826084584599,73.51452451062725,24.88192511750661,0.4825335518461836,0,0
2025-12-27 17:04:23.003538,SW7,108.94828779098657,85.14759695861672,33.96210324860433,0.532181765948002,0,0
2025-12-27 17:05:23.003538,SW6,229.395393802005,265.853128445063,77.3913777140701,2.0874437538046973,3,1
2025-12-27 17:06:23.003538,FW3,79.72918838247097,91.56096507574627,31.086285598864993,0.5222601338644347,0,0
2025-12-27 17:07:23.003538,APP7,58.32112702367955,89.50281467716088,18.19399539343971,0.14219824093151046,0,0
2025-12-27 17:08:23.003538,APP12,57.55419746383282,62.04304991821506,-3.6459012552012062,0.88885101921643,0,0
2025-12-27 17:09:23.003538,APP5,73.56107781216902,34.501269295283045,18.114707704638867,0.7491736727160164,0,0
2025-12-27 17:10:23.003538,SW6,69.72552538832466,81.77643826533873,14.934991362633516,0.5266251005058783,0,0
2025-12-27 17:11:23.003538,SW5,119.75296024751393,75.08929851942536,9.628762327589477,0.49186036637828967,0,0
2025-12-27 17:12:23.003538,APP2,94.28240919332741,93.33891320460657,38.97918582411879,0.9165504086495899,0,0
2025-12-27 17:13:23.003538,APP14,88.072722066134,70.72413170320367,16.971510720964478,0.3682706503555085,0,0
2025-12-27 17:14:23.003538,APP6,100.71264222495734,89.5791655051799,29.430958211205336,0.4566964344288572,0,0
2025-12-27 17:15:23.003538,SW8,71.66643177801696,56.16273836795881,19.58051048560015,0.11916837111381712,0,0
2025-12-27 17:16:23.003538,FW2,70.61552645361249,41.99810277139442,32.40253887888689,0.4138531345174311,0,0
2025-12-27 17:17:23.003538,APP13,56.329532310466334,80.99625388097023,25.029846732859664,0.055000828424028536,0,0
2025-12-27 17:18:23.003538,APP1,83.4437267368033,57.55094702949873,44.23029399131559,0.552033283855988,0,0
2025-12-27 17:19:23.003538,DB1,72.44075436340404,70.72011032213608,28.07366565486403,0.5903200399103644,0,0
2025-12-27 17:20:23.003538,APP8,73.04739896391501,99.30311388037913,14.46337218319794,0.4477376153420406,0,0
2025-12-27 17:21:23.003538,SW9,100.39588073615083,81.2048314969182,7.737754773461354,0.5454125566831335,0,0
2025-12-27 17:22:23.003538,APP1,23.535519547783927,67.70241804965951,28.039498763229393,0.24124946956257637,0,0
2025-12-27 17:23:23.003538,R2,54.70796157611493,100.15369510146311,32.91010883114345,0.7023301651851862,0,0
2025-12-27 17:24:23.003538,FW1,80.96317935509582,58.2275630616309,40.66654464288334,0.6469484584322761,0,0
2025-12-27 17:25:23.003538,APP1,103.61545409876257,75.79749390975965,41.09585577424875,0.19862369673709057,0,0
2025-12-27 17:26:23.003538,APP11,112.39694734940502,60.48043930937787,21.900330742100497,0.7569312205087757,0,0
2025-12-27 17:27:23.003538,APP14,34.694273625422085,115.11145043380736,13.176163030958746,0.26756826470769035,0,0
2025-12-27 17:28:23.003538,APP12,85.1874304310205,49.176769195292906,37.452687654941954,0.41608982938407346,0,0
2025-12-27 17:29:23.003538,SW1,58.96821931714467,75.54341368939409,21.6278497538737,0.6441103899919367,0,0
2025-12-27 17:30:23.003538,FW2,93.32432045373604,33.347305127359064,24.002916626626792,0.4635340165116916,0,0
2025-12-27 17:31:23.003538,SW4,43.2874010185141,62.83644235211741,14.35111022069811,0.42286712044156144,0,0
2025-12-27 17:32:23.003538,APP4,63.32539677998307,67.94905887890064,9.607345471330591,0.8286121733649635,0,0
2025-12-27 17:33:23.003538,R3,568.3133943394407,374.0467515393354,74.84087389282047,4.236763542987018,1,1
2025-12-27 17:34:23.003538,SW2,63.824115250530625,53.37815576423306,32.47428666813755,0.5983658994188015,0,0
2025-12-27 17:35:23.003538,SW6,128.4583779964608,44.753280649647635,22.572937826126584,0.3188437780814512,0,0
2025-12-27 17:36:23.003538,R2,89.13500778942473,95.67849860409778,21.441614062698186,0.7584155539525113,0,0
2025-12-27 17:37:23.003538,APP4,79.35557802017807,57.51845443956834,20.617583294601918,0.4067378538761799,0,0
2025-12-27 17:38:23.003538,SW5,111.55333447781801,84.9600340233572,11.669952987073556,0.30441780107389205,0,0
2025-12-27 17:39:23.003538,APP15,458.7728687564282,183.4401416971882,118.83548167583226,2.923914733333344,1,1
2025-12-27 17:40:23.003538,APP1,84.89424577463375,64.61923842338848,20.30959490190758,0.5228123904860766,0,0
2025-12-27 17:41:23.003538,DB5,86.5472631103274,68.81206473506883,17.88885383464043,0.8814505496129779,0,0
2025-12-27 17:42:23.003538,FW3,84.43181535328719,55.07824984165944,14.462836635532707,0.45745033003801616,0,0
2025-12-27 17:43:23.003538,APP14,68.4851843495402,97.01055376145095,13.421420569963978,0.48166529024602767,0,0
2025-12-27 17:44:23.003538,SW7,82.78853524387719,86.12424110841003,33.323023715874605,0.6026855177838253,0,0
2025-12-27 17:45:23.003538,DB4,113.28581924807158,79.95877827542635,27.84176969542949,0.49571815903747807,0,0
2025-12-27 17:46:23.003538,SW3,62.06984534933605,59.04982590833809,24.672448964620287,0.6179686995550301,0,0
2025-12-27 17:47:23.003538,DB1,74.79270824253268,90.2650569216342,22.96859294029256,0.5827770867664701,0,0
2025-12-27 17:48:23.003538,APP10,105.56774600164664,45.77766956133789,33.11473400935964,0.9090042648435768,0,0
2025-12-27 17:49:23.003538,SW10,100.07824080133747,73.53589847811114,8.617584347930872,0.4359087981704691,0,0
2025-12-27 17:50:23.003538,DB1,99.09918447189895,59.6507627501223,16.88155296448715,0.26907423903442157,0,0
2025-12-27 17:51:23.003538,APP11,103.33554337169872,65.29356927604006,34.31707892091312,0.5085341791795805,0,0
2025-12-27 17:52:23.003538,DB1,63.55083607907874,40.47949743328566,22.725313392201297,0.4965668585358012,0,0
2025-12-27 17:53:23.003538,APP1,57.54069923272791,35.18027052782776,28.939220301553526,0.3576954944761937,0,0
2025-12-27 17:54:23.003538,APP13,87.60678200681798,76.33038939845565,32.61162707632383,0.5366990604502436,0,0
2025-12-27 17:55:23.003538,DB2,97.02137304033212,82.26723520174635,11.437517845101175,0.6254402957895075,0,0
2025-12-27 17:56:23.003538,DB1,97.22613949232284,84.81049469040579,28.835818254485485,0.3139662910158988,0,0
2025-12-27 17:57:23.003538,APP13,94.55683991527337,59.3680618716571,20.486619440896536,0.25260965257454415,0,0
2025-12-27 17:58:23.003538,SW10,69.62418594152177,64.09711460634725,32.81945083859632,0.45787333406891356,0,0
2025-12-27 17:59:23.003538,SW4,137.89178802995048,184.38240983841015,154.3331654642787,2.8582699536096663,2,1
2025-12-27 18:00:23.003538,R1,97.50218329846062,105.88040026088325,34.43808183334593,0.6936226195743859,0,0
2025-12-27 18:01:23.003538,APP2,26.00579914408401,75.6249550575784,35.300781126549055,0.2525637302959468,0,0
2025-12-27 18:02:23.003538,FW3,74.66281839747128,54.41860397365838,27.70077867584846,0.20349990198167128,0,0
2025-12-27 18:03:23.003538,DB3,73.81391560253137,94.57949079747476,15.347573070513544,0.7340463117383801,0,0
2025-12-27 18:04:23.003538,APP13,77.95266096166385,99.14934395868305,46.59841090838059,0.5233797225644586,0,0
2025-12-27 18:05:23.003538,SW3,32.3070943701136,64.49664219111436,23.949527650944567,0.5440164134424323,0,0
2025-12-27 18:06:23.003538,DB1,83.71193850713227,65.94933107479164,20.165957106530534,0.4576984063866878,0,0
2025-12-27 18:07:23.003538,APP5,104.65559398983746,9.34947462442338,23.425630139816246,0.509086883634534,0,0
2025-12-27 18:08:23.003538,FW3,107.75354994159753,81.56925404693699,28.08695902744237,0.387624771899893,0,0
2025-12-27 18:09:23.003538,R3,119.49226841340754,58.771506844253125,17.155387834539233,0.4420041011402074,0,0
2025-12-27 18:10:23.003538,DB5,120.53389461011577,66.86571558303336,33.63688109474399,0.19945284691864928,0,0
2025-12-27 18:11:23.003538,DB1,97.3474298559844,64.50667457775609,18.93793492589516,0.2746210214992943,0,0
2025-12-27 18:12:23.003538,APP5,98.11674073093471,83.3562203830431,1.3298340719275572,0.8172785741964901,0,0
2025-12-27 18:13:23.003538,DB1,104.19490901094673,70.1290996370779,28.16318095950511,0.4925294293105106,0,0
2025-12-27 18:14:23.003538,SW9,71.64362665433494,59.407390149920076,23.66693052024287,0.7554615038938443,0,0
2025-12-27 18:15:23.003538,APP9,92.32105692936179,85.5495437547479,25.9530656028888,0.3415315695119385,0,0
2025-12-27 18:16:23.003538,APP2,73.37534790699229,55.9896021993968,28.18864944099782,0.42641063590509576,0,0
2025-12-27 18:17:23.003538,APP15,82.71200090397117,81.52196737664295,22.724312276830418,0.4427313531404952,0,0
2025-12-27 18:18:23.003538,R3,429.9644043482693,175.72315928939122,88.44123792150793,2.3265790674512496,1,1
2025-12-27 18:19:23.003538,APP2,113.92239956852228,60.01185024016715,20.38452199474316,0.290345669546331,0,0
2025-12-27 18:20:23.003538,APP12,57.031772870305474,66.47257916969929,32.880454600725876,0.7541132294743812,0,0
2025-12-27 18:21:23.003538,FW3,86.48264522027036,77.85090301993638,32.706760220877875,0.4150024242405442,0,0
2025-12-27 18:22:23.003538,APP13,89.96007830262437,42.32334709401922,22.710305029641408,0.5262556832661748,0,0
2025-12-27 18:23:23.003538,DB5,116.85135583059507,75.09129191654814,18.00506000764514,0.3096145933760498,0,0
2025-12-27 18:24:23.003538,DB1,62.43701771212689,88.95884377941479,12.829966642477977,0.4619065083316699,0,0
2025-12-27 18:25:23.003538,DB3,69.36844066200217,73.56529092671248,44.48486330770543,0.49480524374144014,0,0
2025-12-27 18:26:23.003538,SW7,82.2828794767133,72.19125398983208,26.119403812085288,0.6358365104435106,0,0
2025-12-27 18:27:23.003538,APP4,71.95408480201398,32.1192650028414,29.99559559330422,0.45399694341867197,0,0
2025-12-27 18:28:23.003538,SW10,101.29082621204519,73.59110402810244,24.78566048980004,0.37415729766334327,0,0
2025-12-27 18:29:23.003538,SW9,83.23542457416468,73.04571938894371,34.03553826144591,0.4761637307441792,0,0
2025-12-27 18:30:23.003538,R3,98.69713807185508,86.78702480066933,27.749087287783805,0.651097391728676,0,0
2025-12-27 18:31:23.003538,FW1,117.723049763323,77.74052845454999,43.815898332450644,0.5735695736335278,0,0
2025-12-27 18:32:23.003538,APP14,61.15295877303546,73.86607462196143,22.510438177789453,0.6571715022920692,0,0
2025-12-27 18:33:23.003538,APP3,112.68508909888153,94.37024350486348,35.05761608968228,0.652320270700407,0,0
2025-12-27 18:34:23.003538,APP13,79.81894579733591,49.061901168426324,14.769097311950512,0.13169920588509132,0,0
2025-12-27 18:35:23.003538,DB3,101.96736207039842,65.62783746091988,39.08827117877208,0.4363954602003118,0,0
2025-12-27 18:36:23.003538,APP4,60.839720812656154,71.23781796987042,21.646817320845933,0.10380755602176606,0,0
2025-12-27 18:37:23.003538,SW5,55.26099842861011,94.11024014168082,37.70774659963446,0.5911940118033392,0,0
2025-12-27 18:38:23.003538,DB2,82.81350700879328,91.25074142571715,24.869851963601132,0.3164670198283019,0,0
2025-12-27 18:39:23.003538,DB3,62.96310972892461,92.74799361074028,45.90456522313417,0.36473000380619397,0,0
2025-12-27 18:40:23.003538,DB3,110.42692299230784,103.57220367082056,17.953215163528824,0.7244406801315826,0,0
2025-12-27 18:41:23.003538,APP15,76.09447132136206,75.15288944753266,24.975144371350833,0.6242314616968161,0,0
2025-12-27 18:42:23.003538,APP6,106.06008534837034,54.718052307841134,30.216886420474307,0.43078556682425007,0,0
2025-12-27 18:43:23.003538,APP11,45.709460854915584,79.10628759284062,25.594085687709825,0.3818518889388154,0,0
2025-12-27 18:44:23.003538,APP14,62.72862083113735,92.87982532179372,34.39406919001837,0.44886258812859725,0,0
2025-12-27 18:45:23.003538,APP9,77.765623514224,59.592617241017535,4.858455660252737,0.25945838322266257,0,0
2025-12-27 18:46:23.003538,R3,62.755361610245195,97.30207701795607,27.683920255113772,0.20465641575632076,0,0
2025-12-27 18:47:23.003538,DB5,101.9341992963639,79.23080493306315,24.948546205722554,0.5194614459222483,0,0
2025-12-27 18:48:23.003538,DB5,102.52980133043327,74.26573296472222,30.84490334899771,0.7821725647206845,0,0
2025-12-27 18:49:23.003538,DB4,60.18718853682458,73.50530287803,25.88962145391166,0.3905035520617254,0,0
2025-12-27 18:50:23.003538,R2,95.85434953835629,120.18929699491437,15.3477172780362,0.06626343845776517,0,0
2025-12-27 18:51:23.003538,SW1,77.10061443918282,99.04695713286822,15.644273238126946,0.5260131716283641,0,0
2025-12-27 18:52:23.003538,APP6,81.974843552369,78.40255887052665,27.165938412345966,0.5782243002923166,0,0
2025-12-27 18:53:23.003538,R2,61.74472394464081,85.038582972076,28.93103179828803,0.7083616210469379,0,0
2025-12-27 18:54:23.003538,FW3,139.19363140875066,179.11511955809277,56.066302465188606,1.8361009866705498,3,1
2025-12-27 18:55:23.003538,APP5,103.31564961562532,90.84925531724235,30.5229959839271,0.08661280849507191,0,0
2025-12-27 18:56:23.003538,SW7,82.28199119298854,67.20110639528885,20.233772009056636,0.6278890663662517,0,0
2025-12-27 18:57:23.003538,APP15,84.57202931152503,68.97807439021781,7.353837517959157,0.5042955450438189,0,0
2025-12-27 18:58:23.003538,APP5,68.79486464795393,92.58308067545633,43.40688408257274,0.3294232944035149,0,0
2025-12-27 18:59:23.003538,SW2,104.96108457995322,366.56656460375723,219.73595232235652,1.9475149853594171,2,1
2025-12-27 19:00:23.003538,APP15,64.06741228560224,67.34051291127605,24.85276017180986,0.7153741361153536,0,0
2025-12-27 19:01:23.003538,DB1,96.35159644758404,125.65788786772612,31.370211225045168,0.09268695091922002,0,0
2025-12-27 19:02:23.003538,APP11,56.407047147551594,59.11717338074446,31.527888072988432,0.7526229033746124,0,0
2025-12-27 19:03:23.003538,DB4,582.7915515893277,95.71798314540462,46.69376178744964,0.29748109828493297,1,1
2025-12-27 19:04:23.003538,FW1,78.15615665139636,110.06800027831936,23.627906896054277,0.49214272880794285,0,0
2025-12-27 19:05:23.003538,DB2,120.3648106340151,79.36105190347787,33.26794129029497,0.18921871065122287,0,0
2025-12-27 19:06:23.003538,SW1,129.6111613363062,50.64689513851952,25.881770190226014,0.7613910975136329,0,0
2025-12-27 19:07:23.003538,APP8,289.1978712818196,248.7146157456573,164.22573685324963,2.254984978324642,2,1
2025-12-27 19:08:23.003538,APP8,70.23442196841835,86.16164877426212,26.20387905196452,0.6260025595761616,0,0
2025-12-27 19:09:23.003538,R3,454.244790979848,114.28454016921613,102.4239849099011,3.0243205162605524,1,1
2025-12-27 19:10:23.003538,SW8,87.11099443013543,82.27697053365291,15.138223167881238,0.5069238886811624,0,0
2025-12-27 19:11:23.003538,APP6,89.16956099312115,86.37599872242501,5.148949116296578,0.3950622678669906,0,0
2025-12-27 19:12:23.003538,SW9,36.50086014626904,95.26677554957774,20.68159299805489,0.47633709622408443,0,0
2025-12-27 19:13:23.003538,FW2,47.73619748694147,112.5049530506413,14.87091890536487,0.6114186307469374,0,0
2025-12-27 19:14:23.003538,SW8,73.88554035624793,68.91442725908051,11.468882709210906,0.49008446560774827,0,0
2025-12-27 19:15:23.003538,SW5,103.9928663143588,64.75328585086406,21.764144848441198,0.25100890839617374,0,0
2025-12-27 19:16:23.003538,APP3,331.6141394474914,310.5308070472098,31.55740367765479,1.692341358677647,1,1
2025-12-27 19:17:23.003538,SW8,90.67408117846225,69.02176093986272,16.917773244957928,0.9203430913466206,0,0
2025-12-27 19:18:23.003538,APP13,67.02405068479031,64.72809534302486,23.682150081620726,0.7012954230560763,0,0
2025-12-27 19:19:23.003538,APP1,41.6689064842309,75.07462185066979,25.94238161413876,0.8450221485218279,0,0
2025-12-27 19:20:23.003538,SW7,102.68791609087695,63.41063902607671,28.529441351137507,0.2680998339714793,0,0
2025-12-27 19:21:23.003538,DB1,61.724428441755435,87.44922757827382,24.129361840252013,0.8414471571096085,0,0
2025-12-27 19:22:23.003538,APP1,90.68124017021808,85.27341121813491,46.7480570907286,0.5528022593451812,0,0
2025-12-27 19:23:23.003538,APP3,59.07984721166039,91.46371990255118,25.105226866273085,0.2310574418800132,0,0
2025-12-27 19:24:23.003538,DB4,107.01168325295205,142.67946945745612,26.890096515437417,1.625217204247843,3,1
2025-12-27 19:25:23.003538,R3,58.36974355723184,71.59713385808452,25.537199709456797,0.8630906848851116,0,0
2025-12-27 19:26:23.003538,DB4,86.0305148648989,73.78059078382381,22.741960420411516,0.5973612742496067,0,0
2025-12-27 19:27:23.003538,APP14,55.74722418036371,83.49032784027762,25.966058039650438,0.34618814941459486,0,0
2025-12-27 19:28:23.003538,APP12,63.2610643654577,82.93159877736207,34.67446254915667,0.33933727252374757,0,0
2025-12-27 19:29:23.003538,APP3,49.20243569206008,55.17174150135171,21.727772513996822,0.4069169038570277,0,0
2025-12-27 19:30:23.003538,APP5,69.67198170276458,90.13594056051285,34.71980163720792,0.40239303125370723,0,0
2025-12-27 19:31:23.003538,DB2,91.72774410615912,68.60621964297627,19.266605157736183,0.5503330593884614,0,0
2025-12-27 19:32:23.003538,APP3,65.77715137561071,80.84783331369408,16.101650154427734,0.47115167773460526,0,0
2025-12-27 19:33:23.003538,DB5,37.8243122568776,68.08708098229076,27.04262786270022,0.5296966008260563,0,0
2025-12-27 19:34:23.003538,APP15,104.87739508272486,90.62290514780801,18.869249228554985,0.40240376789891846,0,0
2025-12-27 19:35:23.003538,APP11,116.61445581350267,60.21992241168441,27.99204607545402,0.8567689440737862,0,0
2025-12-27 19:36:23.003538,APP11,64.096174036523,71.16197352248025,36.58405279981434,0.37689929436773467,0,0
2025-12-27 19:37:23.003538,DB4,79.0200410293697,61.57810358706044,43.36132513732127,0.672170807183519,0,0
2025-12-27 19:38:23.003538,SW5,82.27561790594879,70.0489621634649,12.130177366872308,0.46419003044165175,0,0
2025-12-27 19:39:23.003538,SW6,78.45084359349276,103.37074446075036,28.879006455442006,0.22069655927870324,0,0
2025-12-27 19:40:23.003538,APP6,64.42799026340691,83.73770063985205,23.72401945014857,0.2770978709837792,0,0
2025-12-27 19:41:23.003538,APP12,100.19087393620035,65.39637690853338,29.488174274585806,0.4897592670624091,0,0
2025-12-27 19:42:23.003538,APP4,74.54654690541977,43.64177652064488,41.11326089432734,0.3455718935044074,0,0
2025-12-27 19:43:23.003538,R1,125.94262955580476,77.09979577071189,20.314966548261904,0.1679591730407377,0,0
2025-12-27 19:44:23.003538,SW8,68.82415192762019,94.80906706580828,25.300144911093582,0.49248036909526693,0,0
2025-12-27 19:45:23.003538,APP15,81.3313378452128,88.71789309719725,27.896096353686673,0.6291568847023834,0,0
2025-12-27 19:46:23.003538,SW9,112.50012978097894,62.10332715302824,25.32507337544441,0.8559667103330766,0,0
2025-12-27 19:47:23.003538,APP11,38.09302093482087,67.7644919244218,29.00187031405177,0.48637730399567297,0,0
2025-12-27 19:48:23.003538,APP1,92.8731013375872,58.824822864794555,17.415745676000576,0.43176400490969635,0,0
2025-12-27 19:49:23.003538,APP2,98.50619327114518,78.53758347193329,25.68498414733161,0.5570701363244855,0,0
2025-12-27 19:50:23.003538,SW8,71.22791033470749,86.52246508659304,30.871047288099234,0.6010307094890883,0,0
2025-12-27 19:51:23.003538,SW8,105.64928868636082,90.86291311885422,20.31368417899659,0.27591454988751324,0,0
2025-12-27 19:52:23.003538,SW9,417.8248593540514,126.42898476494383,33.11981819549779,2.0359534847004093,1,1
2025-12-27 19:53:23.003538,APP9,347.8328095030289,552.4183076269208,95.68890813753227,1.632357729763051,1,1
2025-12-27 19:54:23.003538,APP10,89.03865066022176,69.05994818751259,21.240009165013753,0.492548562955108,0,0
2025-12-27 19:55:23.003538,SW6,93.83548898574905,68.27314826304884,25.52678336384208,0.6854966243126117,0,0
2025-12-27 19:56:23.003538,APP6,40.00483619818934,97.87383880271736,21.993489128988767,0.479692999380421,0,0
2025-12-27 19:57:23.003538,SW9,70.91658087802152,85.5931815266677,41.738262847789095,0.948296891318694,0,0
2025-12-27 19:58:23.003538,APP3,88.60820997292497,51.03557517626443,28.116803355286276,0.5847604822147037,0,0
2025-12-27 19:59:23.003538,APP11,70.78615066322071,73.4384317324603,29.79423764606221,0.6197686515070615,0,0
2025-12-27 20:00:23.003538,APP12,110.125199853548,104.75974037399001,48.181303416833174,0.2934878572468965,0,0
2025-12-27 20:01:23.003538,SW3,103.12945742939056,93.91748042484443,32.84932526697615,0.9056946790634381,0,0
2025-12-27 20:02:23.003538,SW2,495.87983550681656,342.33594152650244,127.53710244979955,3.1939644204521613,2,1
2025-12-27 20:03:23.003538,SW9,110.02154017367508,61.74026644449996,42.02203518706678,0.5616198494144817,0,0
2025-12-27 20:04:23.003538,APP14,72.32805612987407,95.20192581182953,14.733657704021548,0.43016872360576397,0,0
2025-12-27 20:05:23.003538,FW2,105.54689540027607,109.57445807188412,26.450661292521975,0.23125738276844837,0,0
2025-12-27 20:06:23.003538,APP15,103.1795247932159,82.35158271165561,36.325748766767695,0.31121895967821794,0,0
2025-12-27 20:07:23.003538,APP11,59.8903803751733,70.17513875794677,12.11397378069227,0.3786212923015907,0,0
2025-12-27 20:08:23.003538,SW4,93.58867212682043,84.53136721649263,22.857826110066483,0.7118047424501517,0,0
2025-12-27 20:09:23.003538,APP3,81.50406721637324,64.30027467813578,25.541679429169392,0.07178308741600303,0,0
2025-12-27 20:10:23.003538,APP3,92.01610054287949,84.20328407042534,26.66037652870736,0.5577404640464314,0,0
2025-12-27 20:11:23.003538,SW6,80.65201969648173,46.77686614558726,11.843635544179081,0.8848893851277511,0,0
2025-12-27 20:12:23.003538,APP4,68.18169693259426,86.57697167701707,22.331941819240427,0.6013054375174447,0,0
2025-12-27 20:13:23.003538,R2,64.51150864274025,95.59581225090838,17.63162740765461,0.6503450736056904,0,0
2025-12-27 20:14:23.003538,SW8,72.58819459737364,62.465834388323515,26.38706245961146,0.8453455697739646,0,0
2025-12-27 20:15:23.003538,APP5,73.87101377705713,53.99086790963898,26.6283002381071,0.9546786731359678,0,0
2025-12-27 20:16:23.003538,DB5,67.6506202743874,78.71448032239381,29.635068446868438,0.5321707829226249,0,0
2025-12-27 20:17:23.003538,SW6,105.96444156432061,96.09150979160204,8.1339017020438,0.5947123558030898,0,0
2025-12-27 20:18:23.003538,APP1,78.23897766749603,102.68679571763289,32.019956815324264,0.37327158120018833,0,0
2025-12-27 20:19:23.003538,DB4,422.97036049980704,266.1241989541145,82.62276211742699,1.9258252250724657,1,1
2025-12-27 20:20:23.003538,APP1,103.33462795799441,104.78341539256462,25.548393810015273,0.37401684726384365,0,0
2025-12-27 20:21:23.003538,SW9,118.82845022718453,32.17163845162046,21.81511815368837,0.3518990767761635,0,0
2025-12-27 20:22:23.003538,APP15,84.63616934697014,63.24723095695326,24.792111705559034,0.780120835530592,0,0
2025-12-27 20:23:23.003538,APP10,93.89150675522814,81.42888001633922,13.75610994914467,0.41802547021892444,0,0
2025-12-27 20:24:23.003538,APP12,48.14876465619626,91.32965349687717,20.296237261105745,0.30452106043836136,0,0
2025-12-27 20:25:23.003538,APP15,75.21717561068836,58.42514681429721,27.817560810279844,0.590026479624647,0,0
2025-12-27 20:26:23.003538,APP7,110.83053964147578,79.88760965573363,21.428944492377646,0.24166001580297425,0,0
2025-12-27 20:27:23.003538,APP9,74.48889770766621,88.28027341729113,34.23666150343361,0.38120801899457285,0,0
2025-12-27 20:28:23.003538,SW9,54.605348089797275,91.39014313023102,20.49844141967747,0.3545510318995203,0,0
2025-12-27 20:29:23.003538,APP4,64.75644946366705,78.02206032957207,26.747247016034873,0.0862374471857692,0,0
2025-12-27 20:30:23.003538,APP10,63.03737805590166,83.45478412809975,30.114341074360148,0.6324266160434929,0,0
2025-12-27 20:31:23.003538,APP1,70.12717864030708,38.075504337404944,34.12261721379148,0.4428197138337421,0,0
2025-12-27 20:32:23.003538,SW9,99.72123814743914,58.95443438563795,25.794563177187378,0.4622675414473863,0,0
2025-12-27 20:33:23.003538,DB3,381.8981383630438,301.81259948694935,181.8207057766736,2.955024112071423,2,1
2025-12-27 20:34:23.003538,APP6,46.5443790471143,64.35771927085995,31.15899653331594,0.34184243768813266,0,0
2025-12-27 20:35:23.003538,APP2,102.4663066052453,64.61277921490448,20.861871187769086,0.30842058720826593,0,0
2025-12-27 20:36:23.003538,APP11,80.19097064900576,75.30684041288784,25.77651800688576,0.44970927162918173,0,0
2025-12-27 20:37:23.003538,APP6,98.26797997958242,67.17851171164692,29.381985107448735,0.7699581123272443,0,0
2025-12-27 20:38:23.003538,R2,65.10050016222299,89.02617595173898,23.676452308727306,0.49226768138657956,0,0
2025-12-27 20:39:23.003538,APP9,72.28721194703277,116.23840242102574,10.904688754907925,0.9403964957255015,0,0
2025-12-27 20:40:23.003538,APP6,74.79890034976664,81.6589378324077,17.902351514063515,0.6463727915618594,0,0
2025-12-27 20:41:23.003538,SW4,108.5557052717369,69.20854828102574,30.864537274436255,0.5956946178474227,0,0
2025-12-27 20:42:23.003538,DB5,66.70380682477067,87.94887772868685,29.393841585568897,0.40919681552994125,0,0
2025-12-27 20:43:23.003538,SW4,377.65239355527376,143.54494136809762,269.0263590406714,1.6614213636489117,2,1
2025-12-27 20:44:23.003538,DB3,67.75909641213525,75.55277561050589,36.7959975064092,0.22165814703832976,0,0
2025-12-27 20:45:23.003538,SW9,35.48428341337312,122.8063561375875,22.92207669179246,0.7498025219736514,0,0
2025-12-27 20:46:23.003538,SW5,58.52103029555046,54.291399546034384,31.315024630659074,0.6796357705444547,0,0
2025-12-27 20:47:23.003538,APP4,38.51032791754407,93.32271344695602,21.821508021072887,0.8533493900008312,0,0
2025-12-27 20:48:23.003538,APP9,195.98641629162182,416.85122130897645,105.9477835592638,3.0963024917539332,3,1
2025-12-27 20:49:23.003538,APP6,92.9742507179974,55.22446428611052,23.784453494381168,0.8013599635047357,0,0
2025-12-27 20:50:23.003538,APP15,81.8372013410836,95.01037600951283,19.119266795740366,0.5738484194817279,0,0
2025-12-27 20:51:23.003538,APP13,80.1552448738762,74.47708418480472,-1.0549158644281462,0.5533856392247947,0,0
2025-12-27 20:52:23.003538,APP14,88.42645009036906,93.35120690692304,20.21701336710867,0.631105978226015,0,0
2025-12-27 20:53:23.003538,APP4,118.28658717255176,71.4851524417385,32.913659574764914,0.6530861488397474,0,0
2025-12-27 20:54:23.003538,R1,84.24564348921848,62.6795913119766,8.805186329308437,0.38282296387647025,0,0
2025-12-27 20:55:23.003538,APP7,66.80801691139587,88.22698827994056,26.46124161419307,0.36197339876584445,0,0
2025-12-27 20:56:23.003538,SW6,86.39912633030139,95.1345283941521,21.540011548495112,0.7420822902775615,0,0
2025-12-27 20:57:23.003538,APP13,51.92531607180904,75.05658276306754,39.05687158591258,0.5167782055632475,0,0
2025-12-27 20:58:23.003538,APP5,82.43030105505446,59.3581425998664,31.853018073760275,0.6314257478757122,0,0
2025-12-27 20:59:23.003538,SW5,107.30011113175686,42.20782537437188,29.120123889396286,0.7103071572810195,0,0
2025-12-27 21:00:23.003538,SW7,59.03396816498548,90.30252445660611,24.229106592550004,0.633567167190513,0,0
2025-12-27 21:01:23.003538,APP6,76.85667059698964,87.91238604266049,32.45330015796358,0.659699017675951,0,0
2025-12-27 21:02:23.003538,DB3,107.24720408008974,68.91022416262169,31.094862405543623,0.8954268512298053,0,0
2025-12-27 21:03:23.003538,APP10,98.84116126093355,74.923697819626,32.05741129277988,0.5648165780840914,0,0
2025-12-27 21:04:23.003538,APP5,63.250966758343104,54.91588019013316,18.42367917104263,0.41832900237559656,0,0
2025-12-27 21:05:23.003538,DB1,49.46324918875135,102.5203327756488,28.981477638433372,0.6891786745970763,0,0
2025-12-27 21:06:23.003538,SW9,85.47187551894129,104.43976794209692,19.532843433424016,0.5984223644314278,0,0
2025-12-27 21:07:23.003538,SW10,186.34787663042638,132.883079286755,21.05456087399881,1.2168507970298195,3,1
2025-12-27 21:08:23.003538,FW1,95.22378786467236,64.47784382255959,20.84090389265718,0.5371980737857659,0,0
2025-12-27 21:09:23.003538,SW1,106.05625066548036,92.60959960464746,30.82123679006565,0.7158925815752242,0,0
2025-12-27 21:10:23.003538,APP13,97.51871301244464,116.0044298041977,24.49007711020027,0.7872032798246738,0,0
2025-12-27 21:11:23.003538,SW3,56.52669427551878,74.51022878662911,26.276946383899837,0.40402339647117463,0,0
2025-12-27 21:12:23.003538,DB1,69.66664987080657,78.38286245389168,22.91968917123947,0.3263598461298094,0,0
2025-12-27 21:13:23.003538,R1,57.79148376904656,57.64454954662585,19.94266746478544,0.6484499704616336,0,0
2025-12-27 21:14:23.003538,DB2,76.97905926429462,81.76797640380283,22.68610322769479,0.4864342671613259,0,0
2025-12-27 21:15:23.003538,APP9,25.6301364384572,70.9733789181312,25.56373352851378,0.6000203583557482,0,0
2025-12-27 21:16:23.003538,FW1,68.723133151232,61.14567632252845,22.457609293031595,0.47058048669604724,0,0
2025-12-27 21:17:23.003538,SW2,51.358068861175596,69.3689983062789,14.068822757175498,0.7840230187624111,0,0
2025-12-27 21:18:23.003538,SW1,55.09233844328116,75.06068238489347,28.454408506984127,0.7385763360271171,0,0
2025-12-27 21:19:23.003538,DB2,73.72244312133171,68.44081929999236,18.81079992102027,0.29400463886965955,0,0
2025-12-27 21:20:23.003538,DB1,72.18843239328741,39.801069528348904,14.483980636532042,0.8247725464694253,0,0
2025-12-27 21:21:23.003538,SW9,70.55218318533689,75.71584663720758,15.671527645647046,0.5434657744476582,0,0
2025-12-27 21:22:23.003538,R3,85.8454271017662,51.82394886644627,24.74679770104952,0.6595520629816454,0,0
2025-12-27 21:23:23.003538,APP13,119.39287737381088,69.28491432796883,42.711064466637524,0.12805228132282398,0,0
2025-12-27 21:24:23.003538,APP4,77.1078238642747,72.57889004645759,19.77788891005939,0.4764564408985281,0,0
2025-12-27 21:25:23.003538,DB1,62.89958272204608,80.57529717947496,16.003285417841898,0.6940579839753496,0,0
2025-12-27 21:26:23.003538,APP2,492.0347445826764,172.04259266717625,17.518758064239933,2.7531774924612678,1,1
2025-12-27 21:27:23.003538,SW9,105.61310951923322,94.40930399988655,7.077191166321917,0.6070983289128383,0,0
2025-12-27 21:28:23.003538,APP14,307.4747210552085,419.02046895762845,106.68617015830266,3.4196873645792647,1,1
2025-12-27 21:29:23.003538,SW8,106.65000089528418,67.95119821674452,24.603733384480027,0.7256239050719517,0,0
2025-12-27 21:30:23.003538,APP11,80.18105725491428,57.43669940276313,15.577298322768149,0.2197446537374902,0,0
2025-12-27 21:31:23.003538,APP8,96.85408229263476,72.66399097505864,39.732986718255994,0.37467287474266664,0,0
2025-12-27 21:32:23.003538,DB5,108.83855662834378,95.8038368176108,4.196161798440961,0.5463712713500086,0,0
2025-12-27 21:33:23.003538,R2,78.10640279915745,61.00938890440129,19.0669305396988,0.4689326236000868,0,0
2025-12-27 21:34:23.003538,APP3,74.61151304109913,78.33214089179958,29.903509084113427,0.6113472891572195,0,0
2025-12-27 21:35:23.003538,APP11,79.76241163820764,73.90632517712805,26.571255044196576,0.8077995058791553,0,0
2025-12-27 21:36:23.003538,APP6,63.72045044269503,41.797526821415644,26.321236291871404,0.4611024386034755,0,0
2025-12-27 21:37:23.003538,APP15,68.18467193249579,95.2605747723313,20.075422493107773,0.6124503186579718,0,0
2025-12-27 21:38:23.003538,APP4,87.05409774185529,56.73038579354576,35.31839811771812,0.7978426837336856,0,0
2025-12-27 21:39:23.003538,APP8,46.03777547659602,102.7594960998587,40.396466995802726,0.3506562008076472,0,0
2025-12-27 21:40:23.003538,SW8,92.06542859364421,65.99725091827689,24.71544700218483,0.5419298299997908,0,0
2025-12-27 21:41:23.003538,SW1,75.74214683061776,85.22346233532404,18.58173994669854,0.266155977590115,0,0
2025-12-27 21:42:23.003538,DB3,79.07559691603448,30.863710065775194,30.204890191942777,0.776106477238987,0,0
2025-12-27 21:43:23.003538,R3,82.19424298856802,124.38815367601039,33.18735065112202,0.9714360781704552,0,0
2025-12-27 21:44:23.003538,SW4,75.30808732212934,77.08073413191052,28.997480573831545,0.33481927915712556,0,0
2025-12-27 21:45:23.003538,SW10,61.21384688506741,110.99917043024271,18.20247047071534,0.5581499588886892,0,0
2025-12-27 21:46:23.003538,SW8,88.35797388067907,83.66610458203188,9.89120178755362,0.2115665468956595,0,0
2025-12-27 21:47:23.003538,SW4,299.6377263451439,303.8508508581904,204.0434104243865,3.212894991737087,2,1
2025-12-27 21:48:23.003538,FW2,58.243359441670734,48.3418088075546,41.81799523186437,0.36732285492519673,0,0
2025-12-27 21:49:23.003538,SW6,69.04472765067386,49.52174573047674,34.37264910387381,0.4500210973904735,0,0
2025-12-27 21:50:23.003538,DB3,102.86483752921131,69.66568878603687,26.237050946989676,0.47817540597324837,0,0
2025-12-27 21:51:23.003538,SW7,88.05291287762002,80.51642837196376,25.959845007797956,0.3398387485460303,0,0
2025-12-27 21:52:23.003538,DB4,70.2868544764615,53.92469433267923,19.146215376163706,0.5282666935654008,0,0
2025-12-27 21:53:23.003538,DB3,119.18670574455881,64.2768471980497,31.027374618913527,0.32469942907418425,0,0
2025-12-27 21:54:23.003538,SW6,96.40956367631095,99.40557873807981,31.965504592250724,0.5670753298357705,0,0
2025-12-27 21:55:23.003538,APP11,109.10525657409457,71.68980936067693,7.056415742669554,0.15811962439979182,0,0
2025-12-27 21:56:23.003538,DB5,75.89943626011677,89.76020080554777,35.0556706467707,0.5936536608561939,0,0
2025-12-27 21:57:23.003538,DB3,81.710117809657,89.23214886818698,26.182920156545716,0.7815831984722917,0,0
2025-12-27 21:58:23.003538,R1,50.14343289732399,92.85337539572186,10.188293820333616,0.4086676212368408,0,0
2025-12-27 21:59:23.003538,APP4,93.89796245661515,37.05116071697514,12.31592164412917,0.44110856868532855,0,0
2025-12-27 22:00:23.003538,SW6,54.452647704938855,85.947682668278,32.12790965011774,0.5318971977321212,0,0
2025-12-27 22:01:23.003538,R3,101.8127466169956,71.55478786902742,22.89590424896264,0.48326746174037644,0,0
2025-12-27 22:02:23.003538,APP1,35.26016275120306,97.16988479950969,23.558214609251195,0.5313118501668123,0,0
2025-12-27 22:03:23.003538,APP13,65.41116734517637,51.48432857179506,27.166617179259834,0.7789655361185914,0,0
2025-12-27 22:04:23.003538,SW2,225.81639617173565,405.6834027056462,81.33054260119648,3.6378650178247507,3,1
2025-12-27 22:05:23.003538,R3,64.68960835164359,63.81075517452211,26.460388053001072,0.35987025338839107,0,0
2025-12-27 22:06:23.003538,APP6,83.31692162246365,68.8974386669556,35.756813837739124,0.5105279560021914,0,0
2025-12-27 22:07:23.003538,APP8,109.92995151369124,91.61689714911151,22.476101746147222,0.9012786431299473,0,0
2025-12-27 22:08:23.003538,APP9,104.23047453759668,63.92813332770793,15.236656825018152,0.5237080921111877,0,0
2025-12-27 22:09:23.003538,APP4,94.32203016618152,83.67973164977928,17.033325696881043,0.6055705328915403,0,0
2025-12-27 22:10:23.003538,R2,49.472577303308626,73.36814308320012,29.872802332939052,0.28953392938362366,0,0
2025-12-27 22:11:23.003538,SW4,87.64812389289723,82.10654424581541,29.621499084039343,0.17622671961679098,0,0
2025-12-27 22:12:23.003538,APP11,84.65253534545091,85.00850082813473,7.8305922594866,0.27581292581571726,0,0
2025-12-27 22:13:23.003538,APP8,70.92012758391138,96.64632340654036,26.882686965502685,0.6088292290626529,0,0
2025-12-27 22:14:23.003538,APP6,61.167317121598444,77.11887904757583,32.11231215969886,0.2283830294145957,0,0
2025-12-27 22:15:23.003538,APP7,87.45163626864107,52.24445799671685,15.69632948743046,0.5748131228520588,0,0
2025-12-27 22:16:23.003538,SW7,78.13552127264634,72.08001628156103,28.005159629998786,0.8043188949444233,0,0
2025-12-27 22:17:23.003538,SW2,94.31192058927161,85.53883234096077,16.886072687331232,0.4969724333481477,0,0
2025-12-27 22:18:23.003538,APP1,129.7811455143335,73.86205446144075,21.580919380261918,0.6068877362921934,0,0
2025-12-27 22:19:23.003538,R2,99.39689374370728,49.481321746288884,7.754764580113271,0.3862954895274025,0,0
2025-12-27 22:20:23.003538,APP13,68.15897201492137,99.30613573922997,16.461063424328778,0.5914115273898397,0,0
2025-12-27 22:21:23.003538,SW7,65.00781057665722,61.41511675411732,26.037501340114943,0.45201282656121644,0,0
2025-12-27 22:22:23.003538,APP10,71.89708076236194,59.601393436134266,28.215881669177495,0.5982838154745658,0,0
2025-12-27 22:23:23.003538,APP2,43.885584001905485,60.66819451585022,36.284679872341826,0.8159550436190208,0,0
2025-12-27 22:24:23.003538,APP6,41.79462216467194,120.7671003318276,13.997096702027175,0.47140277602052816,0,0
2025-12-27 22:25:23.003538,SW6,58.14811472485389,73.67128309170452,33.40310115406331,0.44200047976280626,0,0
2025-12-27 22:26:23.003538,FW3,98.74697623509584,75.63892984628863,18.211988311574338,0.653304809272827,0,0
2025-12-27 22:27:23.003538,SW5,118.3272062437967,90.1220715581413,26.692114816562885,0.29220428638470936,0,0
2025-12-27 22:28:23.003538,SW4,91.39901789250744,62.55329236070337,38.731522795565304,0.5567510262364675,0,0
2025-12-27 22:29:23.003538,APP7,52.921347300367074,49.970952177923735,29.662195307958203,0.328839459354317,0,0
2025-12-27 22:30:23.003538,APP13,74.69378312185971,68.20073633995796,55.53069053352863,0.5723414054119181,0,0
2025-12-27 22:31:23.003538,APP3,88.39207674834422,92.2322927431632,14.177396661052164,0.4344502333079836,0,0
2025-12-27 22:32:23.003538,APP9,24.804688713334492,79.84717194747883,25.623639874982842,0.39105302612741166,0,0
2025-12-27 22:33:23.003538,SW1,51.01544688464693,96.32665148928896,31.66908595368269,0.5074225903474165,0,0
2025-12-27 22:34:23.003538,DB5,58.36773680533592,95.86247789641892,21.096711442098055,0.17290188591113642,0,0
2025-12-27 22:35:23.003538,APP6,87.81799145402903,69.30552606926767,29.319889460380846,0.5508283333314623,0,0
2025-12-27 22:36:23.003538,FW1,83.4683079649474,74.22786445466716,20.7174839959037,0.9349145611473686,0,0
2025-12-27 22:37:23.003538,FW3,64.1847179418096,114.57953482358687,14.399712139422626,0.4389487205388083,0,0
2025-12-27 22:38:23.003538,FW1,69.34088729486051,58.463184040724194,25.36567232798846,0.48562370425501417,0,0
2025-12-27 22:39:23.003538,DB4,699.500974890179,130.6552267332547,126.59871602095234,1.9251702428423034,2,1
2025-12-27 22:40:23.003538,R2,85.02552363376455,69.40175358368653,28.272339316571166,0.1793804258931337,0,0
2025-12-27 22:41:23.003538,APP3,57.614161304410416,44.56253486525184,27.876249558933694,0.3591394790753327,0,0
2025-12-27 22:42:23.003538,APP4,89.51284521457583,93.06244940468792,13.800474916634009,0.8742981689541116,0,0
2025-12-27 22:43:23.003538,FW1,75.28283764281535,95.09296764251056,10.372327405383059,0.5562224106122308,0,0
2025-12-27 22:44:23.003538,APP14,75.62382705135201,130.0612866008874,26.606547351909988,0.5494338359817493,0,0
2025-12-27 22:45:23.003538,APP2,132.23892392132828,160.1027495252843,98.91211677930987,3.052941261916884,3,1
2025-12-27 22:46:23.003538,APP1,57.20411026805155,71.74970949425362,30.31490623165062,0.2997725213901521,0,0
2025-12-27 22:47:23.003538,SW8,45.96671399087512,86.28111967644047,28.044021641938308,0.5887073833247265,0,0
2025-12-27 22:48:23.003538,R3,80.57894491533001,94.7165238307405,18.48950229559918,0.648060112319761,0,0
2025-12-27 22:49:23.003538,APP6,99.39721988045798,59.05886691175709,14.846655637048817,0.45375381512893087,0,0
2025-12-27 22:50:23.003538,DB4,100.15012887952768,61.32925995219786,19.098912493537654,0.6063697005103945,0,0
2025-12-27 22:51:23.003538,APP3,19.820258781769624,23.08605785936078,32.84644426409882,0.8981693736510833,0,0
2025-12-27 22:52:23.003538,R2,78.6865619157174,60.566052423522564,36.303643599630824,0.3143372206313421,0,0
2025-12-27 22:53:23.003538,APP14,99.82801003519587,58.24151555305714,27.438748003453288,0.8952406008930073,0,0
2025-12-27 22:54:23.003538,APP9,98.10221805244274,47.117230147059686,28.474489578901277,0.44621736460635386,0,0
2025-12-27 22:55:23.003538,SW1,97.27631616082652,67.38728155745474,23.97500368371293,0.3191876895862027,0,0
2025-12-27 22:56:23.003538,APP12,42.075296319901135,54.02670836505447,7.6394158735240865,0.5166765626010262,0,0
2025-12-27 22:57:23.003538,APP2,72.13873078790688,90.18976007047047,19.519263536337775,0.5287315911340833,0,0
2025-12-27 22:58:23.003538,APP12,98.03492823372515,95.08347274496813,11.806836057573255,0.8936163571656575,0,0
2025-12-27 22:59:23.003538,SW4,79.70574269536552,107.27422409322836,30.26722611296872,0.25844195295151773,0,0
2025-12-27 23:00:23.003538,APP3,53.62303645660735,82.02999462964955,11.90303260025998,0.22334029610064032,0,0
2025-12-27 23:01:23.003538,APP5,84.71376338477496,64.46745894745615,23.07894442535362,0.5113292175109405,0,0
2025-12-27 23:02:23.003538,APP4,119.26487931124528,61.17975627505523,35.73939536651327,0.36622933154742193,0,0
2025-12-27 23:03:23.003538,DB3,79.14073616506218,99.26962349566776,27.41160946829133,0.6755234173077307,0,0
2025-12-27 23:04:23.003538,SW3,83.19725721808543,48.60742642774299,31.49790178380416,0.4797541448926915,0,0
2025-12-27 23:05:23.003538,SW7,98.51336026567684,56.65750255056548,28.218865380689884,0.18700294150294283,0,0
2025-12-27 23:06:23.003538,APP10,58.400251729921735,102.86625121393111,32.50566529296921,0.6551798142170064,0,0
2025-12-27 23:07:23.003538,APP6,113.15607425507224,59.96315440988259,5.404476961638142,0.3796514794377391,0,0
2025-12-27 23:08:23.003538,SW10,100.74202650317869,100.61862390074162,27.269570402402742,0.4875454421899239,0,0
2025-12-27 23:09:23.003538,APP4,89.52549836080948,75.59695647989086,22.31320092631934,0.6624403433924246,0,0
2025-12-27 23:10:23.003538,SW1,77.37284306587199,58.03045646985129,40.24740885002347,0.7234502673858405,0,0
2025-12-27 23:11:23.003538,SW8,79.23198353898134,89.24658483499408,38.192991900998656,0.4717326342557203,0,0
2025-12-27 23:12:23.003538,DB4,86.99016562009618,87.82779286257158,25.65854530204707,0.4560539144819681,0,0
2025-12-27 23:13:23.003538,SW3,58.96430766453558,48.47783813459146,26.691910292702545,0.5759476978581743,0,0
2025-12-27 23:14:23.003538,DB4,82.66691320660627,62.56951751488333,33.44574898130686,0.420239869159959,0,0
2025-12-27 23:15:23.003538,APP5,89.70519587374244,60.64214048691796,49.92545092771665,0.6839923084272288,0,0
2025-12-27 23:16:23.003538,APP3,36.271002543439856,96.0062734205932,36.0291294946947,0.4724975540344908,0,0
2025-12-27 23:17:23.003538,FW2,82.3108436686775,65.41514512765197,30.08398857602025,0.5914217703735065,0,0
2025-12-27 23:18:23.003538,DB5,107.20794366693205,76.98632138481344,14.119673389795091,0.5694958071015299,0,0
2025-12-27 23:19:23.003538,APP14,70.0594555088536,88.09741385217123,38.465579076971466,0.4238488126001554,0,0
2025-12-27 23:20:23.003538,APP2,96.55015569442347,91.3488339001291,18.035272746529927,0.270254730744213,0,0
2025-12-27 23:21:23.003538,APP5,87.55301199151975,58.95021424916568,14.799458403843282,0.5793938574814124,0,0
2025-12-27 23:22:23.003538,FW2,81.80076323772153,86.45537512786441,11.042949294737499,0.5458439737059747,0,0
2025-12-27 23:23:23.003538,APP3,59.45599252735093,42.77007613816938,34.28492145040017,0.6478235330134616,0,0
2025-12-27 23:24:23.003538,DB2,93.66979391299861,47.969446770838005,32.79076184445492,0.7622363515264567,0,0
2025-12-27 23:25:23.003538,SW4,73.88256563234064,71.65522867318622,14.374328567024113,0.5718581770365213,0,0
2025-12-27 23:26:23.003538,SW8,109.34931912007673,423.2760237123486,302.8740412486406,3.0197737238982345,2,1
2025-12-27 23:27:23.003538,SW8,95.23481341083053,20.8001983903981,22.980621446865793,0.27077178499664756,0,0
2025-12-27 23:28:23.003538,SW2,102.07575130299173,72.22547835782824,27.30189527641762,0.5004176670875067,0,0
2025-12-27 23:29:23.003538,SW5,73.79751640122052,80.65980916476005,20.872891339305557,0.435220722772151,0,0
2025-12-27 23:30:23.003538,APP12,79.8598432028135,42.2534348265984,33.10440080735036,0.5901638571462093,0,0
2025-12-27 23:31:23.003538,APP1,83.41226527266947,54.37072201228855,28.652188750886637,0.34687965052157854,0,0
2025-12-27 23:32:23.003538,SW2,53.0602364939624,70.71670220914112,43.537002462859796,0.6360307869564465,0,0
2025-12-27 23:33:23.003538,APP4,109.3054304537603,83.31983501485051,23.722260896935886,0.7058025898400809,0,0
2025-12-27 23:34:23.003538,SW3,93.92172282616015,92.91113359006717,25.904058415843533,0.7021559025537276,0,0
2025-12-27 23:35:23.003538,APP3,57.47518310576925,87.16523711367128,19.464067764613112,0.5242962701735977,0,0
2025-12-27 23:36:23.003538,DB2,94.42070901520849,88.87975245916982,33.307372182007384,0.3786241962886109,0,0
2025-12-27 23:37:23.003538,SW10,93.61371594852977,93.10485283794807,28.541713754941878,0.2911324030284762,0,0
2025-12-27 23:38:23.003538,SW1,95.10183549300018,84.77473034440995,12.570660191503759,0.6490659758783053,0,0
2025-12-27 23:39:23.003538,R3,111.68213689894202,73.84955723554698,25.368166965467235,0.24141972098278763,0,0
2025-12-27 23:40:23.003538,R3,147.64745410019015,42.26269127638891,24.883257194753167,0.4871681205386742,0,0
2025-12-27 23:41:23.003538,SW8,119.69141137146923,68.63084422197566,27.043096157827154,0.675051560818323,0,0
2025-12-27 23:42:23.003538,SW6,53.75396068404939,80.19932639054399,-0.4254774562547645,0.5105051071561734,0,0
2025-12-27 23:43:23.003538,APP9,177.0356274006633,128.33807714014895,153.11688178095332,2.0549855481142365,2,1
2025-12-27 23:44:23.003538,APP11,61.87752680510159,26.19657053790352,25.456234878952788,0.6794542135236804,0,0
2025-12-27 23:45:23.003538,APP8,87.42705341446631,86.11015427060666,26.465033987484226,0.6528322151534269,0,0
2025-12-27 23:46:23.003538,SW5,104.6616648297052,73.14539043855206,25.44914050599804,0.6763149808002842,0,0
2025-12-27 23:47:23.003538,SW9,85.64820247825789,67.25303268508014,43.788156828531406,0.71011391301058,0,0
2025-12-27 23:48:23.003538,SW10,103.47733334905287,90.07564644655504,33.09294296447515,0.689908668294067,0,0
2025-12-27 23:49:23.003538,DB5,57.09640559456317,68.20179062257574,13.508227563302622,0.5309506250965172,0,0
2025-12-27 23:50:23.003538,DB5,72.95427761217606,49.92204939866464,18.49946714468145,0.0412365577027225,0,0
2025-12-27 23:51:23.003538,R1,108.14476477930864,85.10697840139018,24.94676008540888,0.43214199905180783,0,0
2025-12-27 23:52:23.003538,SW5,99.60083865174794,26.71421314967008,19.89839344373319,0.7727511895865244,0,0
2025-12-27 23:53:23.003538,SW7,103.97566786371073,74.70594934630631,0.4933978298336257,0.3274944232926219,0,0
2025-12-27 23:54:23.003538,APP10,98.59390960814709,48.29595304681436,29.363884785731862,0.46533394004449935,0,0
2025-12-27 23:55:23.003538,SW3,120.58507360781331,82.19973160567041,21.177188955960453,0.3323905645114412,0,0
2025-12-27 23:56:23.003538,APP12,108.13874517216215,90.49728171568717,17.809126922741243,0.17071825396980084,0,0
2025-12-27 23:57:23.003538,APP6,94.84543021352825,86.89611079590868,21.274524477409475,0.6447466804696008,0,0
2025-12-27 23:58:23.003538,APP2,46.63107684307639,102.26788035712121,19.612740415234317,0.21432004079065764,0,0
2025-12-27 23:59:23.003538,APP15,93.44130231380257,92.10116258360651,22.87320880514214,0.29974457596863857,0,0
2025-12-28 00:00:23.003538,R3,106.0481403107471,73.51309744707228,44.844626903008475,0.46858512115644413,0,0
2025-12-28 00:01:23.003538,R3,104.99903041063334,63.8814606696677,14.124907188694138,0.49190327214900254,0,0
2025-12-28 00:02:23.003538,APP11,106.84939825261598,61.06343603424259,21.20470596260938,0.2016146229050388,0,0
2025-12-28 00:03:23.003538,APP15,70.40388754208648,82.10691276383234,37.8811650662587,0.6520575057147172,0,0
2025-12-28 00:04:23.003538,SW5,77.71417627422404,95.27977450580379,16.767416379186557,0.5141935854022675,0,0
2025-12-28 00:05:23.003538,SW10,69.06279061478497,69.26806609257999,25.59638509478332,0.7840422988808469,0,0
2025-12-28 00:06:23.003538,SW10,99.57824737423843,79.20441619388018,37.270061600446695,0.6136215440027935,0,0
2025-12-28 00:07:23.003538,SW9,66.6193413802028,55.940185399667214,30.664347269666084,0.41705486126883584,0,0
2025-12-28 00:08:23.003538,APP8,81.23505220308058,79.76531125487679,17.342034129176668,0.6262617158979052,0,0
2025-12-28 00:09:23.003538,SW9,74.41071826504636,69.2662620066888,19.503591714947603,0.3663300984142803,0,0
2025-12-28 00:10:23.003538,SW9,82.87809550806664,59.35828886328555,27.74822605759061,0.49206238044959355,0,0
2025-12-28 00:11:23.003538,SW7,23.21875952769961,76.2530551965217,23.328178322975138,0.6984012473555198,0,0
2025-12-28 00:12:23.003538,SW6,73.34003718506585,72.20402171838279,30.135466727807255,0.6172948405274179,0,0
2025-12-28 00:13:23.003538,SW8,83.1852128675674,65.37038459030353,5.147861316354213,0.2754865598291881,0,0
2025-12-28 00:14:23.003538,R1,82.11458040492973,30.516062207479038,48.1604077725124,0.5073654199933536,0,0
2025-12-28 00:15:23.003538,FW2,57.225842915489686,80.58275859108964,35.133084482367835,0.34218597348359703,0,0
2025-12-28 00:16:23.003538,APP11,74.79400085894909,102.698033351162,16.505528074994043,0.6483115251384767,0,0
2025-12-28 00:17:23.003538,APP9,129.2873378126415,101.3175269746572,19.747502404204376,0.4735555423468202,0,0
2025-12-28 00:18:23.003538,APP8,68.95582121376981,72.210274260586,19.995464441077633,0.12257536477909875,0,0
2025-12-28 00:19:23.003538,DB5,69.70758807378554,93.99785304068948,39.96538710772815,0.5432032832456446,0,0
2025-12-28 00:20:23.003538,APP6,101.44755125657083,63.05913318092309,32.83036710369198,0.3759127256959478,0,0
2025-12-28 00:21:23.003538,SW1,89.7602984878328,77.92732837755466,19.19919106000799,0.5637476188680705,0,0
2025-12-28 00:22:23.003538,R2,56.84994046684388,88.89687571763963,24.89185456908186,0.48740580863489796,0,0
2025-12-28 00:23:23.003538,SW8,39.26078282015916,61.72194838468151,28.919135709497578,0.36986645215084735,0,0
2025-12-28 00:24:23.003538,SW4,76.13454288328168,73.17110493910772,22.2579191221314,0.4729720064444701,0,0
2025-12-28 00:25:23.003538,APP7,73.28206134295132,69.96971747504898,37.36827195713026,0.5026110318081484,0,0
2025-12-28 00:26:23.003538,SW8,65.49933116086018,92.5399444984618,26.549195129497534,0.4894516782152563,0,0
2025-12-28 00:27:23.003538,SW3,118.99657508747438,72.73688483580897,27.43791492576281,0.4247082094061684,0,0
2025-12-28 00:28:23.003538,DB1,67.75219956329647,59.88374331590165,34.19953836140555,0.520798940869278,0,0
2025-12-28 00:29:23.003538,R1,100.18343945062453,64.29473686478921,27.84976664397483,0.4120244737646973,0,0
2025-12-28 00:30:23.003538,SW2,101.94001882989063,69.19393957175518,34.1686358483666,0.09395483473976296,0,0
2025-12-28 00:31:23.003538,SW1,38.64123448205983,94.81274254821983,9.043457843609135,0.48869430958188986,0,0
2025-12-28 00:32:23.003538,SW6,110.18880391336553,59.92964606581323,15.034070226318313,0.613040654452637,0,0
2025-12-28 00:33:23.003538,APP5,51.2220517631736,60.615010035839525,22.302121235431045,0.6011760968042477,0,0
2025-12-28 00:34:23.003538,DB5,67.84178502115404,75.8434271286218,23.52256780971793,0.5229335353425634,0,0
2025-12-28 00:35:23.003538,SW4,92.43550335896956,55.24113951946143,10.536001507601744,0.6060370216977067,0,0
2025-12-28 00:36:23.003538,SW1,58.2280427738336,97.06968433527481,18.139333387779057,0.2465913099140885,0,0
2025-12-28 00:37:23.003538,APP7,52.54356335992384,72.77578238324628,11.269965180762416,0.7609015712960325,0,0
2025-12-28 00:38:23.003538,APP13,55.11034800064367,94.23082871466323,21.214428049689218,0.2686007623390041,0,0
2025-12-28 00:39:23.003538,SW10,95.04678617295119,113.08358743545739,24.59971932699234,0.3705253102002717,0,0
2025-12-28 00:40:23.003538,APP6,96.14177136226581,69.78984766656644,38.10668963687213,0.41810735788173575,0,0
2025-12-28 00:41:23.003538,APP5,103.98010000582264,79.33895428622294,24.607951572495885,0.39165985273116777,0,0
2025-12-28 00:42:23.003538,APP12,73.44486447916283,56.83017924843527,25.613266284133722,0.11330137150139208,0,0
2025-12-28 00:43:23.003538,APP9,98.33493374385738,89.2351363054418,11.913637965007789,0.48929949180393356,0,0
2025-12-28 00:44:23.003538,APP3,105.94129423170287,103.5125279956953,23.193107533861156,0.49339543468610386,0,0
2025-12-28 00:45:23.003538,SW6,89.24901343646502,74.50007944588107,30.94799969529766,0.40993350566467357,0,0
2025-12-28 00:46:23.003538,SW3,104.94760347036518,75.50819586605535,18.692536224121177,0.4335613352039336,0,0
2025-12-28 00:47:23.003538,APP10,329.52025822633124,110.87817054563395,-9.850687049897871,3.0188749357233635,1,1
2025-12-28 00:48:23.003538,R1,53.81340762750592,74.00372849309048,26.66074775982929,0.3818485114394966,0,0
2025-12-28 00:49:23.003538,APP1,100.38844112113588,71.83799679004824,5.516174623000712,0.27065880043544954,0,0
2025-12-28 00:50:23.003538,FW2,47.928074854435906,74.26306724876675,21.466916922025828,0.3953407025407492,0,0
2025-12-28 00:51:23.003538,APP10,80.05647245101505,88.83134683694425,31.55021871545958,0.6325127382532463,0,0
2025-12-28 00:52:23.003538,APP1,67.8451593892974,75.54999221461024,19.855028790380537,0.7743993895825931,0,0
2025-12-28 00:53:23.003538,SW3,78.89576867318384,75.43987043227528,15.721372127331959,0.4634793122263098,0,0
2025-12-28 00:54:23.003538,SW8,50.63986273144021,63.34712827133999,31.530092647594117,0.5626966928103602,0,0
2025-12-28 00:55:23.003538,SW10,79.73110277493213,112.2725918214102,20.388243543793088,0.3351265794443018,0,0
2025-12-28 00:56:23.003538,SW5,108.56534272332958,63.81455507175859,26.05315809172863,0.6751640535236882,0,0
2025-12-28 00:57:23.003538,SW8,115.34731313745097,65.53687415047555,16.244995041012128,0.6610176471459097,0,0
2025-12-28 00:58:23.003538,SW6,64.51253850293524,89.80694413450226,19.256645204592644,0.45432310592802916,0,0
2025-12-28 00:59:23.003538,APP2,99.10216391962732,98.69741006929235,43.914696891278545,0.313262654635343,0,0
2025-12-28 01:00:23.003538,APP11,294.12833796984006,233.95332326506002,204.25587618999037,2.589422168607622,2,1
2025-12-28 01:01:23.003538,SW3,63.20854481101223,82.95168880784432,14.717264667421055,0.3885060699372287,0,0
2025-12-28 01:02:23.003538,SW9,53.24420095354107,73.48289268512126,-3.137267575828105,0.13015340367192474,0,0
2025-12-28 01:03:23.003538,R2,75.94702699094424,90.32060899822099,14.33025227344941,0.3099397749728834,0,0
2025-12-28 01:04:23.003538,APP4,58.21508428270669,44.58166065877245,32.523893407862616,0.584176902789178,0,0
2025-12-28 01:05:23.003538,R1,85.6057071437477,89.24685663811103,37.45269460450004,0.09880530295080658,0,0
2025-12-28 01:06:23.003538,SW9,86.6957673207218,84.48874744041947,2.651266348977618,0.43093283938992233,0,0
2025-12-28 01:07:23.003538,DB3,88.22004025234563,62.816025843456735,32.030536296189965,0.4677335380036972,0,0
2025-12-28 01:08:23.003538,APP7,58.04155084104896,65.66065989753396,39.84561149837654,0.5039864638558064,0,0
2025-12-28 01:09:23.003538,SW6,44.10289583815938,83.63633840012729,14.513954624646683,0.4250275616651199,0,0
2025-12-28 01:10:23.003538,APP12,38.74122519637706,81.78562459568221,32.21165189284266,0.43476296509990375,0,0
2025-12-28 01:11:23.003538,SW3,89.43343192797761,61.01344535477145,27.44722442373502,0.43248000772534506,0,0
2025-12-28 01:12:23.003538,APP8,105.04630545410465,91.26201569822462,26.758268248474895,0.7058609048963185,0,0
2025-12-28 01:13:23.003538,APP14,243.30943533011148,203.80382965382222,163.208499792954,2.695844094852455,2,1
2025-12-28 01:14:23.003538,APP14,91.2867361154844,79.63913888225485,39.538334217772125,0.7673996205092835,0,0
2025-12-28 01:15:23.003538,APP11,70.37851165080346,98.95218680858854,32.936187396108394,0.30897179811998626,0,0
2025-12-28 01:16:23.003538,SW6,82.54671464072166,103.99629556771737,30.975457859161693,0.10248745650084112,0,0
2025-12-28 01:17:23.003538,APP8,66.0850195249743,59.59181629747232,40.79646600069819,0.532631537566246,0,0
2025-12-28 01:18:23.003538,APP9,50.71414904498012,69.94887801482906,60.290483645727384,0.5969649518592283,0,0
2025-12-28 01:19:23.003538,FW1,81.4392554527222,72.96317893962653,28.011348606818686,0.705855171751717,0,0
2025-12-28 01:20:23.003538,APP9,96.70555301510421,70.03720703500358,26.654360989784514,0.5109614755844117,0,0
2025-12-28 01:21:23.003538,SW4,74.28067327520438,73.04396023091196,5.594292018932254,0.7599367763949834,0,0
2025-12-28 01:22:23.003538,APP14,48.108190111526696,84.13736451376312,19.39538818057765,0.2481846916783071,0,0
2025-12-28 01:23:23.003538,SW1,80.77642893249056,101.94805240914097,27.9162192727116,0.46760907849579714,0,0
2025-12-28 01:24:23.003538,APP4,73.31676380610257,101.28056182173093,20.0388966098651,0.42497707585229316,0,0
2025-12-28 01:25:23.003538,APP12,112.91996796680891,47.7476671930121,29.57157484325821,0.3855918172327741,0,0
2025-12-28 01:26:23.003538,FW1,54.13022626824447,79.44411623524769,21.411259591212882,0.8939800929834174,0,0
2025-12-28 01:27:23.003538,DB1,69.53431325873383,34.6549449438366,39.495833824271166,0.36468058019365424,0,0
2025-12-28 01:28:23.003538,SW4,70.12183534611833,100.73834733351622,27.77056496199116,0.2672485608845391,0,0
2025-12-28 01:29:23.003538,APP7,52.516857717634416,114.64490420735584,13.447948233365993,0.9534516575411183,0,0
2025-12-28 01:30:23.003538,APP14,71.81491827045689,93.1115493569435,27.649883781578936,0.7545578950986123,0,0
2025-12-28 01:31:23.003538,APP8,64.20310288131492,74.48374841744116,22.897663220200865,0.6434771118493742,0,0
2025-12-28 01:32:23.003538,APP5,29.63148862351693,77.97497864003823,29.78230082929071,0.46527652306817435,0,0
2025-12-28 01:33:23.003538,SW3,64.23692419873339,48.98669843152091,12.53423115092562,0.2976159186880599,0,0
2025-12-28 01:34:23.003538,R2,69.01096695585579,80.83538212533706,30.606552956678122,0.8392578457723084,0,0
2025-12-28 01:35:23.003538,APP10,70.31015165123733,51.654006748944894,24.134564921331055,0.6627295244272338,0,0
2025-12-28 01:36:23.003538,APP11,57.422122531762966,71.50880432485565,14.136448610897025,0.5796273509302512,0,0
2025-12-28 01:37:23.003538,APP14,56.61476445250547,95.82561714790415,12.673811839732146,0.7446267284903196,0,0
2025-12-28 01:38:23.003538,APP7,66.56359899344271,84.39450173699157,15.10408033049682,0.4612235995828042,0,0
2025-12-28 01:39:23.003538,R1,60.895019224926045,88.71505841669395,43.67455206417222,0.3608590452563405,0,0
2025-12-28 01:40:23.003538,APP1,90.68515362583373,69.59288695057845,36.16086405059285,0.36307756172624994,0,0
2025-12-28 01:41:23.003538,APP15,88.3938815623795,69.37591805424086,15.744315822260795,0.5395593909170231,0,0
2025-12-28 01:42:23.003538,APP6,99.93073521951271,41.77555947866246,24.938287092681538,0.5746764758103288,0,0
2025-12-28 01:43:23.003538,APP4,74.79518007560596,98.58990530162089,33.83344896431409,0.29661400006951144,0,0
2025-12-28 01:44:23.003538,DB1,79.08491890758388,80.7776771639904,45.62456475185019,0.3069566290241311,0,0
2025-12-28 01:45:23.003538,APP13,164.56680198911062,139.07299000142214,13.032130265415987,2.3834793342627387,3,1
2025-12-28 01:46:23.003538,DB3,94.79326352810406,102.47968621291236,18.33765695192822,0.5242671378834998,0,0
2025-12-28 01:47:23.003538,APP4,77.9628173851602,69.10022128814556,14.554513725319158,0.3486098970388788,0,0
2025-12-28 01:48:23.003538,SW7,82.57015634769094,84.36929773263404,27.089927673544945,0.2452608388220558,0,0
2025-12-28 01:49:23.003538,APP1,62.34790509706801,88.56011016505292,26.15854220409797,0.7996581580032498,0,0
2025-12-28 01:50:23.003538,APP3,73.88009518522205,77.82444533119138,23.879682444458425,0.6462256026714815,0,0
2025-12-28 01:51:23.003538,APP9,86.43624811049972,43.01907319233608,30.773074881895262,0.8326465961471715,0,0
2025-12-28 01:52:23.003538,R3,58.298134459331294,101.15355317462601,18.936744222484904,0.46113344923103017,0,0
2025-12-28 01:53:23.003538,DB3,66.28917163935554,96.43841268727869,42.552565896343985,0.4908303826401172,0,0
2025-12-28 01:54:23.003538,APP14,77.7946683759313,80.51560581851514,32.58755173601589,0.3876789238491537,0,0
2025-12-28 01:55:23.003538,R3,83.50708644249333,67.64920466358211,23.560135589517248,0.29047638387856756,0,0
2025-12-28 01:56:23.003538,APP3,60.003960943674045,101.75094495658777,27.23652211068397,0.8469210693189047,0,0
2025-12-28 01:57:23.003538,APP15,118.70748923614156,35.84082353781337,21.429652810873993,0.6823610787543497,0,0
2025-12-28 01:58:23.003538,SW9,44.24527162663424,99.10944740142155,20.216281087054767,0.663615319926937,0,0
2025-12-28 01:59:23.003538,APP14,68.92202177968421,51.874993964458575,19.945158438883404,0.42149651191795556,0,0
2025-12-28 02:00:23.003538,APP12,95.73263274217133,81.76693806536129,16.679288514058577,0.7386556482859463,0,0
2025-12-28 02:01:23.003538,DB5,100.75730474046688,77.60703800704758,9.758152556141653,0.5067600949947738,0,0
2025-12-28 02:02:23.003538,DB5,84.10255222417649,75.49869908911786,17.027924039805818,0.5412331962317508,0,0
2025-12-28 02:03:23.003538,SW10,82.50320678677289,99.09767335892931,20.236838408758107,0.21586789485097269,0,0
2025-12-28 02:04:23.003538,DB3,385.4964999841497,115.70894906545439,93.18663684065267,3.4208332174261695,1,1
2025-12-28 02:05:23.003538,APP3,90.40251905258525,88.11806627380095,12.143076510512657,0.5301825071455187,0,0
2025-12-28 02:06:23.003538,R2,69.06275614571146,72.27958416264559,34.16353683093387,0.5047898402607972,0,0
2025-12-28 02:07:23.003538,SW1,69.86811398757655,47.87084252814138,28.466345267118683,0.6803917360897574,0,0
2025-12-28 02:08:23.003538,SW7,115.81582465574454,46.000065411504536,35.8456348572949,0.9365247594210322,0,0
2025-12-28 02:09:23.003538,SW8,94.57183243675792,75.42954375570267,12.56750334203833,0.5181408252268895,0,0
2025-12-28 02:10:23.003538,R1,84.30802675551969,88.41323825300287,32.03905043868931,0.4686316085351325,0,0
2025-12-28 02:11:23.003538,FW2,90.83247983150356,96.38284566924503,17.928929512011678,0.6736970853715016,0,0
2025-12-28 02:12:23.003538,DB4,86.22671941315593,82.96817490612904,35.98127134248098,0.5265185152265772,0,0
2025-12-28 02:13:23.003538,APP2,372.7717001128278,182.53716232553072,221.20522899799187,2.798054236229177,2,1
2025-12-28 02:14:23.003538,APP6,71.12341507676484,85.61962654452583,8.87232596787522,0.45726896428655894,0,0
2025-12-28 02:15:23.003538,APP9,91.37003558745008,77.68879046251763,51.00967657626762,0.4070593026665832,0,0
2025-12-28 02:16:23.003538,DB4,89.62670690083785,82.70446805123073,35.553436351668,1.0071312932794034,0,0
2025-12-28 02:17:23.003538,DB1,123.7608626835952,56.81020211407238,19.972920742568498,0.5152570361114426,0,0
2025-12-28 02:18:23.003538,R3,307.5515292740673,154.48616138650263,208.43485494350972,3.2521754319504907,2,1
2025-12-28 02:19:23.003538,APP2,84.5276825828646,85.47334015263263,25.694684900534337,0.5109895407613338,0,0
2025-12-28 02:20:23.003538,SW6,41.541547949883565,95.29994522587546,36.86903232199795,0.6015024534959893,0,0
2025-12-28 02:21:23.003538,DB4,76.72021514341463,83.09410951265195,32.97558215381733,0.35152364288268856,0,0
2025-12-28 02:22:23.003538,SW9,53.97999546874435,64.85759031961148,47.116493380149656,0.3927590174598715,0,0
2025-12-28 02:23:23.003538,DB2,112.98792176565382,84.48498350400392,22.647605453774762,0.36590291716408985,0,0
2025-12-28 02:24:23.003538,SW2,100.2449195291188,85.97161759664543,49.080084706630636,0.40194662547783655,0,0
2025-12-28 02:25:23.003538,SW2,627.1738900437772,425.41208037577053,77.81944275755025,2.859393544109671,1,1
2025-12-28 02:26:23.003538,APP6,72.70170864571449,53.19775733432629,29.168077189884205,0.9323423885276554,0,0
2025-12-28 02:27:23.003538,SW4,88.36140779819948,105.70375940578214,21.69746767748247,0.5529490193691414,0,0
2025-12-28 02:28:23.003538,APP10,115.98845820096886,104.55278720953638,28.184058555265043,0.31684103468310465,0,0
2025-12-28 02:29:23.003538,APP5,80.68140242380152,83.8718699596854,22.62993553955626,0.188001577174374,0,0
2025-12-28 02:30:23.003538,FW3,41.44637645930164,87.41059249544132,28.13441218223499,0.8211586815985856,0,0
2025-12-28 02:31:23.003538,APP1,72.45743897020799,89.02536366814019,36.25467243861069,0.2171935038182518,0,0
2025-12-28 02:32:23.003538,APP10,484.83859474074666,425.5718033417947,56.657426224325704,2.9049651881492777,1,1
2025-12-28 02:33:23.003538,APP8,33.46071067692682,78.63466808723408,13.405257121504823,0.8282925488011792,0,0
2025-12-28 02:34:23.003538,DB4,86.25868359929268,83.8647107715683,21.82838571828359,0.2580976754843698,0,0
2025-12-28 02:35:23.003538,DB3,107.76296336818014,77.94983726450329,16.991871363594264,0.6044956799286585,0,0
2025-12-28 02:36:23.003538,DB5,94.67360939986318,92.29860059624605,45.79454734575366,0.4072342428682033,0,0
2025-12-28 02:37:23.003538,APP11,65.61340943644377,52.97963105001563,5.701531807074101,0.6772030966916314,0,0
2025-12-28 02:38:23.003538,FW3,71.27432819271316,66.4401498503393,46.243515941800396,0.5588282284345226,0,0
2025-12-28 02:39:23.003538,DB1,91.91363097335973,35.51402264703175,33.20390114039999,0.3343530422123928,0,0
2025-12-28 02:40:23.003538,R1,91.51330760186974,84.62200871186332,22.968198729271393,0.14518061636615748,0,0
2025-12-28 02:41:23.003538,SW7,95.15165133523521,61.245198991344566,35.08850402745211,0.31738989482688035,0,0
2025-12-28 02:42:23.003538,APP6,616.356595545228,329.1839322821615,259.30680784856713,2.337046110337711,2,1
2025-12-28 02:43:23.003538,APP8,119.85226631533456,95.28750648049316,21.276849421195706,0.6544475681211361,0,0
2025-12-28 02:44:23.003538,DB5,91.80578840745643,94.33376806842011,18.838195220469615,0.42507911992558045,0,0
2025-12-28 02:45:23.003538,APP8,91.58630916618564,79.24361541231424,32.366358620128764,0.39590107128471996,0,0
2025-12-28 02:46:23.003538,DB1,55.38352900085148,66.05904952825776,29.034622453859107,0.3692447257697445,0,0
2025-12-28 02:47:23.003538,SW4,62.781938159752144,82.87779577426528,55.91484783785555,0.8935933518294241,0,0
2025-12-28 02:48:23.003538,APP5,92.75036287576089,107.91969898020837,17.68737077127742,0.2964343202501446,0,0
2025-12-28 02:49:23.003538,DB5,103.72269523612763,67.53080746826775,16.741084883410938,0.6220203811304034,0,0
2025-12-28 02:50:23.003538,SW7,88.45068217595231,35.241135576550576,23.664277245169377,0.14879688850683848,0,0
2025-12-28 02:51:23.003538,SW3,105.75777374669687,35.387907785071306,13.922135487486255,0.5657503124851286,0,0
2025-12-28 02:52:23.003538,APP9,57.74625976400664,53.10356091845789,24.470158452420346,0.34395932116728467,0,0
2025-12-28 02:53:23.003538,APP5,98.84709941655963,53.04346421710919,38.30017555974955,0.5867191580777966,0,0
2025-12-28 02:54:23.003538,APP1,70.84405456039025,112.11260135288487,13.987758933634918,0.3434691143016221,0,0
2025-12-28 02:55:23.003538,R3,159.7835078493639,301.5668851446869,37.11284663781488,3.7717093273860414,3,1
2025-12-28 02:56:23.003538,SW10,38.64067800513577,43.84992608233962,51.995069253574144,0.6358275439993477,0,0
2025-12-28 02:57:23.003538,APP5,78.1563381463085,69.6090195146282,38.362644508426115,0.7341293358031786,0,0
2025-12-28 02:58:23.003538,SW2,78.74234787053557,57.89684351140281,16.996228253961267,0.4541956184871503,0,0
2025-12-28 02:59:23.003538,APP4,90.18571686797868,97.3240843172104,21.76319538398203,0.7458588127099087,0,0
2025-12-28 03:00:23.003538,SW4,59.41516753343881,68.3468336049392,25.25951440806068,0.4092901803882607,0,0
2025-12-28 03:01:23.003538,R3,620.061629412598,388.1300928328469,235.02470961160193,2.7989253314543006,2,1
2025-12-28 03:02:23.003538,FW3,44.55138483064688,94.48694190333049,18.451746350876746,0.6438665815808939,0,0
2025-12-28 03:03:23.003538,SW2,60.82675129704576,108.05605983827479,19.398274229366663,0.4705775498066442,0,0
2025-12-28 03:04:23.003538,SW5,65.41494030032372,66.96525784450569,25.844375430385274,0.7316626785766471,0,0
2025-12-28 03:05:23.003538,APP6,74.11307082227918,82.74097300528292,10.137470970917295,0.5686454733074843,0,0
2025-12-28 03:06:23.003538,R2,126.89490297830952,105.20615059511616,20.473191940045133,0.5061727582042448,0,0
2025-12-28 03:07:23.003538,APP3,55.974013135226066,74.31596708099177,23.530521170853753,0.38621944524140206,0,0
2025-12-28 03:08:23.003538,DB4,76.5733826539396,82.1358620143598,18.69930683507413,0.24688371195830694,0,0
2025-12-28 03:09:23.003538,DB2,610.5621891664823,272.0798780098381,133.54969191850495,2.6930567375956826,2,1
2025-12-28 03:10:23.003538,APP7,62.96232402428113,90.96269126216113,27.628118212859693,0.370185473447408,0,0
2025-12-28 03:11:23.003538,DB1,91.70905265959811,85.51666386536607,11.02616970225781,0.44846396671981903,0,0
2025-12-28 03:12:23.003538,APP2,364.8320104375522,225.00511486854424,191.96883628263924,4.304104686115723,2,1
2025-12-28 03:13:23.003538,APP11,53.51404242235862,77.48730409362553,21.16646893874223,0.29439929247680774,0,0
2025-12-28 03:14:23.003538,SW9,62.217093779036404,98.91319263828836,10.775482014477276,0.40356176439259045,0,0
2025-12-28 03:15:23.003538,R3,76.84451992189615,96.39339215837762,19.15707258260614,0.514392528583181,0,0
2025-12-28 03:16:23.003538,APP11,77.28093339693373,60.06867162279346,18.415556045185244,0.3061227927062421,0,0
2025-12-28 03:17:23.003538,SW10,103.00777711961427,84.1356690563371,34.41262812409883,0.5315669477237879,0,0
2025-12-28 03:18:23.003538,APP3,56.38293761628636,86.10933924324388,24.30179802488695,0.6634977569401157,0,0
2025-12-28 03:19:23.003538,APP6,70.7288407882936,83.62579417947812,23.94963854310314,0.423356555327417,0,0
2025-12-28 03:20:23.003538,SW10,65.15957816299381,60.741112441374035,22.65133736971133,0.5668221098900692,0,0
2025-12-28 03:21:23.003538,SW9,78.51419152425231,71.15267625351908,15.474213274783102,0.4307095374358385,0,0
2025-12-28 03:22:23.003538,SW2,77.49525383385868,68.24518603953229,21.194959967842955,0.3359307948006934,0,0
2025-12-28 03:23:23.003538,APP5,63.10057618715207,77.97558833697266,26.81601745470883,0.44386081929473836,0,0
2025-12-28 03:24:23.003538,APP4,121.86268760071115,92.2613451293867,22.265067128667724,0.6594893360251067,0,0
2025-12-28 03:25:23.003538,APP1,297.9871381096694,300.5999842124603,137.07619867249872,2.6903460141972952,2,1
2025-12-28 03:26:23.003538,APP7,54.1875582391727,94.81761316917867,18.059659171384908,0.22724796681145137,0,0
2025-12-28 03:27:23.003538,DB4,117.09722336412463,76.01851911125311,14.74686659977088,0.5924582400491547,0,0
2025-12-28 03:28:23.003538,APP11,79.5404133079897,99.94874847592064,27.288130265638983,0.5727648010854245,0,0
2025-12-28 03:29:23.003538,DB2,401.3832641344468,233.15304550402868,65.10328435062007,3.68114789960001,1,1
2025-12-28 03:30:23.003538,APP10,103.3663622246628,69.14232472902331,29.16849147091486,0.20990208158392387,0,0
2025-12-28 03:31:23.003538,APP11,72.5192522945517,53.03337814911695,22.434172180606172,0.2141405443581046,0,0
2025-12-28 03:32:23.003538,SW6,67.79360166580896,76.27592997133463,37.79223321006239,0.7302878397608189,0,0
2025-12-28 03:33:23.003538,APP15,91.97515404729819,80.41170042897481,46.54146270805839,0.39767253362564536,0,0
2025-12-28 03:34:23.003538,APP10,97.17959592857315,88.04022595890284,17.791854265082357,0.26177788518545153,0,0
2025-12-28 03:35:23.003538,APP15,59.636643646521264,79.92993362195541,26.22004290736398,0.3248996953152422,0,0
2025-12-28 03:36:23.003538,APP14,70.90377617124854,36.512577008140624,22.245331929798855,0.5529394288768943,0,0
2025-12-28 03:37:23.003538,APP8,98.85513281447413,75.091685392987,30.525335093234215,0.5220885310267619,0,0
2025-12-28 03:38:23.003538,DB2,85.36701943252456,64.02662339197359,25.06595557528314,0.49671599901626867,0,0
2025-12-28 03:39:23.003538,SW2,32.78217562019975,79.10414204494086,11.75359995358088,0.4015071051369019,0,0
2025-12-28 03:40:23.003538,APP3,21.57860149150249,62.68363414346119,28.893971773242946,0.3872246097716375,0,0
2025-12-28 03:41:23.003538,APP8,77.30047842845553,75.80413771399927,15.198331000798342,0.46481431886159125,0,0
2025-12-28 03:42:23.003538,SW1,68.20270278450933,95.51480952224581,7.2590992218055845,0.5272483757326754,0,0
2025-12-28 03:43:23.003538,DB3,84.1146904180704,65.09658134334975,34.52889607498361,0.4407836404203541,0,0
2025-12-28 03:44:23.003538,FW1,88.4060099441221,102.56196118888636,34.48361873122641,0.39242522290602955,0,0
2025-12-28 03:45:23.003538,SW10,67.3112022294866,76.94501853181444,4.42969344578081,0.590116581499195,0,0
2025-12-28 03:46:23.003538,FW1,67.36251411021877,53.17256668616534,18.76682731383459,0.2480505049738147,0,0
2025-12-28 03:47:23.003538,APP13,83.43321085593408,73.96598889128252,22.820361083929182,0.39597425465638886,0,0
2025-12-28 03:48:23.003538,APP3,34.82672347867486,81.47183007721732,23.06297129879454,0.6754203593987883,0,0
2025-12-28 03:49:23.003538,SW6,86.35118241358356,91.00983488044713,25.340964501122805,0.5086522540313817,0,0
2025-12-28 03:50:23.003538,APP4,46.72297523250795,39.74863773218354,24.41036974413588,0.5698926931015471,0,0
2025-12-28 03:51:23.003538,SW5,78.88120190342093,95.82965074258338,36.65711728519922,0.6798428621685142,0,0
2025-12-28 03:52:23.003538,SW3,89.55651551510822,93.20512504140424,9.163676372331668,0.2916574767419226,0,0
2025-12-28 03:53:23.003538,APP1,67.78490141534438,88.79351798666836,23.745337910585864,0.5151448651480193,0,0
2025-12-28 03:54:23.003538,APP6,56.70281168131244,64.18760198045442,21.494818788252047,0.5085260496248584,0,0
2025-12-28 03:55:23.003538,APP10,82.30679518537154,65.0673754978079,27.252581008798128,0.45909918319264775,0,0
2025-12-28 03:56:23.003538,SW2,93.97122975837084,85.76831582249707,12.852384929819626,0.005024703370879791,0,0
2025-12-28 03:57:23.003538,APP6,91.6798102707974,90.73213894691071,17.699071172882736,0.6919956434365696,0,0
2025-12-28 03:58:23.003538,R2,36.135301516049694,36.63155624879678,27.175565375207224,0.3876493712270237,0,0
2025-12-28 03:59:23.003538,SW3,46.6602709405771,60.10835998992361,38.142680920387775,0.7562839107171547,0,0
2025-12-28 04:00:23.003538,APP15,194.419244759379,184.1354610436968,369.00350902837374,3.852538703483389,2,1
2025-12-28 04:01:23.003538,APP14,90.84598094464134,98.78734335786534,35.92919300702941,0.5355054413817458,0,0
2025-12-28 04:02:23.003538,DB2,87.35744432315502,86.36330080062814,17.560817085473555,0.4036366137679014,0,0
2025-12-28 04:03:23.003538,DB2,108.34552388848677,102.34607297538432,19.361565092327037,0.436623269247455,0,0
2025-12-28 04:04:23.003538,APP12,97.25896492523387,88.16230205213031,22.775701141765442,0.7768552891131286,0,0
2025-12-28 04:05:23.003538,SW3,85.3849604932781,85.77604515748266,15.138449850934743,0.36651825910990943,0,0
2025-12-28 04:06:23.003538,APP7,68.9128363782122,51.389666709479144,33.250818758410944,0.6443761766979084,0,0
2025-12-28 04:07:23.003538,DB2,76.73179423230334,109.57011129967196,14.144537616037884,0.7801759336048024,0,0
2025-12-28 04:08:23.003538,APP8,70.06125635988417,58.553798544214686,28.737295835301317,0.6502886780662067,0,0
2025-12-28 04:09:23.003538,APP12,80.1616050196383,41.30996428742134,22.64915918914098,0.2195401273315709,0,0
2025-12-28 04:10:23.003538,APP7,82.43423450878868,86.24036486849468,31.795144187731132,0.40472495788676555,0,0
2025-12-28 04:11:23.003538,APP3,99.91350333559784,74.10583009502068,5.750588921147507,0.6783924753393008,0,0
2025-12-28 04:12:23.003538,FW3,85.39496801270445,66.24564438498795,3.3375352079774814,0.7871622687615236,0,0
2025-12-28 04:13:23.003538,APP4,73.60066347728345,94.47021570062309,20.98875835895572,0.310248855320832,0,0
2025-12-28 04:14:23.003538,DB3,68.13985033710757,87.82420518465855,18.303149514563977,0.5720065823939798,0,0
2025-12-28 04:15:23.003538,APP10,107.51238818606667,73.58631350775767,24.828128324013402,0.7748555313721125,0,0
2025-12-28 04:16:23.003538,APP3,79.45137016724617,90.98326763103421,26.025614576313444,0.7490531165791761,0,0
2025-12-28 04:17:23.003538,APP5,69.54829682461728,68.59066810560623,15.0292878382699,0.5829829751049899,0,0
2025-12-28 04:18:23.003538,DB4,67.31026760136379,56.56823318788972,12.296818250529737,0.33383336634544447,0,0
2025-12-28 04:19:23.003538,APP11,70.91250284287739,72.77728746249888,29.888733996090792,0.2422067549618928,0,0
2025-12-28 04:20:23.003538,APP11,154.03667347258832,314.8958563412192,122.63403127008303,2.7618607260725456,2,1
2025-12-28 04:21:23.003538,DB2,88.53164633303737,75.36832159131146,15.789283261781845,0.43738531145075166,0,0
2025-12-28 04:22:23.003538,APP1,91.82755501047802,75.74006079885484,6.066145969337487,0.6405498285760997,0,0
2025-12-28 04:23:23.003538,APP9,93.26544161532759,81.03362815725033,32.13375937810916,0.6535905682066068,0,0
2025-12-28 04:24:23.003538,APP1,72.72736322382539,89.54276000509495,16.566309587930117,0.5750590018790597,0,0
2025-12-28 04:25:23.003538,R1,21.867755882315983,95.09896539021622,15.82414069241452,0.5963687181442812,0,0
2025-12-28 04:26:23.003538,APP4,68.14625585037719,90.16260223905994,4.052742053204753,0.6671886622970378,0,0
2025-12-28 04:27:23.003538,DB3,42.60959423705765,75.5327359387624,31.200241569872773,0.4467691979689141,0,0
2025-12-28 04:28:23.003538,APP3,69.1278706736704,88.396060757054,27.339277197999934,0.4983631105852624,0,0
2025-12-28 04:29:23.003538,DB1,42.64536238863557,88.72103927566766,29.368821632989395,0.47999626449687655,0,0
2025-12-28 04:30:23.003538,APP13,80.4342413019995,81.16908345563726,27.621852669461507,0.5523132785674175,0,0
2025-12-28 04:31:23.003538,APP11,74.07163991420529,75.89968830808273,26.415290065099644,0.6514631221984348,0,0
2025-12-28 04:32:23.003538,SW5,91.98452520803295,88.3869038217506,29.305199345347095,0.34752006730000506,0,0
2025-12-28 04:33:23.003538,APP12,81.37236501270634,49.00533304197884,23.924856941621293,0.9048951861026764,0,0
2025-12-28 04:34:23.003538,R3,233.40703136941383,382.0992813743262,128.76858961485038,3.630582500058347,2,1
2025-12-28 04:35:23.003538,FW1,92.47415900856714,101.09039010676534,29.73389351997259,0.566594312986749,0,0
2025-12-28 04:36:23.003538,FW1,63.85804869322331,83.24191573244904,29.28046659378181,0.37906397940958314,0,0
2025-12-28 04:37:23.003538,SW1,112.46688354982142,76.93616096141437,0.3382186164388976,0.414421196763348,0,0
2025-12-28 04:38:23.003538,APP9,53.72689857619797,72.94282908452405,15.464317975546908,0.41451699015615606,0,0
2025-12-28 04:39:23.003538,SW7,83.90623658960021,76.75809588354062,34.50586278968164,0.3638864456936835,0,0
2025-12-28 04:40:23.003538,DB3,97.59908808403885,68.73850533570692,17.435008661009864,0.5807911685685074,0,0
2025-12-28 04:41:23.003538,APP15,68.0290636960017,73.29338572019536,27.40895734689535,0.7995172345514956,0,0
2025-12-28 04:42:23.003538,DB1,132.66981144261075,197.41091242941843,75.55558320239525,0.18396311683200606,3,1
2025-12-28 04:43:23.003538,SW6,467.09014450913173,417.32995364133205,216.38070678614648,2.4174706717821652,2,1
2025-12-28 04:44:23.003538,SW6,73.59908158836573,86.43338367260822,32.8642590307421,0.44249280355052123,0,0
2025-12-28 04:45:23.003538,APP3,86.24947920974908,60.071257408180024,23.691433627433074,0.29683260163901115,0,0
2025-12-28 04:46:23.003538,APP8,89.65702108209183,76.22511717354764,16.52099225151229,0.6458462430777526,0,0
2025-12-28 04:47:23.003538,SW10,61.15754439114828,85.23907310560026,31.288608773960593,0.7683702881209034,0,0
2025-12-28 04:48:23.003538,APP14,42.036762477750834,96.19937666712049,-13.967865403890983,0.7935119181417086,0,0
2025-12-28 04:49:23.003538,SW10,63.03125637527877,67.9571564171049,38.27843348849184,0.6468061339438005,0,0
2025-12-28 04:50:23.003538,APP5,83.60288413634356,91.39874843170197,30.29815020108121,0.7861817060670917,0,0
2025-12-28 04:51:23.003538,DB1,43.41714873210104,45.096965605811775,-3.2926590465636387,0.7664990179241453,0,0
2025-12-28 04:52:23.003538,APP14,478.06569215764,267.71940376267435,79.42235891045863,2.6229803591123773,1,1
2025-12-28 04:53:23.003538,R2,51.324995696710026,92.1022906564762,21.31564450297751,0.6359003798934977,0,0
2025-12-28 04:54:23.003538,SW1,67.29567292105558,71.4550328103657,24.43489305228536,0.6579814258930974,0,0
2025-12-28 04:55:23.003538,SW9,99.31270696007321,78.13803225917489,28.605145652374482,0.3569402177739954,0,0
2025-12-28 04:56:23.003538,APP3,76.38383449619523,82.57494824898367,7.784682560255995,0.3454477891231309,0,0
2025-12-28 04:57:23.003538,APP9,79.32373138561454,76.40415744296865,14.116437204700762,0.6981112676417075,0,0
2025-12-28 04:58:23.003538,APP9,87.74491078275189,74.96739981686882,28.46048551559125,0.9765264842906398,0,0
2025-12-28 04:59:23.003538,APP5,103.11486295051435,79.40409745657837,18.195974714422473,0.7364846890151047,0,0
2025-12-28 05:00:23.003538,APP2,87.36098807577038,82.37617249667738,21.519674345575933,0.5845905837404073,0,0
2025-12-28 05:01:23.003538,SW4,102.39553793839903,90.02516094402205,19.72608729063441,0.4503179906953652,0,0
2025-12-28 05:02:23.003538,SW4,60.18603582428144,67.69785794962877,31.202765378723736,0.7395139562789766,0,0
2025-12-28 05:03:23.003538,FW2,54.13641464749024,55.59817842371058,22.263514601906735,0.15430373751659254,0,0
2025-12-28 05:04:23.003538,APP3,72.24200326306024,79.66409245879869,21.823885061550193,0.40034019035264273,0,0
2025-12-28 05:05:23.003538,APP2,52.99999640268343,49.462888791990736,32.005456744087056,0.36764575987948755,0,0
2025-12-28 05:06:23.003538,SW1,88.76464487409146,74.40073837929248,22.151203775714563,0.21672956302850116,0,0
2025-12-28 05:07:23.003538,R3,62.96336405137946,80.47395098843204,26.968670326926915,0.23226326249539458,0,0
2025-12-28 05:08:23.003538,APP2,46.58369450018908,44.88697127216328,26.4776337919026,0.33533985576933767,0,0
2025-12-28 05:09:23.003538,APP13,67.07518794455468,75.1902928107873,37.07421922559987,0.3626855361110545,0,0
2025-12-28 05:10:23.003538,APP5,106.86861522186615,73.41248098623058,32.324320360017936,0.5974744039954303,0,0
2025-12-28 05:11:23.003538,SW4,72.17669606093384,95.81642464669918,23.74514483139677,0.5044334816560769,0,0
2025-12-28 05:12:23.003538,APP2,71.8044325860617,71.40000899803418,42.77538566950227,0.4011849831482509,0,0
2025-12-28 05:13:23.003538,R2,88.3595939371608,79.97166958362872,13.92796070879444,0.14979254508851647,0,0
2025-12-28 05:14:23.003538,SW8,67.83986294481582,89.17731643257025,20.801214584917208,0.23532125542860793,0,0
2025-12-28 05:15:23.003538,APP11,74.77835502203851,124.62046126908955,9.762596194550815,0.6632188015036651,0,0
2025-12-28 05:16:23.003538,APP11,82.85585918095474,93.46014361416827,26.910515132927557,0.5224172625755792,0,0
2025-12-28 05:17:23.003538,APP4,372.54862017521066,103.4095641800528,125.61600739703758,2.762350452911365,2,1
2025-12-28 05:18:23.003538,FW1,73.84777479525893,52.89902049035929,25.283991044856784,0.505121066585785,0,0
2025-12-28 05:19:23.003538,APP10,117.31043344317045,61.014744974216356,25.89792398804479,0.3771588442602377,0,0
2025-12-28 05:20:23.003538,SW7,93.48026109262766,49.14998189928882,13.302909325360607,0.5280552747395059,0,0
2025-12-28 05:21:23.003538,APP1,108.96080903014223,73.67749228227434,39.84506007930949,0.9376061546773715,0,0
2025-12-28 05:22:23.003538,APP4,52.45092507521977,82.09294938839446,19.113297099673517,0.7746689268627067,0,0
2025-12-28 05:23:23.003538,APP6,59.8980187463556,57.40239103419616,25.1927691311663,0.3034657963310029,0,0
2025-12-28 05:24:23.003538,APP6,73.29706515703901,48.5458268412401,23.604805261886174,0.37605776816429165,0,0
2025-12-28 05:25:23.003538,DB3,476.54549851467675,206.32417437835272,81.17295173278153,3.856986718207742,1,1
2025-12-28 05:26:23.003538,DB1,62.3209212648504,58.47955996340323,13.483287220624112,0.3918146724296398,0,0
2025-12-28 05:27:23.003538,DB5,67.39690095188018,58.8539990432198,28.53593113498081,0.6487058432779192,0,0
2025-12-28 05:28:23.003538,APP8,38.230572579675346,98.09137662181811,16.61906408991191,0.5554135481578268,0,0
2025-12-28 05:29:23.003538,APP14,36.956642300212216,60.58379672655444,24.313122116562624,0.48002702667983815,0,0
2025-12-28 05:30:23.003538,SW8,98.3195239236954,68.0806953794226,27.974677181952725,0.37000737678582596,0,0
2025-12-28 05:31:23.003538,APP15,82.15620154386013,79.80351762603746,24.292329676735605,0.49492864083155474,0,0
2025-12-28 05:32:23.003538,SW3,90.91471023035999,48.98900060785995,28.19834466132268,0.431679330410396,0,0
2025-12-28 05:33:23.003538,SW4,92.20080904879296,101.87633598562645,32.73861075024166,0.6813360570274543,0,0
2025-12-28 05:34:23.003538,APP10,85.53790153312794,59.48301464617063,42.99727555617994,0.2018260524411406,0,0
2025-12-28 05:35:23.003538,R2,239.21858108848357,151.90793080294983,210.52441875892157,2.6625291880188975,2,1
2025-12-28 05:36:23.003538,SW8,78.85616633054822,76.86515859862818,40.24016251614521,0.12019887027068099,0,0
2025-12-28 05:37:23.003538,SW4,85.2840720781203,117.65610235791834,30.951989706341884,0.5894288655268347,0,0
2025-12-28 05:38:23.003538,APP15,83.21336175847811,99.38242133685213,31.95622905301584,0.49215457611301233,0,0
2025-12-28 05:39:23.003538,APP12,98.45941510607777,65.36923960102484,25.492299021937125,0.5966699736437303,0,0
2025-12-28 05:40:23.003538,DB1,74.10733849293888,62.249235812194115,35.53846808195978,0.46172917553582576,0,0
2025-12-28 05:41:23.003538,DB3,100.68058868145762,89.15781013204975,19.39185655214348,0.4527547291080677,0,0
2025-12-28 05:42:23.003538,APP13,121.88242403437883,49.151524228722124,31.69693546749735,0.48133186635409125,0,0
2025-12-28 05:43:23.003538,APP1,82.51636787804222,61.3045257965997,25.338477052962492,0.678709378284947,0,0
2025-12-28 05:44:23.003538,FW2,102.18164080254513,59.99092444705042,41.029910136557774,0.4549423885037256,0,0
2025-12-28 05:45:23.003538,APP8,46.26391714898223,77.0948540441596,26.901083823161038,0.42839981759012696,0,0
2025-12-28 05:46:23.003538,APP6,201.34127954291787,268.51455911659593,66.72027766135712,0.029691709006684497,3,1
2025-12-28 05:47:23.003538,SW4,306.2346954182081,375.97827704974344,192.655073566211,2.616748740110447,2,1
2025-12-28 05:48:23.003538,DB2,78.66494804130843,63.4926792228577,30.072114788457057,0.41678645469156583,0,0
2025-12-28 05:49:23.003538,APP3,72.6344531762753,48.4338269777262,21.249682950714604,0.5926966937190083,0,0
2025-12-28 05:50:23.003538,DB4,76.16386700387241,92.71576554956499,7.288301752459212,0.6305247954933946,0,0
2025-12-28 05:51:23.003538,APP1,96.74333354142846,83.3299224258553,26.43680533716334,0.350838515585644,0,0
2025-12-28 05:52:23.003538,APP10,51.62052168579663,67.02747157115994,26.64453441241025,0.48712079578902207,0,0
2025-12-28 05:53:23.003538,SW4,53.472696685192965,68.5799160045528,20.37103740610538,0.5867454626193563,0,0
2025-12-28 05:54:23.003538,SW5,49.643111323716624,98.62744866432058,18.671453940685705,0.47987196099080187,0,0
2025-12-28 05:55:23.003538,APP10,91.01518509793469,80.01936388187983,40.2409963320756,0.36019613095992997,0,0
2025-12-28 05:56:23.003538,DB3,56.13592952170117,56.788797325624714,26.31108254726771,0.3954409078461184,0,0
2025-12-28 05:57:23.003538,APP1,36.30563530524603,22.559091751064578,25.126122973460777,0.6772285715565894,0,0
2025-12-28 05:58:23.003538,DB5,86.98536078842409,63.14486185647751,9.492905637973742,0.7727786824733127,0,0
2025-12-28 05:59:23.003538,DB2,89.10831728533944,97.08963018166307,15.562578110132021,0.5878258969808774,0,0
2025-12-28 06:00:23.003538,SW9,86.73697166310129,85.10815157682842,35.33057496091002,0.35530610664476864,0,0
2025-12-28 06:01:23.003538,DB1,47.94378263335726,63.58548847689118,38.83955384336677,0.426153379932135,0,0
2025-12-28 06:02:23.003538,SW4,84.14571297183807,47.302893203646434,27.323310684410416,0.6452670680881673,0,0
2025-12-28 06:03:23.003538,APP12,78.45658980981972,87.07468754205968,28.90665366718961,0.47094932279113655,0,0
2025-12-28 06:04:23.003538,FW3,59.46327614596395,58.14614888713377,21.226231306797178,0.5264164043919174,0,0
2025-12-28 06:05:23.003538,FW3,66.45870823689914,93.5856673937749,34.259332521429634,0.48981714730167875,0,0
2025-12-28 06:06:23.003538,APP12,101.55411687790644,48.469245805798806,28.338994492050418,0.6988151680241234,0,0
2025-12-28 06:07:23.003538,SW10,111.63092254997161,61.64193435960847,27.343426336896332,0.5769345631146522,0,0
2025-12-28 06:08:23.003538,APP15,88.20503055387125,60.25791592302696,48.50707652957428,0.8156648237150284,0,0
2025-12-28 06:09:23.003538,APP1,56.048265027156816,89.65589239127313,27.373273134981424,0.536796473011012,0,0
2025-12-28 06:10:23.003538,DB3,150.46302407608837,207.05243059536755,278.0247290320019,2.4136504522281155,2,1
2025-12-28 06:11:23.003538,SW1,95.54719805511513,59.51853633777513,23.64776142645944,0.21764064618543466,0,0
2025-12-28 06:12:23.003538,APP14,69.77160918250186,84.22428997403755,31.9672056971561,0.142736387489798,0,0
2025-12-28 06:13:23.003538,DB5,91.53010896895822,60.43304008207091,28.642721939802644,0.23813510050814646,0,0
2025-12-28 06:14:23.003538,APP7,83.69546720690772,97.31273485504423,29.852527592449572,0.5672093214597977,0,0
2025-12-28 06:15:23.003538,APP8,53.91851229828213,48.82728098852027,29.289628064379063,0.3733342352936694,0,0
2025-12-28 06:16:23.003538,APP4,70.91298213933001,55.30426145366406,31.4261301103828,0.48633436251037804,0,0
2025-12-28 06:17:23.003538,FW2,67.92038158130111,84.73790711965694,12.899417578450493,0.6339536387864652,0,0
2025-12-28 06:18:23.003538,DB2,89.40080009098368,75.53890863744908,25.853628199456423,0.45992270376830524,0,0
2025-12-28 06:19:23.003538,SW10,60.112059389181766,59.036402312326786,22.034223003431293,0.5940146490829791,0,0
2025-12-28 06:20:23.003538,SW5,96.46552400939704,85.11510254905753,34.67467261554658,0.7343321922986159,0,0
2025-12-28 06:21:23.003538,APP3,116.83392077965125,73.9957162707726,28.461832023677548,0.8642677039327212,0,0
2025-12-28 06:22:23.003538,DB2,106.39284846622222,77.22887592846158,35.08279467234276,0.33158178475556543,0,0
2025-12-28 06:23:23.003538,SW6,114.99255261884987,43.08998112286772,33.005847170877516,0.43880318206402347,0,0
2025-12-28 06:24:23.003538,SW2,86.886223166566,62.03283800273802,27.659038799839088,0.6827033836046535,0,0
2025-12-28 06:25:23.003538,APP11,64.86363052600183,82.3195096950376,29.468839020185946,0.849061750854518,0,0
2025-12-28 06:26:23.003538,APP5,66.61818396972879,61.081286750952735,30.806799849742017,0.370218761170837,0,0
2025-12-28 06:27:23.003538,SW10,373.1192181591711,325.13144080577314,380.7240208841413,2.0593773388796937,2,1
2025-12-28 06:28:23.003538,FW3,66.49346002153746,81.30686517285051,26.99349787385229,0.1611459137223591,0,0
2025-12-28 06:29:23.003538,APP15,81.72819646160356,64.81427468563503,28.473513356121504,0.01442985174158018,0,0
2025-12-28 06:30:23.003538,APP2,89.0074220759099,89.54813222104073,25.07799156175614,0.17561416255728152,0,0
2025-12-28 06:31:23.003538,R2,81.85237938565741,68.9227341266839,21.551478245802766,0.1838562310442619,0,0
2025-12-28 06:32:23.003538,DB4,116.23102064661379,71.7152883135405,17.80388689169647,0.3193968711865255,0,0
2025-12-28 06:33:23.003538,SW2,105.63338358552048,55.1676386603466,23.399405630981047,0.48782379094554285,0,0
2025-12-28 06:34:23.003538,DB1,87.22146931872634,78.87970012505372,19.19987299541703,0.44610158168009273,0,0
2025-12-28 06:35:23.003538,FW1,126.10844042560566,113.46255504973371,29.532264347433287,0.37112671388611107,0,0
2025-12-28 06:36:23.003538,SW8,71.83020566871902,91.67851735000882,26.19486903014484,0.6439964265031787,0,0
2025-12-28 06:37:23.003538,APP14,113.66933756651753,42.57561502352496,18.371440272521657,0.47987798751488026,0,0
2025-12-28 06:38:23.003538,FW2,107.95531405054776,59.418508653190706,35.709309426151485,0.686020995950309,0,0
2025-12-28 06:39:23.003538,APP8,57.33380012126253,94.04998777114191,25.303698130599297,0.8048702895950672,0,0
2025-12-28 06:40:23.003538,SW4,396.5579041661342,218.16993193812402,107.34662089349968,1.546135211858205,1,1
2025-12-28 06:41:23.003538,APP7,124.34920696190275,89.20876156434275,31.914417096283028,0.5488465493466465,0,0
2025-12-28 06:42:23.003538,SW5,60.070179082423365,69.52783214941573,26.201797794247305,0.6180128738553876,0,0
2025-12-28 06:43:23.003538,APP11,39.74173059016599,65.28157102754116,12.921638608801661,0.31859252545308636,0,0
2025-12-28 06:44:23.003538,APP3,93.79215163176731,65.72259644987693,32.273698531373476,0.6676502777217801,0,0
2025-12-28 06:45:23.003538,APP15,96.01820607016172,68.67870573934607,22.62346928242752,0.4173755335695764,0,0
2025-12-28 06:46:23.003538,R3,67.29476320024044,83.6798287267121,13.592681351936086,0.324499407192973,0,0
2025-12-28 06:47:23.003538,SW6,102.88347151223593,67.47436781984632,36.628731602813524,0.6316469214006202,0,0
2025-12-28 06:48:23.003538,R2,103.15408711640279,87.25743536697826,17.745952425090337,0.36621429105138015,0,0
2025-12-28 06:49:23.003538,DB3,76.45347118400966,75.66382687899711,18.944234114516235,0.1799969168110378,0,0
2025-12-28 06:50:23.003538,DB1,64.1937051942765,54.830027331105335,20.784984767851842,0.6076859618884773,0,0
2025-12-28 06:51:23.003538,R2,62.58847980282143,85.42741973456965,18.77734594767766,0.6974359257330085,0,0
2025-12-28 06:52:23.003538,SW1,82.78619056945325,113.3545025534759,33.113667286695375,0.40122155833873285,0,0
2025-12-28 06:53:23.003538,APP5,95.02163382503346,100.83389345059308,27.763350985277057,0.196705649260017,0,0
2025-12-28 06:54:23.003538,APP2,54.624370590419176,93.18471527797325,31.865694778711052,0.6385888117639316,0,0
2025-12-28 06:55:23.003538,APP5,49.35087944334906,34.6745807005557,15.289505860502793,0.2245594485653235,0,0
2025-12-28 06:56:23.003538,APP4,93.37613169224383,62.37166550291722,33.694766552456876,0.5891001960637021,0,0
2025-12-28 06:57:23.003538,SW7,102.137242625097,65.21205686492537,39.70745847150381,0.27299835801957617,0,0
2025-12-28 06:58:23.003538,APP1,97.97245261043022,58.8725946352119,19.374173762375406,0.4244571036294239,0,0
2025-12-28 06:59:23.003538,APP13,80.55461149726673,85.07635160960402,7.507867633126491,0.5312519929792531,0,0
2025-12-28 07:00:23.003538,SW6,35.209732135260666,56.698534153675666,24.28268398280961,0.784113952210798,0,0
2025-12-28 07:01:23.003538,SW4,87.79305447721174,55.51851903361989,24.215468415658155,0.34477075186900796,0,0
2025-12-28 07:02:23.003538,DB3,86.44350758688228,82.48368566016157,22.487606969870882,0.564675439803877,0,0
2025-12-28 07:03:23.003538,SW4,111.4094059770078,80.17118976283449,30.549909983700523,0.4857599551917758,0,0
2025-12-28 07:04:23.003538,DB5,109.75187540385757,73.58380645879862,19.652849203101344,0.3772972845645705,0,0
2025-12-28 07:05:23.003538,SW7,97.36040502890695,76.71855828079602,5.564096360949197,0.10631394384170767,0,0
2025-12-28 07:06:23.003538,APP5,97.12674536688807,58.69725257387387,12.015896619514642,0.4683879136556109,0,0
2025-12-28 07:07:23.003538,SW3,100.59110942835241,79.21752903515143,17.33960259937776,0.1456831047309104,0,0
2025-12-28 07:08:23.003538,SW10,98.69298834875764,79.9026731545652,16.595309759937784,0.37270924466353694,0,0
2025-12-28 07:09:23.003538,R2,73.04846055578673,53.51709361046977,6.100723065049163,0.5999243079279812,0,0
2025-12-28 07:10:23.003538,SW5,99.58346151176481,57.71273244502133,29.69992908714895,0.5200130368880517,0,0
2025-12-28 07:11:23.003538,DB1,103.26185149865364,113.08058067749744,16.518726581197885,0.10493841729299735,0,0
2025-12-28 07:12:23.003538,SW8,65.06299936163389,85.82466383054204,20.46188399944916,0.5803440581083965,0,0
2025-12-28 07:13:23.003538,APP10,67.75488131706865,59.0648790487148,25.652823987739936,0.8181331098084768,0,0
2025-12-28 07:14:23.003538,SW7,77.96888272123448,93.3561816657141,29.11159099504595,0.29025132104854423,0,0
2025-12-28 07:15:23.003538,APP15,97.6076045289445,65.70066680093896,20.41481673604678,0.5892594512737461,0,0
2025-12-28 07:16:23.003538,FW1,60.108347984917216,110.03180921117276,11.779473317737835,0.2434030569016098,0,0
2025-12-28 07:17:23.003538,APP10,61.974867162539724,110.41028164598679,14.234713875849692,0.693380857074981,0,0
2025-12-28 07:18:23.003538,SW6,76.60173318263827,42.3672030766551,28.624036715839793,0.6679250473605484,0,0
2025-12-28 07:19:23.003538,APP9,78.70517582302715,69.02760153677015,38.6134304531013,0.49612499614938843,0,0
2025-12-28 07:20:23.003538,SW2,86.37379705979748,57.328960083091104,25.46802809300035,0.41015078777125624,0,0
2025-12-28 07:21:23.003538,APP10,84.48247080104744,63.587585452705355,37.0332461126101,0.5188618371018017,0,0
2025-12-28 07:22:23.003538,SW4,73.0277420266777,68.96281828877005,21.463508624427178,0.26807802557036375,0,0
2025-12-28 07:23:23.003538,R3,72.83371341921207,72.31552162584148,35.747902185730375,0.7484758389840007,0,0
2025-12-28 07:24:23.003538,SW5,47.45040944650981,69.11950960126013,21.435043087776037,0.38892721486891935,0,0
2025-12-28 07:25:23.003538,APP4,68.72449513919241,81.24695800277219,19.222581499511804,0.7474982176795123,0,0
2025-12-28 07:26:23.003538,APP9,84.48083210013141,74.5935699644721,8.28657248636383,0.5890631310870624,0,0
2025-12-28 07:27:23.003538,APP13,47.263792858046536,77.38740524064252,13.0801845558556,0.23998104451987673,0,0
2025-12-28 07:28:23.003538,SW5,84.18110861158381,63.16993407136401,29.11353839551635,0.7164801501442318,0,0
2025-12-28 07:29:23.003538,SW2,63.552645698079864,60.195427583174094,12.198073628162883,0.06354768549308054,0,0
2025-12-28 07:30:23.003538,SW7,61.031618731416586,75.06891947148142,28.393486415270942,0.35668660114855966,0,0
2025-12-28 07:31:23.003538,APP13,96.18148741431398,52.992410473685666,29.394933880440572,0.4098371840456882,0,0
2025-12-28 07:32:23.003538,R1,48.32825881455848,66.4016313511577,16.812475546182462,0.4016967978686844,0,0
2025-12-28 07:33:23.003538,FW1,75.66841055161466,80.04208306194923,22.53339820473803,0.7805631367056756,0,0
2025-12-28 07:34:23.003538,FW3,63.756484999192985,98.98637568606458,41.88109729269374,0.5309290307262831,0,0
2025-12-28 07:35:23.003538,R2,48.91396334121134,68.59492692784879,33.742329292090474,0.7553113628080126,0,0
2025-12-28 07:36:23.003538,SW1,94.08517717027085,60.24939828056592,29.439219059500516,0.45209274465214266,0,0
2025-12-28 07:37:23.003538,FW1,92.08513338696899,84.22418118653391,33.68033224412104,0.6378841101765121,0,0
2025-12-28 07:38:23.003538,SW8,81.20960089841029,106.91437444268874,16.14812651344684,0.20351904709009744,0,0
2025-12-28 07:39:23.003538,APP13,78.08408347118392,108.67798291600232,20.753100525458535,0.7578776681436956,0,0
2025-12-28 07:40:23.003538,APP7,73.92406608788335,39.01084131024687,29.956479483955906,0.6356989479959149,0,0
2025-12-28 07:41:23.003538,DB5,50.17461675494137,92.87408677185309,-0.608727101348645,0.7024875519640826,0,0
2025-12-28 07:42:23.003538,SW10,69.8271879086669,72.06871048833796,28.941229542764248,0.3966001845141904,0,0
2025-12-28 07:43:23.003538,APP8,433.01576706473554,230.1341613139038,243.2506293272356,3.9517385821197406,2,1
2025-12-28 07:44:23.003538,SW8,59.83130934291751,86.57508560542124,7.424831782836865,0.4686263447659768,0,0
2025-12-28 07:45:23.003538,FW2,80.57805220554476,45.383053744161835,35.13923401871972,0.40635005213576536,0,0
2025-12-28 07:46:23.003538,R2,64.94408319752156,106.30394028073098,30.468530967958376,0.4338843906798367,0,0
2025-12-28 07:47:23.003538,DB3,61.04780174823098,47.22087738181402,20.26916860775226,0.8636557225396971,0,0
2025-12-28 07:48:23.003538,APP11,106.65326962793623,79.66312374384606,21.220115595621674,0.4056090346552075,0,0
2025-12-28 07:49:23.003538,SW3,83.07574961689838,30.222793724314343,26.323527275895486,0.665216678495639,0,0
2025-12-28 07:50:23.003538,APP8,91.91572295963813,76.8953413459911,3.9010653590565347,0.4650360229660967,0,0
2025-12-28 07:51:23.003538,R1,53.468029179155636,83.94253958214045,13.375266196789415,0.5060131088773115,0,0
2025-12-28 07:52:23.003538,DB5,90.58238453915412,81.70774610869589,21.453986543475143,0.2979035959022083,0,0
2025-12-28 07:53:23.003538,APP9,486.2230971386345,300.64862217380926,219.16804182643813,2.974364677214503,2,1
2025-12-28 07:54:23.003538,APP2,83.38981229742966,88.40057100374054,31.69945136576517,0.4020887695291144,0,0
2025-12-28 07:55:23.003538,APP7,94.1354889533208,90.95346499097552,15.413030081337022,0.20816219276050213,0,0
2025-12-28 07:56:23.003538,DB1,60.367548119910765,81.88005375880503,26.48879244179928,0.22480753256966995,0,0
2025-12-28 07:57:23.003538,DB4,76.26832573665767,67.78661997768648,21.923659306870064,0.4550306522829075,0,0
2025-12-28 07:58:23.003538,R3,33.66954730570838,84.65824790848477,16.727591788899332,0.8657408878342759,0,0
2025-12-28 07:59:23.003538,APP6,103.10927839418689,65.14065748087965,31.48236908526351,0.8967856668074585,0,0
2025-12-28 08:00:23.003538,DB1,51.11500357147033,66.25667274033314,29.458213897073964,0.711076027455694,0,0
2025-12-28 08:01:23.003538,R3,104.74329607393184,87.82150543513154,35.28281104702056,0.3274511239115313,0,0
2025-12-28 08:02:23.003538,APP13,82.25956946193595,74.18116482591607,31.371173522259035,0.4094602919972769,0,0
2025-12-28 08:03:23.003538,SW2,105.15885503391672,98.28260544811164,28.900400099721185,0.42000664493040485,0,0
2025-12-28 08:04:23.003538,FW1,69.10929254259511,74.69504267887112,16.970104004895965,0.3686293090059969,0,0
2025-12-28 08:05:23.003538,APP15,104.60189218547626,59.07419203192401,33.615269816335356,0.5935642627991904,0,0
2025-12-28 08:06:23.003538,APP1,268.9038043682472,217.42872884213475,207.07720470406443,3.720663729419168,2,1
2025-12-28 08:07:23.003538,R1,74.26405418883462,89.21999140694055,14.985717801416277,0.4274512097373856,0,0
2025-12-28 08:08:23.003538,SW1,103.39990702348044,46.30202175547133,35.610159535675685,0.7023643913356162,0,0
2025-12-28 08:09:23.003538,SW2,84.15974694457226,70.69335007694718,31.227837533323047,0.5511546230060606,0,0
2025-12-28 08:10:23.003538,SW7,48.534862240149025,47.475615423930435,24.239185885366155,0.01305661778659295,0,0
2025-12-28 08:11:23.003538,APP10,74.63334610533985,74.30471067840266,14.381728545574815,0.5878384237079781,0,0
2025-12-28 08:12:23.003538,SW3,27.000684769478525,50.868828209703636,39.850632135784835,0.5190140780197556,0,0
2025-12-28 08:13:23.003538,DB3,67.15328749203694,75.71847627669781,22.57456842225812,0.07483759769418563,0,0
2025-12-28 08:14:23.003538,DB2,64.60526640949257,83.06864061478561,20.83230633917622,0.21051105628912203,0,0
2025-12-28 08:15:23.003538,APP10,64.6255673498594,93.62492775309752,48.33772420878854,0.6677947257568699,0,0
2025-12-28 08:16:23.003538,APP15,86.62092077361727,96.47913658034119,15.701915009213433,0.39144984614837114,0,0
2025-12-28 08:17:23.003538,SW6,67.39395471105558,74.73360109571965,36.619347751943906,0.410465471554063,0,0
2025-12-28 08:18:23.003538,DB5,64.93556640743473,81.04787517873196,31.33845226808414,0.7437196076320212,0,0
2025-12-28 08:19:23.003538,FW3,65.89338328276443,102.51951433619598,26.582171459293757,0.6621569082998426,0,0
2025-12-28 08:20:23.003538,DB4,97.43142124887962,44.3259763103602,31.773886632696005,0.29625946921509727,0,0
2025-12-28 08:21:23.003538,R3,109.16337537176432,51.644531704639846,41.49928685494643,0.6338717645713898,0,0
2025-12-28 08:22:23.003538,DB4,83.98018990057523,82.4870897195473,25.62479484445683,0.32013908805981617,0,0
2025-12-28 08:23:23.003538,APP2,121.90302275258759,73.61414360303148,27.091892226163505,0.5121873399219762,0,0
2025-12-28 08:24:23.003538,DB5,156.91172927163194,351.6445975732507,285.92863681575,2.2373181743041948,2,1
2025-12-28 08:25:23.003538,R2,100.363298185583,87.0479936317045,19.4667084944614,0.70959427583941,0,0
2025-12-28 08:26:23.003538,APP7,57.4557005540887,68.21701033378721,9.867402210699836,0.34357244553721045,0,0
2025-12-28 08:27:23.003538,R3,99.32092990750172,95.2746615217393,17.847827123223972,0.7241619492597802,0,0
2025-12-28 08:28:23.003538,APP11,93.03527612317814,64.36873861308212,28.09323730590168,0.2616680902916212,0,0
2025-12-28 08:29:23.003538,APP6,93.54882561199742,82.70405766824582,30.043967134702925,0.3166203222187326,0,0
2025-12-28 08:30:23.003538,DB2,99.6764343281228,71.51404994080859,35.66298312813338,0.8129582470453787,0,0
2025-12-28 08:31:23.003538,APP1,61.267157997477945,62.006590355213405,23.403554408684993,0.33251854165085826,0,0
2025-12-28 08:32:23.003538,DB3,82.77304899181351,61.71552268614667,34.93904423448409,0.6342028765129081,0,0
2025-12-28 08:33:23.003538,FW3,80.81478223602087,73.70405062048998,24.7698790606149,0.7450228031750062,0,0
2025-12-28 08:34:23.003538,APP2,68.58909417974476,66.011761409404,43.79781966894936,0.3823198872878656,0,0
2025-12-28 08:35:23.003538,APP2,104.41384832634982,65.54761752984916,32.476559922983796,0.44630294267933207,0,0
2025-12-28 08:36:23.003538,SW6,75.31804486120002,88.0573773296409,35.072417703369965,0.6301066358986996,0,0
2025-12-28 08:37:23.003538,APP9,69.85519587239747,88.97197247625117,10.458695068716985,0.23384539436842533,0,0
2025-12-28 08:38:23.003538,DB4,86.86510076361165,100.24105911038465,44.07442964896021,0.5685714050307631,0,0
2025-12-28 08:39:23.003538,DB5,73.63449736224649,83.86991998971749,14.14577562923617,0.7306493606863065,0,0
2025-12-28 08:40:23.003538,APP10,27.62808513476741,100.77444875400516,39.963825811881996,0.6659194808103752,0,0
2025-12-28 08:41:23.003538,SW7,76.79625229341359,72.54785993113951,33.50449322884634,0.427310347765806,0,0
2025-12-28 08:42:23.003538,DB4,77.62130760083595,73.0117505163229,36.21798205971811,0.4320313985154956,0,0
2025-12-28 08:43:23.003538,APP11,100.6340755446358,45.69961516399302,30.75042988517881,0.6243735506256859,0,0
2025-12-28 08:44:23.003538,SW8,95.17959902137673,115.80250763543619,37.01013806471359,0.4855489305396082,0,0
2025-12-28 08:45:23.003538,DB3,105.95260291728955,83.76964806477103,18.805311437775636,0.4340414365954439,0,0
2025-12-28 08:46:23.003538,SW3,89.04080120015473,53.872189280981324,31.67423752421077,0.7509621913868973,0,0
2025-12-28 08:47:23.003538,APP8,109.25098681135498,57.97199236414454,23.216040691169493,0.4755266883049966,0,0
2025-12-28 08:48:23.003538,FW1,483.71225718846557,307.1326764984529,196.16288951969833,3.606601798315979,2,1
2025-12-28 08:49:23.003538,APP3,80.19334848276114,84.61545496945448,26.83633203679201,0.36269084621620495,0,0
2025-12-28 08:50:23.003538,SW5,87.7749053845223,87.96345052416002,31.953541626863533,0.5642582510715927,0,0
2025-12-28 08:51:23.003538,SW10,59.645453540581315,97.24242477924693,20.669741621332278,0.2756862448417891,0,0
2025-12-28 08:52:23.003538,DB5,77.12766895145359,55.1978999983436,16.630772477552956,0.662552767048171,0,0
2025-12-28 08:53:23.003538,APP9,77.6286878450411,81.08464858392732,32.855506451885674,0.9109952537456745,0,0
2025-12-28 08:54:23.003538,DB2,71.34386012828558,72.7342162892401,19.068201759231954,0.3481967211991317,0,0
2025-12-28 08:55:23.003538,SW10,85.27040552537689,41.92172915958081,13.075574856336962,0.525962811882223,0,0
2025-12-28 08:56:23.003538,FW1,84.2626317320206,119.67453615540519,33.21606775150269,0.447668716304894,0,0
2025-12-28 08:57:23.003538,FW3,51.6695393350747,56.125697117574376,26.413234483422254,0.37181386347889667,0,0
2025-12-28 08:58:23.003538,SW4,86.7585870683874,75.72736744355775,14.972413482665543,0.6776240954353807,0,0
2025-12-28 08:59:23.003538,APP2,92.82322610499757,55.27952189408796,10.798705002544516,0.9437843283150894,0,0
2025-12-28 09:00:23.003538,APP13,60.658257772943685,46.59484997585207,8.727302828426392,0.5655120592155054,0,0
2025-12-28 09:01:23.003538,DB4,80.40319362902495,95.18491210445116,44.04329304107784,0.39018931539804713,0,0
2025-12-28 09:02:23.003538,APP6,67.87112659751219,73.52057315604821,20.036483799308787,0.2363833195127552,0,0
2025-12-28 09:03:23.003538,DB2,54.36437235222544,84.07277895690373,7.776522306173092,0.4298678119624114,0,0
2025-12-28 09:04:23.003538,APP7,73.25481815055718,72.44039725460864,17.898256367668807,0.8428441356657876,0,0
2025-12-28 09:05:23.003538,SW7,102.71214958308985,84.24884780599594,22.597949222255824,0.02070718657332804,0,0
2025-12-28 09:06:23.003538,DB2,67.9246323222552,58.75535734192232,23.781930183786088,0.6774123399479107,0,0
2025-12-28 09:07:23.003538,SW4,55.73722874117642,103.58868434598071,22.6875329388064,0.2078739952315231,0,0
2025-12-28 09:08:23.003538,DB5,60.58344946453673,68.67981714657004,58.479265463620244,0.37597165865619,0,0
2025-12-28 09:09:23.003538,DB2,113.1285231465555,96.7935464393972,17.816302905469932,0.3587886421386012,0,0
2025-12-28 09:10:23.003538,SW8,90.53743318930103,105.1456146824824,44.26019508762549,0.7489924748898568,0,0
2025-12-28 09:11:23.003538,APP11,178.80055353468666,307.28995912247643,274.8014972535378,1.9068165447411762,2,1
2025-12-28 09:12:23.003538,APP13,51.28557302975091,78.10755923666396,13.584441427336314,0.40831665577125587,0,0
2025-12-28 09:13:23.003538,FW1,114.82666203091321,77.52754225962063,26.254862364572226,0.2631998045310041,0,0
2025-12-28 09:14:23.003538,DB2,174.26281586287683,327.8879101487571,198.51970533745273,2.3354849253756997,2,1
2025-12-28 09:15:23.003538,APP15,71.97164640417567,87.40445430163211,25.773643143461406,0.5523631685400572,0,0
2025-12-28 09:16:23.003538,SW4,104.4241065149447,79.97733409076352,25.062006162058502,0.2509890319894067,0,0
2025-12-28 09:17:23.003538,APP10,90.85444656891173,84.7261579672701,26.631167483379706,0.37861618270917946,0,0
2025-12-28 09:18:23.003538,SW3,99.74460569803736,46.1566397259703,26.81496908025343,0.44188509126999603,0,0
2025-12-28 09:19:23.003538,SW10,83.58634816201968,73.52561331422486,15.37654664383846,0.5208242214447253,0,0
2025-12-28 09:20:23.003538,SW9,55.345150732720924,87.55164266297794,17.984015375655158,0.7976725258010702,0,0
2025-12-28 09:21:23.003538,APP3,111.67914699731645,70.85661499392721,26.844909185188868,0.5160379462374134,0,0
2025-12-28 09:22:23.003538,APP13,67.08658110464033,67.83924002571261,27.320546619712577,0.3946295335789329,0,0
2025-12-28 09:23:23.003538,SW8,73.21919322103489,80.95069561107918,14.608156250939146,0.2744597081135072,0,0
2025-12-28 09:24:23.003538,SW8,88.82272526037075,73.78086931822901,43.166227327511535,0.5068174415826997,0,0
2025-12-28 09:25:23.003538,SW10,74.31599184688966,97.29885696600523,19.404108529407914,0.33095852578100654,0,0
2025-12-28 09:26:23.003538,SW4,51.1253024602306,82.26038197868581,33.251457315218275,0.23168520441828655,0,0
2025-12-28 09:27:23.003538,FW3,61.24060259296982,77.8607113678928,23.70987941193766,0.4992727385882332,0,0
2025-12-28 09:28:23.003538,SW1,84.95474888482497,84.39039845891267,26.462853641518244,0.5712023886534011,0,0
2025-12-28 09:29:23.003538,SW4,165.97289828769283,126.31000239296267,-15.605234823949615,3.331263662301638,3,1
2025-12-28 09:30:23.003538,SW8,491.0677675973286,369.24582840754744,35.33026280460571,3.0575858551743593,1,1
2025-12-28 09:31:23.003538,DB3,102.38027484706282,72.68574086932668,19.633944951085716,0.6781988739357291,0,0
2025-12-28 09:32:23.003538,APP15,98.13734135952382,37.24421113746952,11.0926703630469,0.48840914782073025,0,0
2025-12-28 09:33:23.003538,FW3,50.275557623947265,74.41215011879211,32.14171684714261,0.6513186399270152,0,0
2025-12-28 09:34:23.003538,APP6,89.98501184263637,116.25372329785132,19.12304322970911,0.055971587232082565,0,0
2025-12-28 09:35:23.003538,APP13,68.37813416994095,70.51067346789311,32.12123829380936,0.3820002163628257,0,0
2025-12-28 09:36:23.003538,APP6,79.7145805723753,108.46012637077851,29.26882511502509,0.42822185157234033,0,0
2025-12-28 09:37:23.003538,APP6,72.60966879580019,79.94095402050105,39.302961366559614,0.5988162767393586,0,0
2025-12-28 09:38:23.003538,DB4,412.89332232265707,395.9590749881881,267.7579423362523,2.451131258604791,2,1
2025-12-28 09:39:23.003538,APP5,115.8203391154972,66.33574326509178,11.420866302754831,0.5678174949062328,0,0
2025-12-28 09:40:23.003538,DB5,300.3420956231654,303.9849417771432,61.31603335672388,2.630538713957578,1,1
2025-12-28 09:41:23.003538,FW3,92.885302344091,52.51697457853558,28.200158144131084,0.373402331972403,0,0
2025-12-28 09:42:23.003538,FW2,737.3898120632535,356.49053201857146,47.44275184444906,2.3297611819491366,1,1
2025-12-28 09:43:23.003538,R3,82.19612546961721,77.22006702376106,37.96356252254655,0.4520121698002416,0,0
2025-12-28 09:44:23.003538,DB2,62.574366827589515,77.71099407021774,37.0044311526831,0.7072615075494071,0,0
2025-12-28 09:45:23.003538,SW3,84.1179485127958,63.06175126783463,21.852513842542525,0.5416125182995024,0,0
2025-12-28 09:46:23.003538,SW10,480.1077769456698,64.02990644698676,12.784466839296911,2.1640339769560506,1,1
2025-12-28 09:47:23.003538,APP6,93.88072215829148,83.14902950164019,21.359644939377286,0.2948062750224665,0,0
2025-12-28 09:48:23.003538,SW1,38.37385983565106,55.07225168437951,21.65145057122452,0.6552190801025911,0,0
2025-12-28 09:49:23.003538,DB2,46.90582019659531,57.01207279802581,52.7912079320661,0.4548491002355911,0,0
2025-12-28 09:50:23.003538,R2,23.062788314508865,78.62254587737475,26.0790134517456,0.4161409898606804,0,0
2025-12-28 09:51:23.003538,APP3,64.34876700505026,109.89811541092291,34.684750190740566,0.7704499206428679,0,0
2025-12-28 09:52:23.003538,APP9,105.71914035625343,97.28471369983183,29.822693759135362,0.8168033440865154,0,0
2025-12-28 09:53:23.003538,APP14,97.09324285903728,102.33923036096834,22.311156678368476,0.7354710636692565,0,0
2025-12-28 09:54:23.003538,DB1,727.2382080353082,334.75433839173314,55.55981604234923,3.090964428671424,1,1
2025-12-28 09:55:23.003538,APP4,72.3464224566856,84.17158344355627,-1.5212157190114048,0.1993009288260834,0,0
2025-12-28 09:56:23.003538,SW1,67.0321595848777,77.32282668452854,24.318009747270388,0.5277290912065731,0,0
2025-12-28 09:57:23.003538,SW10,99.9572733381521,85.71181496259696,33.19629979538139,0.4895725613280165,0,0
2025-12-28 09:58:23.003538,APP4,90.90999298383437,75.52311252268076,8.744139819481035,0.2732284512019067,0,0
2025-12-28 09:59:23.003538,DB1,84.35094602875286,69.34573625118495,16.408380362346463,0.33683525832825056,0,0
2025-12-28 10:00:23.003538,DB4,101.33203792345495,102.03623935356981,5.835183176419729,0.7652833079368342,0,0
2025-12-28 10:01:23.003538,R1,91.8877242654179,78.89049737082475,32.630986128721254,0.7284570441562874,0,0
2025-12-28 10:02:23.003538,APP9,66.07438072950244,80.85576978458458,17.792512294519465,0.2888602830166266,0,0
2025-12-28 10:03:23.003538,SW3,63.51699090338338,55.49005857296045,24.923765658334553,0.7590661237402916,0,0
2025-12-28 10:04:23.003538,APP6,57.730695005529924,90.90021890372557,8.176252351915181,0.6246545618035628,0,0
2025-12-28 10:05:23.003538,SW6,132.22948181329983,68.12553080517831,23.99272961820306,0.8183239143243708,0,0
2025-12-28 10:06:23.003538,DB3,87.57707667214655,73.04028052272277,46.91410725805629,0.3120010629801194,0,0
2025-12-28 10:07:23.003538,APP4,75.40290608846651,84.50403618377506,20.094812771394928,0.2672258913581979,0,0
2025-12-28 10:08:23.003538,SW9,43.960368543833106,51.63459894339935,38.58202390058295,0.5441936209850715,0,0
2025-12-28 10:09:23.003538,APP12,67.47960711333067,89.64751803514692,52.05698102365471,0.31398947662488486,0,0
2025-12-28 10:10:23.003538,APP4,72.5363123313299,57.07582977334019,16.156902417344742,0.8556377732505565,0,0
2025-12-28 10:11:23.003538,SW2,67.5941512885715,43.118478098048854,22.469558168816715,0.5638470032207917,0,0
2025-12-28 10:12:23.003538,SW7,50.36991910591125,109.32680685474887,26.210843846879985,0.7479551951596524,0,0
2025-12-28 10:13:23.003538,APP1,68.10103059034827,87.76381453803539,2.200742222284113,0.5277375517215273,0,0
2025-12-28 10:14:23.003538,R1,99.53551300773408,54.46668423484577,26.446710692109967,0.4599901167147935,0,0
2025-12-28 10:15:23.003538,APP7,115.5411616934316,63.539039979389266,24.422793001922102,0.6004752057402858,0,0
2025-12-28 10:16:23.003538,R3,97.88265948213854,100.12039454827344,27.87397635475388,0.8887654113425714,0,0
2025-12-28 10:17:23.003538,APP13,40.0536611403537,89.5217451023903,22.400428070577988,0.5522321286592616,0,0
2025-12-28 10:18:23.003538,R1,90.18511683099459,72.15954849688266,21.072250192273263,0.6485775583534928,0,0
2025-12-28 10:19:23.003538,APP4,60.297443945206496,66.81162074279524,17.697379345262014,0.37645685099798853,0,0
2025-12-28 10:20:23.003538,DB1,121.53440423729205,77.35263933590377,37.28378437370416,0.49357083810434377,0,0
2025-12-28 10:21:23.003538,APP9,61.14264865955542,49.232245713542866,21.651537045281085,0.4194983927914228,0,0
2025-12-28 10:22:23.003538,SW1,103.50521305946779,82.89263531761931,14.73755983259188,0.21367603723102085,0,0
2025-12-28 10:23:23.003538,DB5,47.87138128210109,81.587087128591,6.0814199365549335,0.4269165718425513,0,0
2025-12-28 10:24:23.003538,DB4,55.73058229309681,65.44654834118434,14.006018945283072,0.34869929652472126,0,0
2025-12-28 10:25:23.003538,SW9,72.1714040032161,77.89022278355017,24.863349266450697,0.4933614538874086,0,0
2025-12-28 10:26:23.003538,SW4,91.74341127703877,85.78634739181582,30.70863071371616,0.48216508424417925,0,0
2025-12-28 10:27:23.003538,APP6,369.9626640809278,129.21668005609442,108.13384968779347,4.572088168317352,1,1
2025-12-28 10:28:23.003538,DB2,55.28275864694064,88.5127462275786,18.2189822815792,0.6628377556120549,0,0
2025-12-28 10:29:23.003538,APP4,46.74021203111905,53.43310867844575,26.242649407656035,0.6077949624037764,0,0
2025-12-28 10:30:23.003538,SW2,76.4922310056688,56.71744903569255,33.45835580684608,0.5499394403659139,0,0
2025-12-28 10:31:23.003538,APP11,108.42222381851596,64.23097090864036,25.245590351195677,0.3299017308052241,0,0
2025-12-28 10:32:23.003538,APP1,92.03776698591187,72.14246643666928,35.87665159890532,0.5578904182099098,0,0
2025-12-28 10:33:23.003538,APP1,64.71198483039333,74.1215639370026,31.95085521530702,0.18145691320822255,0,0
2025-12-28 10:34:23.003538,SW3,76.41350353785958,84.2963342929643,41.52087115354563,0.45441682233191405,0,0
2025-12-28 10:35:23.003538,DB3,63.955899788936705,70.80097989513361,23.445801406976624,0.5795978829297188,0,0
2025-12-28 10:36:23.003538,APP5,117.54051765540098,92.35913289608975,35.17591023111606,0.44919972238599604,0,0
2025-12-28 10:37:23.003538,FW2,51.64209208261319,54.093893507034,18.20414311117944,0.7171804782797132,0,0
2025-12-28 10:38:23.003538,APP10,44.02676246557351,65.25548874066507,32.15510320636687,0.6417104520167832,0,0
2025-12-28 10:39:23.003538,APP6,69.80579769744404,84.60421929892692,16.200508787219796,0.17332445889094816,0,0
2025-12-28 10:40:23.003538,FW1,255.71883854970685,224.72305444041763,16.102118057569207,3.364060818323665,3,1
2025-12-28 10:41:23.003538,FW2,82.68468798043644,60.092592446031,29.052580028393557,0.6515947941606857,0,0
2025-12-28 10:42:23.003538,APP8,121.50559155567254,57.19691213090093,30.047447022741217,0.8862919514362039,0,0
2025-12-28 10:43:23.003538,SW9,86.1866564611808,61.07126516458867,18.81805160207863,0.467736268209492,0,0
2025-12-28 10:44:23.003538,APP8,61.398107840470956,89.2224195889203,6.018279760638286,0.5319833320665461,0,0
2025-12-28 10:45:23.003538,FW3,112.79751755740577,50.43795775362658,17.757191008554358,0.4652883682417893,0,0
2025-12-28 10:46:23.003538,FW3,52.48355474383871,77.8580628600576,20.521041017085658,0.3651423114449005,0,0
2025-12-28 10:47:23.003538,FW2,68.97219292407708,75.42352751344698,8.266741659649576,0.398663046123382,0,0
2025-12-28 10:48:23.003538,APP12,50.70097430342274,64.35008024707807,26.215454707109814,0.37532710897757493,0,0
2025-12-28 10:49:23.003538,SW3,70.52715684637262,78.20255719267342,23.395147082287,0.5464768940598046,0,0
2025-12-28 10:50:23.003538,DB1,64.47029703367522,57.77199664891978,19.790270195347638,0.7346011808368529,0,0
2025-12-28 10:51:23.003538,DB4,37.53441723223205,97.82520715887169,28.668078318234354,0.22105950626252596,0,0
2025-12-28 10:52:23.003538,APP4,46.75972086229406,57.137022268059255,50.731124898907176,0.569300163834264,0,0
2025-12-28 10:53:23.003538,SW9,75.17298386883978,61.98317890383936,29.035697498543243,0.7242359202280703,0,0
2025-12-28 10:54:23.003538,FW2,79.62358915167646,54.703659733799626,23.190623732417542,0.5325605108035835,0,0
2025-12-28 10:55:23.003538,DB5,79.97053103778342,59.01023605132795,37.871407119335984,0.458180952301942,0,0
2025-12-28 10:56:23.003538,DB3,45.95643599806217,52.47408797318224,10.150261522365604,0.604473410580977,0,0
2025-12-28 10:57:23.003538,SW5,90.95277536043196,57.74916822048232,25.965072379407022,0.3002849778989782,0,0
2025-12-28 10:58:23.003538,APP3,100.1589305176607,361.4567403874353,174.85811423170466,0.05842037976972886,2,1
2025-12-28 10:59:23.003538,R1,105.87244985905141,72.89595707596143,29.046495960429226,0.07790187237399998,0,0
2025-12-28 11:00:23.003538,SW2,52.32362418788887,35.130253849987554,18.474177446464683,0.34286299851955904,0,0
2025-12-28 11:01:23.003538,SW8,61.75651312010005,85.73707672154859,13.618620137401447,0.5680836269311993,0,0
2025-12-28 11:02:23.003538,SW2,99.11813626258528,82.91722211397962,19.266944930800744,0.5381068650256844,0,0
2025-12-28 11:03:23.003538,SW4,271.50555805563704,210.1475157815724,169.7909850128337,3.240270710692978,2,1
2025-12-28 11:04:23.003538,FW3,70.59842995319039,57.73680340791693,40.695980999218584,0.6368194737505972,0,0
2025-12-28 11:05:23.003538,APP6,86.86635837158406,99.48138161876548,43.43703716088873,0.9137031412245866,0,0
2025-12-28 11:06:23.003538,APP11,79.2620408282514,63.50267539959413,18.699540386979823,0.4858799556699342,0,0
2025-12-28 11:07:23.003538,APP5,121.77001784122105,60.3056081520643,33.89365213977253,0.5828132907512182,0,0
2025-12-28 11:08:23.003538,APP3,114.29269270257309,83.12321259276361,26.008676797334,0.24472038957899117,0,0
2025-12-28 11:09:23.003538,SW7,58.53469686989946,98.60159669581385,29.605967242556616,0.6466044054723451,0,0
2025-12-28 11:10:23.003538,SW6,71.04778419158444,69.75082290606792,13.399321725827445,0.6286660674419093,0,0
2025-12-28 11:11:23.003538,FW1,77.37105180227121,47.062497016839046,25.573201350039174,0.8518900385311314,0,0
2025-12-28 11:12:23.003538,APP11,84.269628432355,84.46471716691488,24.15036775406071,0.4501342953291461,0,0
2025-12-28 11:13:23.003538,APP12,69.51708482904004,87.81433012775501,32.631579701869725,0.428003360391682,0,0
2025-12-28 11:14:23.003538,SW7,63.968213278313144,40.63771393964363,16.155121205563567,0.4278846031003437,0,0
2025-12-28 11:15:23.003538,DB1,79.70254949381268,99.45422842499295,27.882439730639074,0.7064889618904043,0,0
2025-12-28 11:16:23.003538,SW2,82.91743248364327,88.0735455428871,17.288551005630538,0.4052830451036812,0,0
2025-12-28 11:17:23.003538,APP2,59.21414465783241,73.18279208577472,16.847527332594936,0.6078786292306804,0,0
2025-12-28 11:18:23.003538,FW3,89.3247550534492,93.5749124469869,7.591777208019156,0.09459797374784401,0,0
2025-12-28 11:19:23.003538,APP6,73.32125596130005,66.92245334270793,26.346456557637204,0.5389613568552469,0,0
2025-12-28 11:20:23.003538,APP14,810.2507714840115,148.39999712714976,31.291818468575627,0.5809088429205156,1,1
2025-12-28 11:21:23.003538,SW7,61.897932480814376,85.38050082011242,34.72470054147037,0.5785181222939206,0,0
2025-12-28 11:22:23.003538,APP10,100.27935212896486,86.34406779802347,28.42132734504858,0.7551869073341306,0,0
2025-12-28 11:23:23.003538,SW2,24.499417605721526,67.86763999200268,35.43026478026131,0.5996972429256668,0,0
2025-12-28 11:24:23.003538,APP11,68.28290530439085,91.41647970058148,47.17590990285079,0.7902282107306209,0,0
2025-12-28 11:25:23.003538,FW3,102.15688308243574,106.89325334612069,36.220814193269355,0.29427550361730626,0,0
2025-12-28 11:26:23.003538,APP11,92.75971973756812,85.34234712340074,12.582006147126076,0.1233358397128102,0,0
2025-12-28 11:27:23.003538,FW2,77.37457461289951,75.21085204513611,24.773664997199106,0.657424523866414,0,0
2025-12-28 11:28:23.003538,SW2,83.91989425719824,76.87028153895582,15.40410153892334,0.6376916613138907,0,0
2025-12-28 11:29:23.003538,APP15,53.76832053921246,79.20751528442113,44.06804337048855,0.16592263135211982,0,0
2025-12-28 11:30:23.003538,APP15,114.56619828321973,67.28466588599167,20.121107019337217,0.28509908441571574,0,0
2025-12-28 11:31:23.003538,APP13,61.812755458094344,64.47604995968103,34.81232097800207,0.3347475690022692,0,0
2025-12-28 11:32:23.003538,SW10,100.74515510888412,51.54785982069662,35.55249356033336,0.32649157621288716,0,0
2025-12-28 11:33:23.003538,SW8,82.55832501947701,110.29919982323851,35.20788233837317,0.6177577286637129,0,0
2025-12-28 11:34:23.003538,R3,167.75738402979613,203.85178105255517,88.59456771209105,3.0679800789064737,3,1
2025-12-28 11:35:23.003538,SW2,66.91545375518734,72.609484637216,13.767869374118993,0.7304355801186212,0,0
2025-12-28 11:36:23.003538,APP13,90.16892264041533,88.1750417601215,31.590226360559278,0.18831676348635096,0,0
2025-12-28 11:37:23.003538,APP3,104.8265509846255,67.09729649489283,36.098422034022924,0.37736356425832396,0,0
2025-12-28 11:38:23.003538,SW6,87.55934813062923,105.01968831798911,26.594062728874327,0.3068969380758263,0,0
2025-12-28 11:39:23.003538,SW2,86.30864319991072,85.19071143171806,39.16633370947915,0.655300199489497,0,0
2025-12-28 11:40:23.003538,DB4,70.02292474235473,105.59944628027212,12.301759081305404,0.27722553849977716,0,0
2025-12-28 11:41:23.003538,FW1,91.55528847777815,82.79832575647647,11.351963653718775,0.3135522187007933,0,0
2025-12-28 11:42:23.003538,SW3,97.94008659570844,103.96702470848933,5.9153906375785645,0.8685392083884529,0,0
2025-12-28 11:43:23.003538,APP11,104.41928495406964,97.97619490319664,22.73056163216853,0.8460275937907054,0,0
2025-12-28 11:44:23.003538,DB5,44.325689285973134,76.28685716352477,34.14663319407168,0.6063422417831538,0,0
2025-12-28 11:45:23.003538,APP7,89.27269057204225,41.65266792304704,11.30450573821906,0.37967480516620333,0,0
2025-12-28 11:46:23.003538,DB1,61.019760264036485,71.28584221995078,17.33346471924071,0.005162353576737999,0,0
2025-12-28 11:47:23.003538,APP1,111.67494610298088,35.87024474542105,21.866266996460904,0.6971451023817157,0,0
2025-12-28 11:48:23.003538,APP10,55.54129178507323,71.42755765475135,23.78992789594085,0.54827019412222,0,0
2025-12-28 11:49:23.003538,APP8,81.27526421932073,63.55613706334043,29.066338844605607,0.42506111139524033,0,0
2025-12-28 11:50:23.003538,DB4,77.27626924673274,78.34425191323787,31.146578083797642,0.6868246294574581,0,0
2025-12-28 11:51:23.003538,DB2,83.68171712118861,88.46213636852605,30.3888605184367,0.8745610584770414,0,0
2025-12-28 11:52:23.003538,APP1,118.47369464765974,68.93753214377355,21.6892139428102,0.6226766631303963,0,0
2025-12-28 11:53:23.003538,SW1,89.10690377750743,79.8599153468642,15.068686714753499,0.7798891573236733,0,0
2025-12-28 11:54:23.003538,APP11,56.652581931412115,38.01181900872249,26.175469538134536,0.5665925893882433,0,0
2025-12-28 11:55:23.003538,R3,79.79511901076654,73.2990970684871,17.975638819702475,0.2344752384479361,0,0
2025-12-28 11:56:23.003538,APP10,74.15663842297391,44.91097659822924,25.310193948864352,0.20846823456101155,0,0
2025-12-28 11:57:23.003538,R3,53.40581313035595,92.64220373457277,42.356241600040725,0.7062801956832353,0,0
2025-12-28 11:58:23.003538,APP13,109.495216240585,59.48929469525001,13.809494541587668,0.5043366157940339,0,0
2025-12-28 11:59:23.003538,APP8,78.52070527473526,53.810275885210075,18.341254707556537,0.5441616249326188,0,0
2025-12-28 12:00:23.003538,APP14,101.45264035193176,102.41006945690218,27.614794075675547,0.5301221334152847,0,0
2025-12-28 12:01:23.003538,DB1,110.80078486521518,71.44397533803235,26.45598662392286,0.6803937142211866,0,0
2025-12-28 12:02:23.003538,FW1,111.8892158555126,52.68232263296983,22.77002200176368,0.3412603309914874,0,0
2025-12-28 12:03:23.003538,DB3,63.984766599448534,45.2852946334382,22.959971121814412,0.5415394766392324,0,0
2025-12-28 12:04:23.003538,DB3,854.3270927284825,408.1178320561073,226.89673124367647,4.364721242708915,2,1
2025-12-28 12:05:23.003538,APP1,361.8337152050758,210.52279900034495,245.78819858650246,2.1780250821443667,2,1
2025-12-28 12:06:23.003538,APP5,89.6509717566338,74.58538757800784,15.448456692538713,0.5090291548407417,0,0
2025-12-28 12:07:23.003538,APP9,79.65263637352054,66.4992823867574,25.781109688690567,0.20346001170052586,0,0
2025-12-28 12:08:23.003538,R3,72.35340528089054,67.16395256970416,25.75608124705033,0.22021886810772767,0,0
2025-12-28 12:09:23.003538,APP4,95.39673086826471,85.11490853074939,17.784270656768975,0.6343060243905415,0,0
2025-12-28 12:10:23.003538,SW6,51.43030844702839,54.48442218495092,22.5715764013059,0.36957555470461045,0,0
2025-12-28 12:11:23.003538,SW2,118.36897812254213,53.64586160924679,30.35864635468595,0.5169476491033443,0,0
2025-12-28 12:12:23.003538,R1,74.68240234381729,67.28817811230147,29.108829216739554,0.5914452593886341,0,0
2025-12-28 12:13:23.003538,APP4,227.90177074748385,165.50335963899514,338.6327015278767,4.001939155322989,2,1
2025-12-28 12:14:23.003538,SW8,86.87396979240695,63.496003090877714,33.38196131605986,0.6405175886192551,0,0
2025-12-28 12:15:23.003538,APP7,27.17682081451558,71.2859945060684,3.6739926670835565,0.23163668155297384,0,0
2025-12-28 12:16:23.003538,APP4,92.33653594247457,76.59291069222054,38.95868988837195,0.3651896363354108,0,0
2025-12-28 12:17:23.003538,FW1,91.28595173884291,65.3625054491589,18.25716560995976,0.2157685187646355,0,0
2025-12-28 12:18:23.003538,FW2,92.9498074621846,69.46799352470646,34.328949948897815,0.379770091384319,0,0
2025-12-28 12:19:23.003538,SW10,90.20558582354644,68.59408929484617,3.3727700335322197,0.7415131367367003,0,0
2025-12-28 12:20:23.003538,APP8,81.98947920439731,41.23290349937783,37.415209062668765,0.4244244527097875,0,0
2025-12-28 12:21:23.003538,APP10,84.82813729675102,77.58243043080189,28.945534458673762,0.5668742280198359,0,0
2025-12-28 12:22:23.003538,FW1,102.63816669948724,69.43134134356686,14.680572368530381,0.4102020412504826,0,0
2025-12-28 12:23:23.003538,APP6,73.24304633015015,74.09145309542251,18.929313601453295,0.8821092838490119,0,0
2025-12-28 12:24:23.003538,SW6,120.3111738580128,79.58713886402046,19.718225108070047,0.2360592988403089,0,0
2025-12-28 12:25:23.003538,SW9,607.733733688303,161.8401609738235,331.53326526102825,2.9726024378816995,2,1
2025-12-28 12:26:23.003538,APP10,71.98140469501655,43.91508054660133,48.77918099044306,0.8668237038741338,0,0
2025-12-28 12:27:23.003538,APP9,43.38643982196863,75.66783582660882,35.37814516945637,0.3706381300853636,0,0
2025-12-28 12:28:23.003538,APP11,50.40205946866639,101.76795703196979,12.161059463779527,0.7684938236644735,0,0
2025-12-28 12:29:23.003538,DB1,54.27155106247321,74.77352066494544,20.423725647439355,0.2988249186101567,0,0
2025-12-28 12:30:23.003538,APP14,76.95784319686162,61.033069978123734,32.98503617232558,0.6083863313763769,0,0
2025-12-28 12:31:23.003538,SW1,89.93995520351953,92.23329301080098,22.21153177229218,0.7483430260020401,0,0
2025-12-28 12:32:23.003538,APP14,100.46306421213893,92.84890088107812,27.084631030757794,0.49134568416291885,0,0
2025-12-28 12:33:23.003538,DB3,93.08656113682899,80.36435455083465,29.892710703332565,0.6753105260298691,0,0
2025-12-28 12:34:23.003538,APP8,86.10537976885641,66.2537444879082,28.4781535137285,0.3554824462925267,0,0
2025-12-28 12:35:23.003538,SW8,134.01942827153283,79.54387702053253,21.730524158973843,0.45285341427473746,0,0
2025-12-28 12:36:23.003538,DB4,98.71592560721562,102.96039209706647,43.98018626838359,0.7666364948315818,0,0
2025-12-28 12:37:23.003538,FW2,86.93067502106301,45.13094417025279,8.036526152949875,0.7114852874829296,0,0
2025-12-28 12:38:23.003538,DB1,64.18062404913024,60.03984148742009,38.63246058799402,0.38332217536767194,0,0
2025-12-28 12:39:23.003538,DB5,58.16154304691052,90.86811847811612,17.969080147155974,0.3517357503284341,0,0
2025-12-28 12:40:23.003538,FW3,83.24675706602284,53.70829328282129,26.826708675286373,0.6713275841762991,0,0
2025-12-28 12:41:23.003538,APP14,274.62317399349496,140.7008459803809,125.93064427934378,2.431476264635007,2,1
2025-12-28 12:42:23.003538,DB1,94.34752143020823,66.00640389693947,23.781799183817412,0.11328711293595556,0,0
2025-12-28 12:43:23.003538,APP2,76.18052204236697,85.83279272508577,24.277199900773667,0.6328955870070185,0,0
2025-12-28 12:44:23.003538,SW8,42.11461898956009,65.4921750657367,29.56171589577211,0.3236634152686408,0,0
2025-12-28 12:45:23.003538,APP3,61.937473216915635,71.0429423047325,36.23917296661539,0.32680856339876874,0,0
2025-12-28 12:46:23.003538,SW10,57.183998291526414,73.85004493419677,32.499279992317334,0.8112274617008837,0,0
2025-12-28 12:47:23.003538,APP14,77.06540842104945,63.97116079000187,13.981780176122536,0.44299249388964157,0,0
2025-12-28 12:48:23.003538,R2,85.57023558425013,50.456769162565664,26.064182959767514,0.5866772575579476,0,0
2025-12-28 12:49:23.003538,SW4,443.66806994136317,204.67350631430293,43.290677828625554,1.7079216246835225,1,1
2025-12-28 12:50:23.003538,SW5,112.26466071619781,87.05862300218253,29.815062497227117,0.47592518483364055,0,0
2025-12-28 12:51:23.003538,R2,78.3965591972135,24.441141518440944,41.45289417505929,0.7853953653230332,0,0
2025-12-28 12:52:23.003538,R2,100.66096916045674,106.88949602127545,12.995465246450626,0.04100281057189892,0,0
2025-12-28 12:53:23.003538,R3,78.51068319593554,73.99680234266512,37.75079248825729,0.5699160454252225,0,0
2025-12-28 12:54:23.003538,DB5,38.039753833186836,44.18341167047501,21.72395746804757,0.7236520278947751,0,0
2025-12-28 12:55:23.003538,SW3,75.82987909708015,92.40281802982969,29.679175310702114,0.12080543153319057,0,0
2025-12-28 12:56:23.003538,FW3,68.44871665623708,97.39903246812862,24.1579250733208,0.7452385360599647,0,0
2025-12-28 12:57:23.003538,APP13,92.70782611462317,48.426545573290525,22.137289431351334,0.847126356466738,0,0
2025-12-28 12:58:23.003538,APP9,83.27561165877202,48.86619853801796,37.90654269593888,0.4285863598325715,0,0
2025-12-28 12:59:23.003538,APP15,79.15271593514174,55.40274105282794,25.433463340173077,0.7317293980679557,0,0
2025-12-28 13:00:23.003538,FW2,92.02114904280393,89.54267141368314,33.196414652005586,0.832652219403377,0,0
2025-12-28 13:01:23.003538,APP8,93.97747270847552,70.52040452414475,16.00389819980531,0.4868306498650661,0,0
2025-12-28 13:02:23.003538,SW2,81.3846094630018,88.84909513249059,8.060874701903991,0.7366759438838082,0,0
2025-12-28 13:03:23.003538,DB5,75.18516160172747,70.75802267938042,34.85405213593625,0.3058467957415276,0,0
2025-12-28 13:04:23.003538,SW2,68.76294156225588,67.72860508431927,19.730229991163547,0.7723593971494069,0,0
2025-12-28 13:05:23.003538,SW10,59.70647204467815,87.31657010015891,24.417834992856328,0.5001650335241222,0,0
2025-12-28 13:06:23.003538,APP11,78.7076301625447,60.10987511207041,21.7971368074066,0.3537166209673652,0,0
2025-12-28 13:07:23.003538,DB3,92.75534060112757,88.92320829052329,22.00733378903292,0.5006885650319665,0,0
2025-12-28 13:08:23.003538,SW8,51.00328927599013,74.58318941667393,26.11233309332286,0.5710235110095319,0,0
2025-12-28 13:09:23.003538,APP6,48.03842016323902,106.13755091409647,11.035573404168309,0.7120532700596718,0,0
2025-12-28 13:10:23.003538,APP4,85.75591640789578,126.70229851510294,17.481336927931554,0.39962087426005877,0,0
2025-12-28 13:11:23.003538,SW10,70.062363096472,67.59628399711991,34.708360954649834,0.137429648226298,0,0
2025-12-28 13:12:23.003538,SW6,64.18300796233017,62.81502792735452,33.70108495921663,0.6980447843106835,0,0
2025-12-28 13:13:23.003538,APP4,89.82028548397948,92.51442840866972,24.51192214679775,0.3867549283252355,0,0
2025-12-28 13:14:23.003538,APP6,102.11093745994614,85.79145189664368,22.261178169525323,1.0176331511779686,0,0
2025-12-28 13:15:23.003538,SW5,52.114713700135425,103.14725356657553,20.747204611634984,0.25177452280039125,0,0
2025-12-28 13:16:23.003538,SW9,53.25205201609826,69.44709875355593,29.331391562951367,0.5344401892356561,0,0
2025-12-28 13:17:23.003538,APP14,78.23074444568138,38.874489437866906,19.836626033123537,0.6970079910680702,0,0
2025-12-28 13:18:23.003538,SW8,48.255516090697164,100.74184263035073,27.670376957652884,0.3213173747094631,0,0
2025-12-28 13:19:23.003538,DB1,76.5036239632388,76.98189283129864,33.991305144888784,0.45657303410867983,0,0
2025-12-28 13:20:23.003538,SW10,68.91002073332535,76.32579098001148,19.375874689165116,0.3446143908819669,0,0
2025-12-28 13:21:23.003538,APP7,67.47199609715588,85.50461275197017,26.380796968232428,0.48915237389094185,0,0
2025-12-28 13:22:23.003538,APP2,80.32901026158314,83.37053243202152,28.394592941748133,0.5126993726353095,0,0
2025-12-28 13:23:23.003538,APP1,68.11080749892923,79.30079881616842,29.478120325735368,0.6167195927748961,0,0
2025-12-28 13:24:23.003538,APP10,283.59383336732157,519.7870675896579,132.61444687263202,4.075061588158463,2,1
2025-12-28 13:25:23.003538,R1,70.15638421303609,79.53636190704745,21.94472337454749,0.42079860108156264,0,0
2025-12-28 13:26:23.003538,SW4,68.03426380940844,72.63386146657278,18.60332055559834,0.6445736914739152,0,0
2025-12-28 13:27:23.003538,APP14,83.93102383806315,72.69372123496947,27.78235390717534,0.5030027244949501,0,0
2025-12-28 13:28:23.003538,APP14,51.53534885335089,87.05715392982289,33.02676996980974,0.7415530702351115,0,0
2025-12-28 13:29:23.003538,SW6,112.60038322481913,48.60624115208762,36.57649648173208,0.34814134380583495,0,0
2025-12-28 13:30:23.003538,SW9,87.35724374611603,79.01573927118564,31.11366355520092,0.5503855973092406,0,0
2025-12-28 13:31:23.003538,SW5,106.53538750481984,59.25952012073958,23.097672822516824,0.22161139854060147,0,0
2025-12-28 13:32:23.003538,APP6,70.85298364465632,78.70160968455963,39.54679192689632,0.6533422879812281,0,0
2025-12-28 13:33:23.003538,APP11,83.7731009333872,73.7543374335455,17.856299200822857,0.8099598820319238,0,0
2025-12-28 13:34:23.003538,APP4,79.57626362617484,68.02080459256186,32.58103875534692,0.9021937330256022,0,0
2025-12-28 13:35:23.003538,FW1,85.8865410604089,84.59159088140848,17.264918055811577,0.5577641015877219,0,0
2025-12-28 13:36:23.003538,APP3,597.1865711994018,177.65482044825544,112.06771717246657,1.8804330027124334,1,1
2025-12-28 13:37:23.003538,APP5,84.94875444850707,26.87269602968268,31.033557184856313,0.4662979239687472,0,0
2025-12-28 13:38:23.003538,SW8,67.95265739643939,67.91348644091886,19.618023052276204,0.27015800207378277,0,0
2025-12-28 13:39:23.003538,DB3,87.3613066481426,56.240000086326646,28.8824432121432,0.6375299975571038,0,0
2025-12-28 13:40:23.003538,APP10,75.46238635047472,53.87795012930373,21.37556628936194,0.5217224565094539,0,0
2025-12-28 13:41:23.003538,APP7,66.04681026727513,64.34211545212109,25.109002754573318,0.7850794903333123,0,0
2025-12-28 13:42:23.003538,FW2,75.26452338139224,75.59730063351391,29.348758220987513,0.6833931168557872,0,0
2025-12-28 13:43:23.003538,APP1,87.93202663330186,69.00855810660251,17.283178419559867,0.7749835221152208,0,0
2025-12-28 13:44:23.003538,APP5,35.26960676717607,79.92941981439365,32.9958531656286,0.5653137796142974,0,0
2025-12-28 13:45:23.003538,APP7,68.71126727063896,87.25175752796729,30.685970869238865,0.5722850769070922,0,0
2025-12-28 13:46:23.003538,FW2,30.900874935936173,63.86243773171286,17.154848086144966,0.4244506430281792,0,0
2025-12-28 13:47:23.003538,APP1,79.3082397847917,45.981881995169466,27.25841222213143,0.18584277519267628,0,0
2025-12-28 13:48:23.003538,APP5,71.62082162997321,74.14129003519325,30.002229023217364,0.748923613945269,0,0
2025-12-28 13:49:23.003538,SW6,92.70196221075109,92.49183366700521,13.382043724159669,0.616103434790848,0,0
2025-12-28 13:50:23.003538,APP3,68.80869128210455,81.71189708899519,30.511794181220527,0.6120245266398413,0,0
2025-12-28 13:51:23.003538,R2,100.5232286396753,66.63567191162842,22.156759722630444,0.604449759276671,0,0
2025-12-28 13:52:23.003538,DB2,357.3042539679742,364.0026579809066,106.22115757803135,1.6241670071419598,1,1
2025-12-28 13:53:23.003538,APP11,103.36117001896923,106.10203980855647,24.58602692828682,0.3727077146113348,0,0
2025-12-28 13:54:23.003538,SW5,192.67542307232318,198.01470295202688,155.1866643552275,3.085991465200201,2,1
2025-12-28 13:55:23.003538,SW2,106.43401983044703,90.37515309270066,20.5383234036184,0.2192798607890401,0,0
2025-12-28 13:56:23.003538,APP3,61.943964295333615,66.87460045096444,31.36979124874879,0.5113193062973017,0,0
2025-12-28 13:57:23.003538,APP4,78.42646770537829,65.49961273194624,4.685237403917917,0.445665270565094,0,0
2025-12-28 13:58:23.003538,FW1,97.62197556474348,73.82360107247219,7.938346466787461,0.7769056360117481,0,0
2025-12-28 13:59:23.003538,APP6,72.68135656005828,70.51240347097917,14.704701044520469,0.2071277917441015,0,0
2025-12-28 14:00:23.003538,DB2,375.9865590025035,257.77393362000936,141.26782975057688,3.28456102601327,2,1
2025-12-28 14:01:23.003538,APP7,77.03174822624773,90.48120506716383,25.07397326549648,0.07752784064670715,0,0
2025-12-28 14:02:23.003538,DB1,72.70540091658717,93.11560672362248,39.71996333708061,0.5764158686421884,0,0
2025-12-28 14:03:23.003538,APP1,63.37298565853112,94.97143783700048,13.418513458135997,0.39582752207029503,0,0
2025-12-28 14:04:23.003538,APP9,69.58999798867157,30.599181449801833,21.91747058175689,0.0906252248371866,0,0
2025-12-28 14:05:23.003538,DB3,596.0000465641062,283.1745053295385,130.75416436391004,3.1074283959786184,2,1
2025-12-28 14:06:23.003538,APP15,69.1153846082392,80.62338490597315,38.71285683771885,0.4825508060313891,0,0
2025-12-28 14:07:23.003538,APP2,101.73687786771795,94.64728302454279,26.024385783726544,0.7761443745785432,0,0
2025-12-28 14:08:23.003538,APP15,294.57528875012304,408.28838622590706,198.49779685114,4.162208682267607,2,1
2025-12-28 14:09:23.003538,APP13,44.47366674710668,73.0257425615095,19.835216948858104,0.24836717107467676,0,0
2025-12-28 14:10:23.003538,DB3,76.36673623159543,89.27531143521168,29.49209851333889,0.37170552054523986,0,0
2025-12-28 14:11:23.003538,R2,70.86377762842152,60.25333739416096,30.24733053989801,0.20236225009268516,0,0
2025-12-28 14:12:23.003538,SW2,118.78031619480706,85.23060554095943,17.07975631942875,0.4498229548016602,0,0
2025-12-28 14:13:23.003538,SW6,55.09164934100545,79.92320875893432,26.044388682416677,0.550780239720792,0,0
2025-12-28 14:14:23.003538,DB2,88.67129766305395,33.497957546352815,33.353793345022055,0.6182164693511085,0,0
2025-12-28 14:15:23.003538,APP6,49.05744082504157,56.73014932054237,38.56908412796646,0.31934628982212815,0,0
2025-12-28 14:16:23.003538,SW3,652.2154506696131,160.96171985860587,20.691114857918638,0.9462861778121939,1,1
2025-12-28 14:17:23.003538,R2,67.20728767253819,43.43689771472638,24.730727908756055,0.5950587706604576,0,0
2025-12-28 14:18:23.003538,APP3,82.16952000745066,72.24695280286988,17.904553815084334,0.37984578515377126,0,0
2025-12-28 14:19:23.003538,APP3,105.6118319951091,55.12458048428235,12.717066036697414,0.4328415712634037,0,0
2025-12-28 14:20:23.003538,SW4,48.978885968091824,90.05005144689362,26.900156808219016,0.29138696528151153,0,0
2025-12-28 14:21:23.003538,APP11,59.209195922915846,74.96187097531319,17.143410870938563,0.22868366636962845,0,0
2025-12-28 14:22:23.003538,R3,87.79542574055567,81.9505446838418,42.517423541990695,0.34830222665609256,0,0
2025-12-28 14:23:23.003538,APP12,121.92454822842006,75.10929066038749,15.60342137063256,0.5085058913181463,0,0
2025-12-28 14:24:23.003538,APP15,114.30109832842689,61.22787885524835,15.764379769113866,0.4901420019767707,0,0
2025-12-28 14:25:23.003538,FW1,77.15805104087731,89.02225789168456,13.0910692252307,0.5721874200733018,0,0
2025-12-28 14:26:23.003538,SW4,81.32542237859141,85.7349602670377,31.76523455443192,0.3981736306872743,0,0
2025-12-28 14:27:23.003538,APP14,83.72657168849453,90.93386026775104,15.38762527107773,0.606675095901177,0,0
2025-12-28 14:28:23.003538,SW5,87.616923077197,75.91883335830124,46.253607974651544,0.5765508846308502,0,0
2025-12-28 14:29:23.003538,SW7,66.14686872571929,85.62718212935019,20.560034378544447,0.31319145569731077,0,0
2025-12-28 14:30:23.003538,SW5,95.27512364548298,96.39186183949383,19.81577436698547,0.48195714666318906,0,0
2025-12-28 14:31:23.003538,DB4,92.76964078232422,70.15698182157547,23.437368219577444,0.4801688400612544,0,0
2025-12-28 14:32:23.003538,APP8,78.17745814121648,99.75409091416107,17.771559340956415,0.480679530800333,0,0
2025-12-28 14:33:23.003538,SW10,65.5295156824046,56.29629113968656,27.04229090086152,0.6412271990437572,0,0
2025-12-28 14:34:23.003538,APP9,79.64188064944287,65.37769340645421,4.991205281544708,0.9120697118540921,0,0
2025-12-28 14:35:23.003538,DB5,589.6413587817178,326.78102338626604,321.38267563584327,2.474780195157819,2,1
2025-12-28 14:36:23.003538,DB3,68.94521317749988,46.82706988697151,29.242029120348384,0.7628569129891138,0,0
2025-12-28 14:37:23.003538,DB3,113.91374194093464,81.3291145956981,35.20877332837864,0.5529423305378882,0,0
2025-12-28 14:38:23.003538,R2,98.07873330878958,95.10867262915173,19.222217505728032,0.15864900472804389,0,0
2025-12-28 14:39:23.003538,DB4,79.12046568366974,70.13936647609803,14.627240761630176,0.5723986862906791,0,0
2025-12-28 14:40:23.003538,SW5,91.87961662290336,60.3955412679154,41.25459963584156,0.6226869479766445,0,0
2025-12-28 14:41:23.003538,APP11,117.1774695327943,70.69440664134854,30.92255508726595,0.7440838935582359,0,0
2025-12-28 14:42:23.003538,SW2,89.61572453374318,82.77329004841977,25.33514024990546,0.5511676217241712,0,0
2025-12-28 14:43:23.003538,DB1,56.037302216081386,62.733720187845364,35.42603208868269,0.5063971098034608,0,0
2025-12-28 14:44:23.003538,SW1,66.5546402261819,55.296888826330374,13.356737796142449,0.7618022531273516,0,0
2025-12-28 14:45:23.003538,APP8,59.90603318032693,59.19855008669185,21.203483656964952,0.6130284323285613,0,0
2025-12-28 14:46:23.003538,FW1,57.18090478412968,96.35948350804938,27.56936490024197,0.5000605353601514,0,0
2025-12-28 14:47:23.003538,APP3,72.78449799698525,96.78810769272692,16.584278799489205,0.22957438163634675,0,0
2025-12-28 14:48:23.003538,DB4,61.51097458850069,61.27113154180334,19.97255699217785,0.2905614851032083,0,0
2025-12-28 14:49:23.003538,FW1,77.2210956187085,104.09171105108057,12.329764424003944,0.6323871750860771,0,0
2025-12-28 14:50:23.003538,R2,133.1980853420255,83.65357831342075,35.56601506043299,0.24813665293264414,0,0
2025-12-28 14:51:23.003538,APP11,98.79140374250984,42.73162256931806,35.32700936983534,0.3592887925943552,0,0
2025-12-28 14:52:23.003538,SW2,90.18903248901307,68.05787144203698,38.473133682177526,0.47955937782777014,0,0
2025-12-28 14:53:23.003538,SW9,93.52462717088447,49.09302147769196,18.753847687715126,0.4629566360302592,0,0
2025-12-28 14:54:23.003538,APP13,59.37823268249069,57.13335720062044,18.76566935947762,0.49392709647502603,0,0
2025-12-28 14:55:23.003538,APP11,85.90824381311973,82.68090047177974,15.642378109711565,0.26175410239717234,0,0
2025-12-28 14:56:23.003538,APP12,74.86902419766815,62.668450396227385,45.04286936887493,0.5777080196870931,0,0
2025-12-28 14:57:23.003538,SW7,81.35154149342304,50.767779947057136,35.896797672269614,0.41921261643132773,0,0
2025-12-28 14:58:23.003538,SW7,110.50194411741751,65.18905721737165,13.760392783763272,0.6056181465018471,0,0
2025-12-28 14:59:23.003538,APP12,84.09079686445405,60.7729598688407,12.523781155197781,0.4342525897702158,0,0
2025-12-28 15:00:23.003538,SW5,103.97711815538601,60.38667475169429,23.347233503307322,0.26981477172647284,0,0
2025-12-28 15:01:23.003538,SW2,87.68799560151355,87.65622948556764,21.49457008150471,0.34947259376978057,0,0
2025-12-28 15:02:23.003538,FW2,93.4783213927219,52.79786402850373,17.41354450111705,0.3905538094238322,0,0
2025-12-28 15:03:23.003538,DB1,88.6381390474713,125.3942018611347,31.33005464185641,0.6468541413297573,0,0
2025-12-28 15:04:23.003538,FW2,59.672177180855925,78.91968602134259,46.15460587982679,0.6043861284494322,0,0
2025-12-28 15:05:23.003538,DB3,53.13656033954126,81.73404789494062,36.729825583162594,0.8003680577513401,0,0
2025-12-28 15:06:23.003538,SW6,117.61835893285058,68.20367712215965,24.083964184965307,0.5212164669112285,0,0
2025-12-28 15:07:23.003538,APP3,95.50294403990887,78.03222064478967,13.66748162145155,0.37691918379968004,0,0
2025-12-28 15:08:23.003538,SW6,96.41757346456058,60.28572942071908,48.428170774139474,0.6073910263855754,0,0
2025-12-28 15:09:23.003538,DB5,102.53395927305903,77.51867765986931,16.437948335905624,0.9451979985528858,0,0
2025-12-28 15:10:23.003538,FW1,55.506865151432024,64.52251218643649,28.581186474371655,0.9433642309407819,0,0
2025-12-28 15:11:23.003538,R3,86.15634136372594,62.99777311322412,8.906918643756502,0.7103364907326042,0,0
2025-12-28 15:12:23.003538,APP2,69.66135853481849,56.9829312974161,12.677286933636264,0.8829245197116337,0,0
2025-12-28 15:13:23.003538,APP5,90.14144053770546,47.20018790670526,14.92984949479901,0.489060130305485,0,0
2025-12-28 15:14:23.003538,R3,63.45734748198131,79.31790807902429,22.82122261852432,0.6225767100504611,0,0
2025-12-28 15:15:23.003538,DB5,89.73028540119356,100.21615984195209,32.591085457385354,0.4521667424865755,0,0
2025-12-28 15:16:23.003538,R3,12.621949003090776,95.63468678102541,20.03122620842386,0.45953542084738075,0,0
2025-12-28 15:17:23.003538,APP6,40.59667853673044,86.63375945740846,15.996447284601457,0.06580484407415343,0,0
2025-12-28 15:18:23.003538,DB5,74.22536388489027,61.72399366900486,34.106361836995546,0.6667563557657958,0,0
2025-12-28 15:19:23.003538,APP4,98.46117760102607,72.08837978094064,10.148354109579989,0.5856311567291352,0,0
2025-12-28 15:20:23.003538,DB4,89.79562137144934,90.74341273256825,10.878701663938507,0.6296344088552873,0,0
2025-12-28 15:21:23.003538,SW10,60.246417701391806,86.01737219960833,36.52919533002479,0.1306683669599935,0,0
2025-12-28 15:22:23.003538,APP4,117.21953478660784,80.49643702521819,16.670008753905844,0.8015905051627861,0,0
2025-12-28 15:23:23.003538,R2,58.31594996012193,76.03208553671186,29.557810411373772,0.4664994711346416,0,0
2025-12-28 15:24:23.003538,APP5,107.40361910855006,86.05085425032426,24.220692300681343,0.5555463124665385,0,0
2025-12-28 15:25:23.003538,APP13,65.46003468311584,88.22450854171512,-4.269102339216143,0.5445489603134099,0,0
2025-12-28 15:26:23.003538,SW1,713.4827560238282,245.03416159968086,58.22267392345136,2.341808461758968,1,1
2025-12-28 15:27:23.003538,SW10,78.31458800552521,62.843983782257816,24.398619523491927,0.6009307984142511,0,0
2025-12-28 15:28:23.003538,APP5,61.851923587028615,67.6594207791285,45.02849478072771,0.6066037488715943,0,0
2025-12-28 15:29:23.003538,APP15,75.28432402890425,74.77616805376638,8.717683449458647,0.3399369791937788,0,0
2025-12-28 15:30:23.003538,APP7,65.44392877576809,63.75491534793342,31.732780720429986,0.3821724829383426,0,0
2025-12-28 15:31:23.003538,DB3,63.73592766869854,87.3604089101392,13.702445197885476,0.3721175496915506,0,0
2025-12-28 15:32:23.003538,APP8,81.01414682322434,80.00515434597953,29.58545693585657,0.591450798128477,0,0
2025-12-28 15:33:23.003538,APP1,87.13633767706308,86.31988952000891,36.98937769166497,0.2408199429882848,0,0
2025-12-28 15:34:23.003538,FW2,81.28754018488145,68.38634022253643,19.768977621667393,0.6739137937812067,0,0
2025-12-28 15:35:23.003538,APP11,74.08872148084718,64.7006032711881,22.029739821193434,0.89905642085083,0,0
2025-12-28 15:36:23.003538,SW2,105.91458836207224,95.69831485329718,27.951355387754322,0.3418258212269917,0,0
2025-12-28 15:37:23.003538,FW1,80.71094591104517,49.234183480019695,32.322367439879116,0.22985283557027392,0,0
2025-12-28 15:38:23.003538,APP4,102.76727325130267,87.96438966723537,52.675396210381976,0.337666887655248,0,0
2025-12-28 15:39:23.003538,R2,100.80211233349083,47.65410161594245,17.970454517631147,0.573939554569071,0,0
2025-12-28 15:40:23.003538,SW2,64.73177418046288,72.16617826593863,16.60397590400579,0.7553878631791662,0,0
2025-12-28 15:41:23.003538,APP6,53.34504976710694,73.6092676094848,37.138212370195696,0.7487416477896297,0,0
2025-12-28 15:42:23.003538,APP10,297.8459470535543,150.2573258202359,102.11953732055655,2.447685244512262,3,1
2025-12-28 15:43:23.003538,APP8,93.21964042229988,67.5151192915558,2.325008188074147,0.6930344467397074,0,0
2025-12-28 15:44:23.003538,APP9,162.20924818311232,289.86363163559196,184.18859927009277,5.320720337705321,2,1
2025-12-28 15:45:23.003538,DB4,69.06017648157614,80.93391120418289,34.33627488339622,0.8900952844546727,0,0
2025-12-28 15:46:23.003538,DB4,305.585790363703,104.81458790027744,115.08683454025952,2.0633061436641507,1,1
2025-12-28 15:47:23.003538,APP9,94.50572653362686,89.35892608933018,36.11028108922617,0.6372778287071146,0,0
2025-12-28 15:48:23.003538,R3,67.68504767339059,75.12638998520916,33.99582455509339,0.5828687850360084,0,0
2025-12-28 15:49:23.003538,APP10,85.86579388883963,75.18545228120215,20.96995511196272,0.5475335394743287,0,0
2025-12-28 15:50:23.003538,R2,80.98230758536073,79.67907271785447,34.13232201382698,0.5642584531703472,0,0
2025-12-28 15:51:23.003538,SW3,58.15925762975539,107.70108319350236,27.893407846972792,0.358497217201968,0,0
2025-12-28 15:52:23.003538,APP4,58.741526396195674,90.34613929626163,31.747215421473136,0.5802513177723713,0,0
2025-12-28 15:53:23.003538,SW5,77.2799190374812,54.544317447025264,18.310185881713767,0.6894483394115237,0,0
2025-12-28 15:54:23.003538,SW1,101.81232811817324,99.14794410133453,20.218736158973655,0.6258130944609563,0,0
2025-12-28 15:55:23.003538,DB1,68.88800157655321,88.81497760169319,14.358011055500885,0.7802891820598681,0,0
2025-12-28 15:56:23.003538,APP7,73.92273365308489,57.00090657582001,28.79008402427719,0.35783725030605473,0,0
2025-12-28 15:57:23.003538,APP13,80.73752315779109,71.17045084919906,38.36556124215078,0.5630068719006743,0,0
2025-12-28 15:58:23.003538,APP4,64.73215794641776,19.335819839662108,28.104512734127738,0.7839931994716793,0,0
2025-12-28 15:59:23.003538,APP11,92.08139577004702,65.47991915928486,13.518072833364549,0.3924237816718556,0,0
2025-12-28 16:00:23.003538,SW6,85.0134052383706,99.44373545631665,27.569789084307263,0.38691426706148924,0,0
2025-12-28 16:01:23.003538,FW1,48.55259714476013,103.1625341517508,14.765405445199338,0.7154281885659729,0,0
2025-12-28 16:02:23.003538,SW8,45.84562115563347,60.85652868759146,29.936790790133117,0.4319289571294895,0,0
2025-12-28 16:03:23.003538,R1,75.47407358404952,66.78521339054065,24.294824719158107,0.38493039987904937,0,0
2025-12-28 16:04:23.003538,APP4,100.41716719274848,72.955705414389,25.493883729232817,0.2607942227719353,0,0
2025-12-28 16:05:23.003538,SW6,96.97484925400784,88.92395384080704,39.21884021713372,0.8113746422231463,0,0
2025-12-28 16:06:23.003538,DB1,74.32829408691208,77.72580420593157,31.35739919195548,0.22394742019048813,0,0
2025-12-28 16:07:23.003538,APP7,76.7216813145215,62.870654787384964,41.760874092368354,0.6951207891723306,0,0
2025-12-28 16:08:23.003538,FW3,112.53919579143607,96.12679228320624,45.06755864165357,0.6094101872020639,0,0
2025-12-28 16:09:23.003538,APP4,82.6212608312975,69.00835358697984,15.804627753986457,0.2107203332384749,0,0
2025-12-28 16:10:23.003538,FW3,113.46358642078302,80.02157992981135,23.38503090510034,0.7116679201446816,0,0
2025-12-28 16:11:23.003538,DB5,68.15521214808736,65.50949959375968,40.93676388929396,0.3030051811417709,0,0
2025-12-28 16:12:23.003538,SW1,65.98864360312687,40.1350674009298,35.00246926047616,0.22259221504441734,0,0
2025-12-28 16:13:23.003538,SW7,56.21116316266483,34.50558214340115,30.78974999196611,0.3476561442730834,0,0
2025-12-28 16:14:23.003538,APP8,96.57611502437054,100.7326374161508,29.070416123783488,0.3918630483590546,0,0
2025-12-28 16:15:23.003538,DB4,78.8535805886994,89.84554754909963,20.930492728601806,0.7580305242047358,0,0
2025-12-28 16:16:23.003538,APP14,287.93446191046615,297.7298468279231,87.97530029751456,3.1024459995129563,3,1
2025-12-28 16:17:23.003538,R1,78.02326724260735,79.58461134503466,50.55796845046494,0.6999079725710007,0,0
2025-12-28 16:18:23.003538,APP8,61.35045635730357,52.53237848085269,25.471101089706732,0.5923976794390173,0,0
2025-12-28 16:19:23.003538,R1,78.56952355982139,95.82372831062463,18.868390478095662,0.7062126577335348,0,0
2025-12-28 16:20:23.003538,FW2,72.17676439027717,93.4914388964717,26.015647854307886,0.5500396675350291,0,0
2025-12-28 16:21:23.003538,SW10,94.64066297789233,70.513253923225,17.263545243697067,0.5498405577762978,0,0
2025-12-28 16:22:23.003538,DB2,57.80738324404428,91.12353311689957,25.799760577324577,0.27293457410605393,0,0
2025-12-28 16:23:23.003538,R2,70.81737667111916,88.5685310459177,19.813773177779943,0.2473877651343,0,0
2025-12-28 16:24:23.003538,APP1,264.0311829565883,219.05436837558258,183.7552822103506,2.317895195147715,2,1
2025-12-28 16:25:23.003538,APP14,93.33824269421187,62.593265870413745,25.951293828899324,0.4597899767498781,0,0
2025-12-28 16:26:23.003538,APP1,59.55659517235387,81.04633926669824,33.88980383968091,0.4298226423833741,0,0
2025-12-28 16:27:23.003538,SW2,83.52087714236285,55.11810385541862,28.111236567920038,0.3425107560093197,0,0
2025-12-28 16:28:23.003538,APP1,66.11377343136995,48.927330567736185,20.33761662900465,0.1767946764790193,0,0
2025-12-28 16:29:23.003538,DB1,79.7418704422808,100.33617580623695,18.93406634846828,0.6218153433021857,0,0
2025-12-28 16:30:23.003538,APP11,62.0606364301165,184.42773386488815,68.27594492815332,1.1802855103567313,3,1
2025-12-28 16:31:23.003538,R2,87.45858286632976,78.26535325619164,30.34136263962166,0.33273698174070293,0,0
2025-12-28 16:32:23.003538,DB4,103.45087123870616,91.4565205529909,13.998357365297018,0.6792855799496651,0,0
2025-12-28 16:33:23.003538,FW2,212.9472035037237,193.5678248805217,44.51693757125768,0.44418666807022583,3,1
2025-12-28 16:34:23.003538,SW9,56.36186702537801,57.09873369423227,24.792057794604702,0.697943239060588,0,0
2025-12-28 16:35:23.003538,SW6,75.60440878655871,50.678306413820145,14.131591311046709,0.4757665908935168,0,0
2025-12-28 16:36:23.003538,APP2,42.340854902862034,26.616749221309327,31.02425575198236,0.6790277006766462,0,0
2025-12-28 16:37:23.003538,APP3,77.15687840769077,65.6635544220339,26.299480835514043,0.6629114425143795,0,0
2025-12-28 16:38:23.003538,APP9,80.0527176671334,84.13859781202724,29.12109459405118,0.5128837835667962,0,0
2025-12-28 16:39:23.003538,SW3,97.23500214723481,64.67125985800713,27.979173878337267,0.4510565531466165,0,0
2025-12-28 16:40:23.003538,R3,78.28602297299001,81.57499346495274,23.257046119987457,1.0162004766874455,0,0
2025-12-28 16:41:23.003538,FW1,351.71281213316513,417.99686999693654,164.10519854113417,1.7532619995333558,2,1
2025-12-28 16:42:23.003538,SW4,90.93346489808147,41.409445022440465,36.093363254319726,0.558166165712852,0,0
2025-12-28 16:43:23.003538,SW5,86.33695458557652,85.74123258228246,20.222302562212075,0.04327199006258792,0,0
2025-12-28 16:44:23.003538,DB4,77.29803994123125,102.74272159152454,9.515375606688881,0.5713700313298948,0,0
2025-12-28 16:45:23.003538,SW7,152.07672775522764,54.37649302539108,24.222979589524545,0.6590724324841765,0,0
2025-12-28 16:46:23.003538,APP4,59.587879913254525,68.57625597436316,15.884077996314396,0.6241906695564219,0,0
2025-12-28 16:47:23.003538,R3,106.44987893459157,69.96609007902751,30.29888012139332,0.5106948651160587,0,0
2025-12-28 16:48:23.003538,APP11,677.2235794866896,153.49244581469375,220.87553839990215,2.3062193030103684,2,1
2025-12-28 16:49:23.003538,R1,84.59917263151281,100.86438106117959,22.038537286457274,0.3681833169533951,0,0
2025-12-28 16:50:23.003538,SW3,312.0346349075352,114.90362759902521,273.3174016680835,2.5219085671750783,2,1
2025-12-28 16:51:23.003538,APP1,70.03074195335344,72.8015440193845,13.810960175601743,0.9451799198207178,0,0
2025-12-28 16:52:23.003538,DB4,96.36018208461907,139.0106502111033,27.41247398118411,0.38654327879637856,0,0
2025-12-28 16:53:23.003538,SW8,111.83369344417198,92.56919378940998,16.45407916763201,0.5894765800881098,0,0
2025-12-28 16:54:23.003538,DB4,56.75371704629404,77.95686739753046,9.780133263096143,0.41729716866226163,0,0
2025-12-28 16:55:23.003538,SW7,98.65101347117343,77.24001808259575,22.32741358311227,0.17542486472709556,0,0
2025-12-28 16:56:23.003538,APP5,60.111529623591174,75.69146486944514,18.161919075673552,0.11888008578087594,0,0
2025-12-28 16:57:23.003538,APP2,81.95899832290208,84.9339716353565,25.679328101721946,0.5911961912165662,0,0
2025-12-28 16:58:23.003538,APP2,57.68883515791683,89.49763301091875,25.92771135878746,0.5306081653173229,0,0
2025-12-28 16:59:23.003538,APP13,75.11440521055712,63.17211803644206,16.257804345552216,0.7338517740754821,0,0
2025-12-28 17:00:23.003538,R1,81.09380752472093,78.69166617131876,21.12239295135043,0.4309952016813896,0,0
2025-12-28 17:01:23.003538,APP8,63.828708219973066,88.53107283886713,32.50380328662436,0.3670042886583008,0,0
2025-12-28 17:02:23.003538,APP4,76.88843782906464,117.30091853797978,36.17125585997584,0.056872849259173464,0,0
2025-12-28 17:03:23.003538,APP10,165.7094786451442,130.96477997569173,308.9356124866443,2.8424864503547282,2,1
2025-12-28 17:04:23.003538,FW1,55.94389957767038,73.04901581282698,13.860711880970143,0.7572689479540728,0,0
2025-12-28 17:05:23.003538,SW5,79.35295858729727,73.16372130583831,26.94087788219765,0.31378213227257,0,0
2025-12-28 17:06:23.003538,APP7,76.79854394699797,52.6982673928688,25.41893826124063,0.37212560734061967,0,0
2025-12-28 17:07:23.003538,APP7,116.79438246871422,102.17769247255079,39.32175407249736,0.621886687862394,0,0
2025-12-28 17:08:23.003538,DB4,112.6426381326638,50.36633440823368,27.232776251628664,0.6730649049673836,0,0
2025-12-28 17:09:23.003538,APP11,56.65802802478074,67.76653898058203,18.162222502092682,0.30384990084546837,0,0
2025-12-28 17:10:23.003538,DB1,67.79433808562885,82.37626767192538,19.627822851320516,0.3768001336205663,0,0
2025-12-28 17:11:23.003538,DB3,99.88281551730695,75.02385868635662,13.903079322238414,1.1651102694921216,0,0
2025-12-28 17:12:23.003538,SW8,378.30129009333405,318.1613081493913,156.80573087615295,3.572336873030748,2,1
2025-12-28 17:13:23.003538,FW3,74.84941577650415,67.91133376927401,36.675148882834876,0.8899084138019697,0,0
2025-12-28 17:14:23.003538,DB1,78.91328274195817,88.11769416778725,24.315372778001173,0.6529938451099504,0,0
2025-12-28 17:15:23.003538,APP14,92.34688083940638,16.959448976852784,28.881984935490927,0.5146334734286134,0,0
2025-12-28 17:16:23.003538,R2,59.042797017181215,116.46889787172022,21.131787880788938,0.4367230509913818,0,0
2025-12-28 17:17:23.003538,SW10,91.08793813201204,64.8296329715036,17.209607069275176,0.5448956198709087,0,0
2025-12-28 17:18:23.003538,APP11,84.74172481166451,84.38379620287662,18.64938935895194,0.5766527071151397,0,0
2025-12-28 17:19:23.003538,SW6,67.21189697586763,75.6631468905179,14.65807296992677,0.8236009269593667,0,0
2025-12-28 17:20:23.003538,APP13,563.2949472452055,338.72857704384916,8.450585236933868,2.4238089289842253,1,1
2025-12-28 17:21:23.003538,R2,132.88536563694672,45.40125873033918,33.50396772649004,1.0049679855785327,0,0
2025-12-28 17:22:23.003538,SW5,118.86571262345126,33.823728728825955,19.407348361232984,0.9508618199867209,0,0
2025-12-28 17:23:23.003538,APP10,77.90896577013056,83.28685795165333,21.317310293586797,0.5705835434828032,0,0
2025-12-28 17:24:23.003538,SW3,87.34933298286684,63.11322658014391,2.073564018744271,0.7227190139596834,0,0
2025-12-28 17:25:23.003538,SW5,122.53603432909951,50.84061791753597,20.310418685773794,0.7854707120742643,0,0
2025-12-28 17:26:23.003538,APP10,70.33401396211787,77.59730982012616,21.088480376884885,0.5814946108158425,0,0
2025-12-28 17:27:23.003538,SW1,55.27432463649661,81.38445922779502,-4.69731114576966,0.42890582258838683,0,0
2025-12-28 17:28:23.003538,APP4,49.441006968303604,83.84336431014684,23.40385608835624,0.4478725131661052,0,0
2025-12-28 17:29:23.003538,APP6,117.46017338917227,33.729629178421376,23.007240810463227,0.6703720598354677,0,0
2025-12-28 17:30:23.003538,SW7,647.4948896449405,281.80290777588317,248.162662988772,2.179568600788004,2,1
2025-12-28 17:31:23.003538,APP2,83.97384740916173,30.008750790323553,9.217094999052254,0.5079436092157854,0,0
2025-12-28 17:32:23.003538,APP10,114.57317687421155,63.548979060454464,21.182999252822047,0.40028459583438586,0,0
2025-12-28 17:33:23.003538,APP13,66.99458245553974,98.09388570767402,22.12223440298718,0.13326162907198547,0,0
2025-12-28 17:34:23.003538,APP4,56.65477894800838,101.8352069156729,7.935734881913515,0.5124577622900192,0,0
2025-12-28 17:35:23.003538,APP2,43.53054235646503,45.37706853753657,6.656969940811251,0.6338507151044258,0,0
2025-12-28 17:36:23.003538,APP3,89.98352739056868,54.788403532338805,26.29635496409657,0.39429649844413606,0,0
2025-12-28 17:37:23.003538,DB4,201.74476891584777,127.58647358290186,52.20198505734399,2.8330113434399062,3,1
2025-12-28 17:38:23.003538,APP10,44.894081191348604,91.98767447186566,17.911182696850922,0.6578124759146031,0,0
2025-12-28 17:39:23.003538,APP5,44.87411938029011,56.78925559045409,25.270828973121688,0.4243851159927755,0,0
2025-12-28 17:40:23.003538,APP8,322.65633418928917,211.77746868510525,50.50965666139423,2.8525500060049525,1,1
2025-12-28 17:41:23.003538,FW1,98.00998749366249,94.1015483881169,34.63092424033501,0.9418677162565925,0,0
2025-12-28 17:42:23.003538,DB3,86.4259783311979,48.38999727348887,27.586348412265217,0.18529208098807642,0,0
2025-12-28 17:43:23.003538,SW9,73.83078223248468,72.54642256739427,27.043850771885282,0.45531948415326545,0,0
2025-12-28 17:44:23.003538,SW3,93.05388835725576,98.2726581348651,17.21086243176434,0.7021622911804767,0,0
2025-12-28 17:45:23.003538,APP3,71.31025145994052,62.39045144072475,19.9948356582586,0.3394246187049157,0,0
2025-12-28 17:46:23.003538,SW8,448.93791128380485,253.64041658222501,46.67190569708114,1.3360877075312034,1,1
2025-12-28 17:47:23.003538,R1,34.82694839682024,77.94447584681981,30.286647111607607,0.49779848374447844,0,0
2025-12-28 17:48:23.003538,SW7,103.47413458596574,94.32048665793873,20.29432998275914,0.5679119157918311,0,0
2025-12-28 17:49:23.003538,R2,64.2736772709809,73.68474593056317,23.889482554458677,0.9916875897960125,0,0
2025-12-28 17:50:23.003538,APP7,69.79424754362593,89.76004100107997,35.848024922719034,0.5786598535542355,0,0
2025-12-28 17:51:23.003538,SW7,91.79906728001433,70.51397814229394,10.100542950114416,0.6908694506183538,0,0
2025-12-28 17:52:23.003538,APP14,79.89351635645394,53.173575208906456,31.073343852334155,0.4205864138163503,0,0
2025-12-28 17:53:23.003538,FW2,101.63156301850843,60.7741263693647,33.20281409035429,0.2516613874758784,0,0
2025-12-28 17:54:23.003538,APP1,96.55277666262418,75.32447169912656,19.586941756238758,0.8097991473799138,0,0
2025-12-28 17:55:23.003538,DB1,61.751082892710805,67.66550017343019,32.20928416600938,0.2942239133100004,0,0
2025-12-28 17:56:23.003538,DB3,83.10712846143758,78.23484169814184,32.69707221210163,0.5630339798432643,0,0
2025-12-28 17:57:23.003538,SW2,92.66055245067595,68.17299188932905,30.162214000561793,0.46311001243704275,0,0
2025-12-28 17:58:23.003538,SW4,81.48070588465863,86.3631531194744,16.07265214867629,0.3270192693737347,0,0
2025-12-28 17:59:23.003538,APP14,119.51594684942441,132.36433967413737,76.08028851993389,2.2721955649746493,3,1
2025-12-28 18:00:23.003538,SW3,42.83223773565875,48.53838065273267,30.38603031708051,0.20554294171484294,0,0
2025-12-28 18:01:23.003538,APP12,74.5351281724189,87.16223065905483,29.747238320309528,0.2824436315303587,0,0
2025-12-28 18:02:23.003538,APP8,110.93879661733607,51.6802964612872,19.868478512805016,0.5423185825244401,0,0
2025-12-28 18:03:23.003538,APP15,398.7037467671556,302.24623488236233,103.81915895722966,2.4655879909802967,1,1
2025-12-28 18:04:23.003538,SW1,52.35336318298666,89.25003594753314,23.04142026436923,0.3823870869950119,0,0
2025-12-28 18:05:23.003538,APP1,97.05683538655484,95.96920311503237,34.36362684714507,0.31122249514102207,0,0
2025-12-28 18:06:23.003538,FW2,165.43070876935803,497.37771913105354,92.63463992687518,2.435130269420343,3,1
2025-12-28 18:07:23.003538,APP11,72.2157973438634,62.202967089436015,27.381719438022373,0.7597960011055214,0,0
2025-12-28 18:08:23.003538,APP3,69.56107393423747,78.96526471862413,40.73850379630379,0.5106877016635217,0,0
2025-12-28 18:09:23.003538,SW9,40.06358148485341,87.43587651318698,37.7237116179274,0.5178557655606775,0,0
2025-12-28 18:10:23.003538,DB4,72.74835898348367,109.30132834976885,24.771973581643326,0.4435385535412103,0,0
2025-12-28 18:11:23.003538,SW2,178.01046391323223,248.04801166849796,104.7947033491139,1.643465758892391,3,1
2025-12-28 18:12:23.003538,SW1,90.95866650293162,75.12964380413503,31.969831455929665,0.655970511775832,0,0
2025-12-28 18:13:23.003538,APP12,90.54868443861243,88.99085324505923,52.09763967066921,0.6879820753579078,0,0
2025-12-28 18:14:23.003538,APP14,88.2502924675667,81.85093783604968,6.091382186994924,0.3911344173030413,0,0
2025-12-28 18:15:23.003538,APP1,103.34176424240364,99.98652646161707,37.21805849235809,0.6810225504363174,0,0
2025-12-28 18:16:23.003538,FW1,64.20629368576121,72.33517421032326,20.857302296530637,0.33927473757629345,0,0
2025-12-28 18:17:23.003538,SW5,74.90360539822356,68.03883171054333,30.542194386315316,0.8758209308525194,0,0
2025-12-28 18:18:23.003538,SW4,79.74372932065748,82.77035272203726,44.6726344548636,0.4322166458951778,0,0
2025-12-28 18:19:23.003538,APP11,84.29141681165937,36.66288087281094,25.675186930502463,0.8620957589524382,0,0
2025-12-28 18:20:23.003538,DB5,57.17180658222097,50.09912927322975,37.25501550543609,0.1778703205214302,0,0
2025-12-28 18:21:23.003538,SW4,56.59589989099197,59.02263870062288,22.112978202769547,0.5949092062694692,0,0
2025-12-28 18:22:23.003538,FW1,75.81799505343051,86.48609164220649,19.505647177918743,0.6347118442676799,0,0
2025-12-28 18:23:23.003538,APP12,66.9757351480895,72.9190211498295,24.9266933875894,0.5379753013285883,0,0
2025-12-28 18:24:23.003538,APP8,81.86447928198409,77.15451740055576,22.05688260726329,0.1396093123241685,0,0
2025-12-28 18:25:23.003538,APP15,82.58446202457726,85.22205728350922,44.48942310413187,0.8278643123899343,0,0
2025-12-28 18:26:23.003538,APP3,96.44036065396106,119.46271628382348,41.66438745156167,0.11257830120698786,0,0
2025-12-28 18:27:23.003538,SW4,36.67232622860837,79.68879890319367,30.834913240891083,0.46867667096155907,0,0
2025-12-28 18:28:23.003538,APP2,81.87262185535037,58.13363753324943,39.23739201160686,0.05925216251151999,0,0
2025-12-28 18:29:23.003538,APP3,100.19062512828764,42.075618618038746,14.803441664286334,0.4989997005062844,0,0
2025-12-28 18:30:23.003538,FW2,81.05477168470449,71.37911786340088,34.112153805215,0.30186468695848834,0,0
2025-12-28 18:31:23.003538,DB5,45.88421698252059,78.3530290027651,39.48063849049083,0.8091277132010127,0,0
2025-12-28 18:32:23.003538,SW6,684.3827602172148,143.84258090158548,253.61365562940549,1.8711558966064672,2,1
2025-12-28 18:33:23.003538,APP7,111.803429737748,74.94259926149152,39.71377665215307,0.6943983424627056,0,0
2025-12-28 18:34:23.003538,APP12,63.953027371901854,68.38369575931205,34.33736755482499,0.5117034586068467,0,0
2025-12-28 18:35:23.003538,APP7,98.34305160141308,73.19360716264256,-0.9069021113711919,0.7575593543319794,0,0
2025-12-28 18:36:23.003538,APP11,78.91375270611759,36.00546342892595,38.57314428438792,0.6057928135204642,0,0
2025-12-28 18:37:23.003538,APP8,80.49541197893363,69.08096084333373,15.926301230776092,0.4398134722854834,0,0
2025-12-28 18:38:23.003538,APP4,79.89712892273921,83.99671438580063,24.019599706191574,0.756424242693184,0,0
2025-12-28 18:39:23.003538,SW7,76.49546245501793,47.77223192086057,28.356396087555684,0.3152940669088419,0,0
2025-12-28 18:40:23.003538,APP13,55.34295387945579,80.9362459091778,16.70567924892203,0.361090557948306,0,0
2025-12-28 18:41:23.003538,R3,66.16779826440515,67.71416776169252,40.542796750092045,0.4392743838164728,0,0
2025-12-28 18:42:23.003538,APP11,66.6076630745252,62.30627003538234,27.34820749027762,0.818405458376467,0,0
2025-12-28 18:43:23.003538,FW1,96.36338677877245,92.73832642671138,42.238580622426326,0.3759832417415755,0,0
2025-12-28 18:44:23.003538,SW8,118.88546387307635,84.7401312632405,16.386253321161764,0.2950878173476663,0,0
2025-12-28 18:45:23.003538,FW1,60.20188748205158,60.95932824751256,17.3525885217715,0.6369028705727117,0,0
2025-12-28 18:46:23.003538,SW5,94.56023044770919,30.31647560985163,20.526530736492827,0.4100507906714605,0,0
2025-12-28 18:47:23.003538,SW3,59.17381446327011,78.58122623587471,19.19717402027411,0.30183039835570513,0,0
2025-12-28 18:48:23.003538,APP8,69.55619188640425,78.2931873699288,2.0722141750633085,0.7932157265653623,0,0
2025-12-28 18:49:23.003538,APP11,84.35091737676693,68.51721367814781,13.131051540190148,0.6836610512335863,0,0
2025-12-28 18:50:23.003538,SW10,231.43451812694445,316.5103234822929,96.06951242119516,3.1254100239025777,3,1
2025-12-28 18:51:23.003538,APP10,107.48698921482988,100.19400096350688,23.019637006587747,0.24618281679548398,0,0
2025-12-28 18:52:23.003538,SW7,85.05343699594633,67.30550704488817,13.086993027543715,0.4313117495261503,0,0
2025-12-28 18:53:23.003538,APP11,49.857989783462216,326.7946247018952,53.501999146035644,1.6882110677283002,3,1
2025-12-28 18:54:23.003538,APP15,103.1484992911934,100.47354113680632,44.9410753540391,0.6694607142047816,0,0
2025-12-28 18:55:23.003538,DB1,75.26846246958497,86.05295218564642,26.072573651347422,0.7972010936419993,0,0
2025-12-28 18:56:23.003538,APP15,55.163206398491,63.44230573536332,17.37670605631307,0.3943284136174602,0,0
2025-12-28 18:57:23.003538,SW5,70.20988037366989,90.15638429871015,16.605735765943148,0.4391681601516744,0,0
2025-12-28 18:58:23.003538,DB4,97.24498141912159,109.08158018290163,18.941571713138988,0.5811693633547348,0,0
2025-12-28 18:59:23.003538,SW6,78.73442502867105,91.58096225279034,23.490786329980416,0.013983457398160537,0,0
2025-12-28 19:00:23.003538,R2,54.99300147112384,88.76510510934338,32.66341760571622,0.5752952905327539,0,0
2025-12-28 19:01:23.003538,APP15,78.41460077872586,57.79182544651543,23.71809323922048,0.5926417161785392,0,0
2025-12-28 19:02:23.003538,APP8,130.06900566226008,31.00851882624478,23.457039737651954,0.3932374692382239,0,0
2025-12-28 19:03:23.003538,DB1,61.05417357767061,100.6100675750527,7.93331313968131,0.697518662336175,0,0
2025-12-28 19:04:23.003538,SW6,114.3905060773227,87.81295753753183,47.04104725482899,0.4370942647963824,0,0
2025-12-28 19:05:23.003538,R1,40.87784498483315,100.01663477058617,28.342284799480066,0.44828756884415444,0,0
2025-12-28 19:06:23.003538,APP8,54.73651141237139,58.36288446540726,36.48174009045693,0.98179807705277,0,0
2025-12-28 19:07:23.003538,SW6,78.95665459396761,72.12805634913417,21.357710318131502,0.8098181997139957,0,0
2025-12-28 19:08:23.003538,SW3,77.54413019235483,58.36181630130358,32.58971137306411,0.4037393461022767,0,0
2025-12-28 19:09:23.003538,APP11,81.10264089763105,57.56147354062186,23.35797550014058,0.8817045176168153,0,0
2025-12-28 19:10:23.003538,FW2,60.86578620909375,113.08262381443299,27.702246932271997,0.43637158938790477,0,0
2025-12-28 19:11:23.003538,SW9,109.5360067130527,103.12987033734707,31.456371407408565,0.8077249683562611,0,0
2025-12-28 19:12:23.003538,APP5,89.70350562568582,50.385998587807464,37.4686370371083,0.323901168346929,0,0
2025-12-28 19:13:23.003538,R1,110.63504689585287,33.699785647805406,29.758937456657403,0.7092049259547245,0,0
2025-12-28 19:14:23.003538,FW3,86.59272495434153,99.97566776699286,25.36097342974408,0.46483787896412543,0,0
2025-12-28 19:15:23.003538,APP12,60.95633421314051,83.13380982064454,47.76854086892779,0.27819726792454674,0,0
2025-12-28 19:16:23.003538,APP5,68.03112452243572,95.30842220249113,30.95556849170238,0.4775510806788012,0,0
2025-12-28 19:17:23.003538,FW2,69.89494620181738,61.03973271026683,23.996374401843088,0.5171578016928273,0,0
2025-12-28 19:18:23.003538,APP1,94.40905474793887,82.62459149614968,17.646177136489634,0.6373479436569711,0,0
2025-12-28 19:19:23.003538,DB3,227.2988193378468,449.4635473715462,120.25954493124664,3.6221115066052105,2,1
2025-12-28 19:20:23.003538,APP1,67.14950522448862,68.8602074711171,23.653323716264666,0.4409045058893812,0,0
2025-12-28 19:21:23.003538,FW2,105.97364517589071,79.23735683817722,28.341957510223452,0.4271273683295302,0,0
2025-12-28 19:22:23.003538,SW3,65.01120055241987,51.04978781203175,20.040427165423864,0.5913726327508376,0,0
2025-12-28 19:23:23.003538,APP4,57.030734916198334,63.516218460941694,23.461697453589537,0.20012524345934563,0,0
2025-12-28 19:24:23.003538,APP14,100.36595614416751,84.13077806004264,19.39601425673749,0.3507177788568982,0,0
2025-12-28 19:25:23.003538,R3,75.10117695889714,69.25839324402625,14.211083675452468,0.4511502282775943,0,0
2025-12-28 19:26:23.003538,R2,87.80930210844703,87.26983850977633,27.02945221247586,0.31523228336596,0,0
2025-12-28 19:27:23.003538,APP9,91.16045637838455,36.923052828607304,22.872920017358243,0.45598581182529113,0,0
2025-12-28 19:28:23.003538,SW8,87.68349865516,47.94271204524949,42.87543848722143,0.48787235656158795,0,0
2025-12-28 19:29:23.003538,APP3,131.6492932054246,36.017388571817726,11.804836278131223,0.6482323953665644,0,0
2025-12-28 19:30:23.003538,SW4,73.52292053388068,95.30392361757977,20.21389490477134,0.2209504769447212,0,0
2025-12-28 19:31:23.003538,R3,77.69423039259377,54.11466762458298,15.289771784450691,0.41857699756707306,0,0
2025-12-28 19:32:23.003538,APP10,93.026764941474,63.24550744385877,18.903911100727342,0.5236696750924426,0,0
2025-12-28 19:33:23.003538,APP13,65.76286624946023,69.69237796388127,18.186825357228415,0.27336886409149197,0,0
2025-12-28 19:34:23.003538,DB2,85.15898224363588,67.08625584478575,20.723899213948982,0.5693873331520187,0,0
2025-12-28 19:35:23.003538,SW6,71.94318710784113,83.20339079810206,26.902138014764347,0.4151052107819349,0,0
2025-12-28 19:36:23.003538,APP9,57.31827573519516,64.90177726502374,33.3172262206167,0.18972070853469092,0,0
2025-12-28 19:37:23.003538,APP2,92.20359957632269,56.1618088622595,-4.519790801294349,0.42842530045576654,0,0
2025-12-28 19:38:23.003538,DB4,52.22556412498154,56.67330584328426,21.91928916079085,0.27478108994459916,0,0
2025-12-28 19:39:23.003538,APP10,434.71119432244785,249.66140291801582,172.21297526763342,3.4158191503311324,2,1
2025-12-28 19:40:23.003538,FW1,436.7574442828667,381.8995993569357,78.9614643291093,2.4667929954539924,1,1
2025-12-28 19:41:23.003538,APP5,69.28800964418355,65.50188889274168,26.47932847619391,0.39530267714202943,0,0
2025-12-28 19:42:23.003538,APP1,96.56749924734045,74.34533523681381,24.654594626014614,0.4934652145283631,0,0
2025-12-28 19:43:23.003538,APP12,78.20667143352608,115.3482350496082,24.222683050718818,0.3727143944230772,0,0
2025-12-28 19:44:23.003538,APP7,82.4852405560765,82.41355417065084,28.27505245264642,0.7437129247499519,0,0
2025-12-28 19:45:23.003538,APP3,56.23193250863841,103.09316913149868,29.348278191495933,0.4364363744871844,0,0
2025-12-28 19:46:23.003538,APP2,65.05460271566622,62.927643047229,15.824849073469636,0.4387388255629073,0,0
2025-12-28 19:47:23.003538,APP5,75.1486949114105,76.5688653509231,23.63421304877198,0.5460266743392508,0,0
2025-12-28 19:48:23.003538,SW4,73.95132390178235,100.18406434162057,18.408215857629852,0.49299706242182445,0,0
2025-12-28 19:49:23.003538,APP9,79.86706058984377,24.552842159681454,15.655058268386346,0.4716285917663728,0,0
2025-12-28 19:50:23.003538,DB4,77.98309739544524,90.67859742299844,28.793642295112697,0.6977579112799752,0,0
2025-12-28 19:51:23.003538,APP11,63.174908521240646,107.3190166623888,8.413514206206347,0.6915963512212955,0,0
2025-12-28 19:52:23.003538,FW2,98.54493314160115,59.439224869412975,13.520067419237593,0.8864805403049308,0,0
2025-12-28 19:53:23.003538,SW7,71.34044119144778,64.35410783349182,33.274268096895184,0.26601171241682353,0,0
2025-12-28 19:54:23.003538,SW8,87.6730072835604,94.08716626672242,34.63469091705427,0.21691987598824763,0,0
2025-12-28 19:55:23.003538,FW2,77.80076107337655,80.7099198759579,16.761998842759983,0.3752773186219082,0,0
2025-12-28 19:56:23.003538,APP1,83.21764957966907,82.81398498949453,24.253984915924725,0.5396350155233103,0,0
2025-12-28 19:57:23.003538,SW8,65.0198987350745,74.9104332734628,35.40884239188775,0.9770890771645657,0,0
2025-12-28 19:58:23.003538,APP13,78.07732736777167,87.00242294111139,25.34523983111836,0.6238965138879594,0,0
2025-12-28 19:59:23.003538,APP13,96.51034201594398,69.54541516858333,30.84574651818552,0.4032804666042091,0,0
2025-12-28 20:00:23.003538,APP15,81.22258307986523,72.53180311444056,14.284016799640728,0.4160723213658533,0,0
2025-12-28 20:01:23.003538,FW1,38.51237285950834,70.3826544553036,32.06738982629704,0.3408083325401109,0,0
2025-12-28 20:02:23.003538,R3,83.07395070584688,56.50407012731763,19.085732125367407,0.4575810256411364,0,0
2025-12-28 20:03:23.003538,SW8,80.41282694053537,83.69663551720114,31.333175172117606,0.6311929010019085,0,0
2025-12-28 20:04:23.003538,R3,110.04199149908516,85.29720962697206,19.40928583494383,0.6132860255788681,0,0
2025-12-28 20:05:23.003538,APP13,248.80331968872918,314.4285597003006,56.17589353280884,0.7796345397298845,3,1
2025-12-28 20:06:23.003538,DB1,79.80966825620229,70.66045093060221,6.130104415226096,0.5321655571089834,0,0
2025-12-28 20:07:23.003538,APP1,98.24752932290882,58.51994937172889,14.870522650436335,0.39171101590065793,0,0
2025-12-28 20:08:23.003538,SW8,85.70573586997301,94.79161117785225,11.878830249613783,0.6510969013722806,0,0
2025-12-28 20:09:23.003538,SW9,89.67212892675826,83.66345462431221,18.61343883833757,0.6408657085138625,0,0
2025-12-28 20:10:23.003538,DB2,67.04566908255856,96.0735681424797,26.12075155982697,0.44513325654131675,0,0
2025-12-28 20:11:23.003538,SW1,78.61437219780984,100.8240327700593,28.278090369638452,0.8114452780588637,0,0
2025-12-28 20:12:23.003538,APP14,125.4872039189778,71.80922615630618,24.183965819417143,0.395228778323394,0,0
2025-12-28 20:13:23.003538,APP11,89.27548859811672,48.93127098866054,34.758460356922235,0.3883493783405806,0,0
2025-12-28 20:14:23.003538,SW1,115.35970268590538,61.13967398430289,17.62905037696922,0.1637424588933123,0,0
2025-12-28 20:15:23.003538,SW10,298.796372433796,336.531194518367,83.15949600526531,3.367326627670433,3,1
2025-12-28 20:16:23.003538,R3,85.0231548316581,50.69355780299968,27.604495371371748,0.3270482234396536,0,0
2025-12-28 20:17:23.003538,APP14,89.15253563165999,117.95148530491458,23.429490051596503,0.6959080550681737,0,0
2025-12-28 20:18:23.003538,APP4,95.46461257909485,116.35844433432922,31.304871633165206,0.5096821961913346,0,0
2025-12-28 20:19:23.003538,APP12,67.17859313321631,84.65277739247401,28.44334826912977,0.6648313747808049,0,0
2025-12-28 20:20:23.003538,SW3,109.8826638036831,77.57249536400776,17.589038899818256,0.6383146838056658,0,0
2025-12-28 20:21:23.003538,SW10,107.02540063544791,53.88988289665336,27.59735429546528,0.28899588075606886,0,0
2025-12-28 20:22:23.003538,DB4,11.716481079895658,54.55577246249089,17.008337257487085,0.7940747940954103,0,0
2025-12-28 20:23:23.003538,SW2,31.27828111967601,62.024944114644136,16.030272597609816,0.5548698785953821,0,0
2025-12-28 20:24:23.003538,APP7,91.9017200455644,88.16730413527034,24.350615071198202,0.5342209254101525,0,0
2025-12-28 20:25:23.003538,APP10,108.88407371963193,96.62113287554499,19.70239465896197,0.6704804851770623,0,0
